"Title","Gross Value Added - Monthly (Index 1dp) :CVM SA","Agriculture, Forestry and Fishing (Index 1dp) :CVM SA","Production Industries - Total (Index 1dp) :CVM SA","Mining and Quarrying (Index 1dp) :CVM SA","Manufacturing (Index 1dp) :CVM SA","Electricity, gas, steam and air conditioning supply(Index 1dp) :CVM SA","Water supply; Sewerage,waste management & remediation activities (Index 1dp) :CVM SA","Construction (Index 1dp) :CVM SA","Service Industries - Total (Index 1dp) :CVM SA","Wholesale & retail trade; Repair of motor vehicles/cycles (Index 1dp) :CVM SA","Transportation and Storage (Index 1dp) :CVM SA","Accommodation and food service activities (Index 1dp) :CVM SA","Information and communication (Index 1dp) :CVM SA","Financial and insurance activities (Index 1dp) :CVM SA","Real estate activities (Index 1dp) :CVM SA","Professional, scientific and technical activities (Index 1dp) :CVM SA","Administrative and Support Service Activities (Index 1dp) :CVM SA","Public admin and defence; Compulsory social security (Index 1dp) :CVM SA","Education (Index 1dp) :CVM SA","Human health and social work activities (Index 1dp) :CVM SA","Arts, Entertainment and Recreation (Index 1dp) :CVM SA ","Other service activities (Index 1dp) :CVM SA","Activities of housholds as employers;Undiff goods & services (Index 1dp) :CVM SA","Gross Value Added - Monthly (period on period growth) :CVM SA","Agriculture, Forestry and Fishing (period on period growth) :CVM SA","Production Industries - Total (period on period growth) :CVM SA","Mining and Quarrying (period on period growth) :CVM SA","Manufacturing (period on period growth) :CVM SA","Electricity, gas, steam and air conditioning supply(period on period growth) :CVM SA","Water supply; Sewerage,waste management & remediation activities (period on period growth) :CVM SA","Construction (period on period growth) :CVM SA","Service Industries - Total (period on period growth) :CVM SA","Wholesale & retail trade; Repair of motor vehicles/cycles (period on period growth) :CVM SA","Transportation and Storage (period on period growth) :CVM SA","Accommodation and food service activities (period on period growth) :CVM SA","Information and communication (period on period growth) :CVM SA","Financial and insurance activities (period on period growth) :CVM SA","Real estate activities (period on period growth) :CVM SA","Professional, scientific and technical activities (period on period growth) :CVM SA","Administrative and Support Service Activities (period on period growth) :CVM SA","Public admin and defence; Compulsory social security (period on period growth) :CVM SA","Education (period on period growth) :CVM SA","Human health and social work activities (period on period growth) :CVM SA","Arts, Entertainment and Recreation (period on period growth) :CVM SA ","Other service activities (period on period growth) :CVM SA","Activities of housholds as employers;Undiff goods & services (period on period growth) :CVM SA","Gross Value Added - Monthly (period on period 1 year ago growth ) :CVM SA","Agriculture, Forestry and Fishing (period on period 1 year ago growth) :CVM SA","Production Industries - Total (period on period 1 year ago growth) :CVM SA","Mining and Quarrying (period on period 1 year ago growth) :CVM SA","Manufacturing (period on period 1 year ago growth) :CVM SA","Electricity, gas, steam and air conditioning supply(period on period 1 year ago growth) :CVM SA","Water supply; Sewerage,waste management & remediation activities (period on period 1 year ago growth) :CVM SA","Construction (period on period 1 year ago growth) :CVM SA","Service Industries - Total (period on period 1 year ago growth) :CVM SA","Wholesale & retail trade; Repair of motor vehicles/cycles (period on period 1 year ago growth) :CVM SA","Transportation and Storage (period on period 1 year ago growth) :CVM SA","Accommodation and food service activities (period on period 1 year ago growth) :CVM SA","Information and communication (period on period 1 year ago growth) :CVM SA","Financial and insurance activities (period on period 1 year ago growth) :CVM SA","Real estate activities (period on period 1 year ago growth) :CVM SA","Professional, scientific and technical activities (period on period 1 year ago growth) :CVM SA","Administrative and Support Service Activities (period on period 1 year ago growth) :CVM SA","Public admin and defence; Compulsory social security (period on period 1 year ago growth) :CVM SA","Education (period on period 1 year ago growth) :CVM SA","Human health and social work activities (period on period 1 year ago growth) :CVM SA","Arts, Entertainment and Recreation (period on period 1 year ago growth) :CVM SA ","Other service activities (period on period 1 year ago growth) :CVM SA","Activities of housholds as employers;Undiff goods & services (period on period 1 year ago growth) :CVM SA","Gross Value Added - Monthly (3 month on 3 month growth) :CVM SA","Agriculture, Forestry and Fishing (3 month on 3 month growth) :CVM SA","Production Industries - Total (3 month on 3 month growth) :CVM SA","Mining and Quarrying (3 month on 3 month growth) :CVM SA","Manufacturing (3 month on 3 month growth) :CVM SA","Electricity, gas, steam and air conditioning supply(3 month on 3 month growth) :CVM SA","Water supply; Sewerage,waste management & remediation activities (3 month on 3 month growth) :CVM SA","Construction (3 month on 3 month growth) :CVM SA","Service Industries - Total (3 month on 3 month growth) :CVM SA","Wholesale & retail trade; Repair of motor vehicles/cycles (3 month on 3 month growth) :CVM SA","Transportation and Storage (3 month on 3 month growth) :CVM SA","Accommodation and food service activities (3 month on 3 month growth) :CVM SA","Information and communication (3 month on 3 month growth) :CVM SA","Financial and insurance activities (3 month on 3 month growth) :CVM SA","Real estate activities (3 month on 3 month growth) :CVM SA","Professional, scientific and technical activities (3 month on 3 month growth) :CVM SA","Administrative and Support Service Activities (3 month on 3 month growth) :CVM SA","Public admin and defence; Compulsory social security (3 month on 3 month growth) :CVM SA","Education (3 month on 3 month growth) :CVM SA","Human health and social work activities (3 month on 3 month growth) :CVM SA","Arts, Entertainment and Recreation (3 month on 3 month growth) :CVM SA ","Other service activities (3 month on 3 month growth) :CVM SA","Activities of housholds as employers;Undiff goods & services (3 month on 3 month growth) :CVM SA","Gross Value Added - Monthly (3m on 3m 1 year ago growth) :CVM SA","Agriculture, Forestry and Fishing (3m on 3m 1 year ago growth) :CVM SA","Production Industries - Total (3m on 3m 1 year ago growth) :CVM SA","Mining and Quarrying (3m on 3m 1 year ago growth) :CVM SA","Manufacturing (3m on 3m 1 year ago growth) :CVM SA","Electricity, gas, steam and air conditioning supply(3m on 3m 1 year ago growth) :CVM SA","Water supply; Sewerage,waste management & remediation activities (3m on 3m 1 year ago growth) :CVM SA","Construction (3m on 3m 1 year ago growth) :CVM SA","Service Industries - Total (3m on 3m 1 year ago growth) :CVM SA","Wholesale & retail trade; Repair of motor vehicles/cycles (3m on 3m 1 year ago growth) :CVM SA","Transportation and Storage (3m on 3m 1 year ago growth) :CVM SA","Accommodation and food service activities (3m on 3m 1 year ago growth) :CVM SA","Information and communication (3m on 3m 1 year ago growth) :CVM SA","Financial and insurance activities (3m on 3m 1 year ago growth) :CVM SA","Real estate activities (3m on 3m 1 year ago growth) :CVM SA","Professional, scientific and technical activities (3m on 3m 1 year ago growth) :CVM SA","Administrative and Support Service Activities (3m on 3m 1 year ago growth) :CVM SA","Public admin and defence; Compulsory social security (3m on 3m 1 year ago growth) :CVM SA","Education (3m on 3m 1 year ago growth) :CVM SA","Human health and social work activities (3m on 3m 1 year ago growth) :CVM SA","Arts, Entertainment and Recreation (3m on 3m 1 year ago growth) :CVM SA ","Other service activities (3m on 3m 1 year ago growth) :CVM SA","Activities of housholds as employers;Undiff goods & services (3m on 3m 1 year ago growth) :CVM SA","Gross Value Added - Monthly (period on period contribution) :CVM SA","Agriculture, Forestry and Fishing (period on period contribution) :CVM SA","Production Industries - Total (period on period contribution) :CVM SA","Mining and Quarrying (period on period contribution) :CVM SA","Manufacturing (period on period contribution) :CVM SA","Electricity, gas, steam and air conditioning supply(period on period contribution) :CVM SA","Water supply; Sewerage,waste management & remediation activities (period on period contribution) :CVM SA","Construction (period on period contribution) :CVM SA","Service Industries - Total (period on period contribution) :CVM SA","Wholesale & retail trade; Repair of motor vehicles/cycles (period on period contribution) :CVM SA","Transportation and Storage (period on period contribution) :CVM SA","Accommodation and food service activities (period on period contribution) :CVM SA","Information and communication (period on period contribution) :CVM SA","Financial and insurance activities (period on period contribution) :CVM SA","Real estate activities (period on period contribution) :CVM SA","Professional, scientific and technical activities (period on period contribution) :CVM SA","Administrative and Support Service Activities (period on period contribution) :CVM SA","Public admin and defence; Compulsory social security (period on period contribution) :CVM SA","Education (period on period contribution) :CVM SA","Human health and social work activities (period on period contribution) :CVM SA","Arts, Entertainment and Recreation (period on period contribution) :CVM SA ","Other service activities (period on period contribution) :CVM SA","Activities of housholds as employers;Undiff goods & services (period on period contribution) :CVM SA","Gross Value Added - Monthly (period on period 1 year ago contribution ) :CVM SA","Agriculture, Forestry and Fishing (period on period 1 year ago contribution ) :CVM SA","Production Industries - Total (period on period 1 year ago contribution ) :CVM SA","Mining and Quarrying (period on period 1 year ago contribution ) :CVM SA","Manufacturing (period on period 1 year ago contribution ) :CVM SA","Electricity, gas, steam and air conditioning supply(period on period 1 year ago contribution ) :CVM SA","Water supply; Sewerage,waste management & remediation activities (period on period 1 year ago contribution ) :CVM SA","Construction (period on period 1 year ago contribution ) :CVM SA","Service Industries - Total (period on period 1 year ago contribution ) :CVM SA","Wholesale & retail trade; Repair of motor vehicles/cycles (period on period 1 year ago contribution ) :CVM SA","Transportation and Storage (period on period 1 year ago contribution ) :CVM SA","Accommodation and food service activities (period on period 1 year ago contribution ) :CVM SA","Information and communication (period on period 1 year ago contribution ) :CVM SA","Financial and insurance activities (period on period 1 year ago contribution ) :CVM SA","Real estate activities (period on period 1 year ago contribution ) :CVM SA","Professional, scientific and technical activities (period on period 1 year ago contribution ) :CVM SA","Administrative and Support Service Activities (period on period 1 year ago contribution ) :CVM SA","Public admin and defence; Compulsory social security (period on period 1 year ago contribution ) :CVM SA","Education (period on period 1 year ago contribution ) :CVM SA","Human health and social work activities (period on period 1 year ago contribution ) :CVM SA","Arts, Entertainment and Recreation (period on period 1 year ago contribution ) :CVM SA ","Other service activities (period on period 1 year ago contribution ) :CVM SA","Activities of housholds as employers;Undiff goods & services (period on period 1 year ago contribution ) :CVM SA","Gross Value Added - Monthly (3 month on 3 month contribution) :CVM SA","Agriculture, Forestry and Fishing (3 month on 3 month contribution) :CVM SA","Production Industries - Total (3 month on 3 month contribution) :CVM SA","Mining and Quarrying (3 month on 3 month contribution) :CVM SA","Manufacturing (3 month on 3 month contribution) :CVM SA","Electricity, gas, steam and air conditioning supply(3 month on 3 month contribution) :CVM SA","Water supply; Sewerage,waste management & remediation activities (3 month on 3 month contribution) :CVM SA","Construction (3 month on 3 month contribution) :CVM SA","Service Industries - Total (3 month on 3 month contribution) :CVM SA","Wholesale & retail trade; Repair of motor vehicles/cycles (3 month on 3 month contribution) :CVM SA","Transportation and Storage (3 month on 3 month contribution) :CVM SA","Accommodation and food service activities (3 month on 3 month contribution) :CVM SA","Information and communication (3 month on 3 month contribution) :CVM SA","Financial and insurance activities (3 month on 3 month contribution) :CVM SA","Real estate activities (3 month on 3 month contribution) :CVM SA","Professional, scientific and technical activities (3 month on 3 month contribution) :CVM SA","Administrative and Support Service Activities (3 month on 3 month contribution) :CVM SA","Public admin and defence; Compulsory social security (3 month on 3 month contribution) :CVM SA","Education (3 month on 3 month contribution) :CVM SA","Human health and social work activities (3 month on 3 month contribution) :CVM SA","Arts, Entertainment and Recreation (3 month on 3 month contribution) :CVM SA ","Other service activities (3 month on 3 month contribution) :CVM SA","Activities of housholds as employers;Undiff goods & services (3 month on 3 month contribution) :CVM SA","Gross Value Added - Monthly (3m on 3m 1 year ago contribution) :CVM SA","Agriculture, Forestry and Fishing (3m on 3m 1 year ago contribution) :CVM SA","Production Industries - Total (3m on 3m 1 year ago contribution) :CVM SA","Mining and Quarrying (3m on 3m 1 year ago contribution) :CVM SA","Manufacturing (3m on 3m 1 year ago contribution) :CVM SA","Electricity, gas, steam and air conditioning supply(3m on 3m 1 year ago contribution) :CVM SA","Water supply; Sewerage,waste management & remediation activities (3m on 3m 1 year ago contribution) :CVM SA","Construction (3m on 3m 1 year ago contribution) :CVM SA","Service Industries - Total (3m on 3m 1 year ago contribution) :CVM SA","Wholesale & retail trade; Repair of motor vehicles/cycles (3m on 3m 1 year ago contribution) :CVM SA","Transportation and Storage (3m on 3m 1 year ago contribution) :CVM SA","Accommodation and food service activities (3m on 3m 1 year ago contribution) :CVM SA","Information and communication (3m on 3m 1 year ago contribution) :CVM SA","Financial and insurance activities (3m on 3m 1 year ago contribution) :CVM SA","Real estate activities (3m on 3m 1 year ago contribution) :CVM SA","Professional, scientific and technical activities (3m on 3m 1 year ago contribution) :CVM SA","Administrative and Support Service Activities (3m on 3m 1 year ago contribution) :CVM SA","Public admin and defence; Compulsory social security (3m on 3m 1 year ago contribution) :CVM SA","Education (3m on 3m 1 year ago contribution) :CVM SA","Human health and social work activities (3m on 3m 1 year ago contribution) :CVM SA","Arts, Entertainment and Recreation (3m on 3m 1 year ago contribution) :CVM SA ","Other service activities (3m on 3m 1 year ago contribution) :CVM SA","Activities of housholds as employers;Undiff goods & services (3m on 3m 1 year ago contribution) :CVM SA"
"CDID","ECY2","ECY3","ECY4","ECY5","ECY6","ECY7","ECY8","ECY9","ECYC","ECYD","ECYG","ECYH","ECYI","ECYJ","ECYK","ECYL","ECYP","ECYQ","ECYR","ECYS","ECYT","ECYU","ECYV","ECYX","ECYY","ECYZ","ECZ2","ECZA","ECZC","ECZD","ECZE","ECZG","ECZK","ECZN","ECZT","ECZU","ED2G","ED2H","ED2I","ED2J","ED2K","ED2L","ED2M","ED2N","ED2O","ED2P","ED2R","ED2S","ED2T","ED2U","ED2V","ED2W","ED2X","ED2Y","ED2Z","ED32","ED33","ED34","ED35","ED36","ED37","ED38","ED39","ED3A","ED3B","ED3C","ED3D","ED3E","ED3F","ED3H","ED3I","ED3J","ED3K","ED3L","ED3M","ED3N","ED3O","ED3P","ED3Q","ED3R","ED3S","ED3T","ED3U","ED3V","ED3W","ED3X","ED3Y","ED3Z","ED42","ED43","ED44","ED9R","ED9T","ED9U","ED9V","ED9W","EDGQ","EDGR","EDGS","EDGT","EDGU","EDGV","EDGW","EDGX","EDGY","EDGZ","EDHA","EDHB","EDHC","EDHD","EDHE","EDHF","EDHG","EDHH","EDHI","EDKH","EDKI","EDKJ","EDKK","EDKL","EDKM","EDKN","EDKO","EDKP","EDKQ","EDKR","EDKS","EDKT","EDKU","EDKV","EDKW","EDKX","EDKY","EDKZ","EDLA","EDLB","EDLC","EDLD","EDLE","EDLF","EDLG","EDLH","EDLI","EDLJ","EDLK","EDLL","EDLM","EDLN","EDLO","EDLP","EDLQ","EDLR","EDLS","EDLT","EDLU","EDLV","EDLW","EDLX","EDLY","EDLZ","EDMA","EDMB","EDMC","EDMD","EDME","EDMF","EDMG","EDMH","EDMI","EDMJ","EDMK","EDML","EDMM","EDMN","EDMO","EDMP","EDMQ","EDMR","EDMS","EDMT","EDMU","EDMV","EDMW","EDMX","EDMY","EDMZ","EDNA","EDNB","EDNC","EDND","EDNE","EDNF","EDNG","EDNH","EDNI","EDNJ","EDNK","EDNL","EDNM","EDNN","EDNO","EDNP","EDNQ","EDNR","EDNS","EDNT","EDNU"
"PreUnit","","","","","","","","","","","","","","","","","","","","","","","","","","","","","","","","","","","","","","","","","","","","","","","","","","","","","","","","","","","","","","","","","","","","","","","","","","","","","","","","","","","","","","","","","","","","","","","","","","","","","","","","","","","","","","","","","","","","","","","","","","","","","","","","","","","","","","","","","","","","","","","","","","","","","","","","","","","","","","","","","","","","","","","","","","","","","","","","","","","","","","","","","","","","","","","","","","","","","","","","","","","","","","",""
"Unit","","","","","","","","","","","","","","","","","","","","","","","","","","","","","","","","","","","","","","","","","","","","","","","","","","","","","","","","","","","","","","","","","","","","","","","","","","","","","","","","","","","","","","","","","","","","","","","","","","","","","","","","","","","","","","","","","","","","","","","","","","","","","","","","","","","","","","","","","","","","","","","","","","","","","","","","","","","","","","","","","","","","","","","","","","","","","","","","","","","","","","","","","","","","","","","","","","","","","","","","","","","","","","",""
"Release Date","12-06-2026","12-06-2026","12-06-2026","12-06-2026","12-06-2026","12-06-2026","12-06-2026","12-06-2026","12-06-2026","12-06-2026","12-06-2026","12-06-2026","12-06-2026","12-06-2026","12-06-2026","12-06-2026","12-06-2026","12-06-2026","12-06-2026","12-06-2026","12-06-2026","12-06-2026","12-06-2026","12-06-2026","12-06-2026","12-06-2026","12-06-2026","12-06-2026","12-06-2026","12-06-2026","12-06-2026","12-06-2026","12-06-2026","12-06-2026","12-06-2026","12-06-2026","12-06-2026","12-06-2026","12-06-2026","12-06-2026","12-06-2026","12-06-2026","12-06-2026","12-06-2026","12-06-2026","12-06-2026","12-06-2026","12-06-2026","12-06-2026","12-06-2026","12-06-2026","12-06-2026","12-06-2026","12-06-2026","12-06-2026","12-06-2026","12-06-2026","12-06-2026","12-06-2026","12-06-2026","12-06-2026","12-06-2026","12-06-2026","12-06-2026","12-06-2026","12-06-2026","12-06-2026","12-06-2026","12-06-2026","12-06-2026","12-06-2026","12-06-2026","12-06-2026","12-06-2026","12-06-2026","12-06-2026","12-06-2026","12-06-2026","12-06-2026","12-06-2026","12-06-2026","12-06-2026","12-06-2026","12-06-2026","12-06-2026","12-06-2026","12-06-2026","12-06-2026","12-06-2026","12-06-2026","12-06-2026","12-06-2026","12-06-2026","12-06-2026","12-06-2026","12-06-2026","12-06-2026","12-06-2026","12-06-2026","12-06-2026","12-06-2026","12-06-2026","12-06-2026","12-06-2026","12-06-2026","12-06-2026","12-06-2026","12-06-2026","12-06-2026","12-06-2026","12-06-2026","12-06-2026","12-06-2026","12-06-2026","12-06-2026","12-06-2026","12-06-2026","12-06-2026","12-06-2026","12-06-2026","12-06-2026","12-06-2026","12-06-2026","12-06-2026","12-06-2026","12-06-2026","12-06-2026","12-06-2026","12-06-2026","12-06-2026","12-06-2026","12-06-2026","12-06-2026","12-06-2026","12-06-2026","12-06-2026","12-06-2026","12-06-2026","12-06-2026","12-06-2026","12-06-2026","12-06-2026","12-06-2026","12-06-2026","12-06-2026","12-06-2026","12-06-2026","12-06-2026","12-06-2026","12-06-2026","12-06-2026","12-06-2026","12-06-2026","12-06-2026","12-06-2026","12-06-2026","12-06-2026","12-06-2026","12-06-2026","12-06-2026","12-06-2026","12-06-2026","12-06-2026","12-06-2026","12-06-2026","12-06-2026","12-06-2026","12-06-2026","12-06-2026","12-06-2026","12-06-2026","12-06-2026","12-06-2026","12-06-2026","12-06-2026","12-06-2026","12-06-2026","12-06-2026","12-06-2026","12-06-2026","12-06-2026","12-06-2026","12-06-2026","12-06-2026","12-06-2026","12-06-2026","12-06-2026","12-06-2026","12-06-2026","12-06-2026","12-06-2026","12-06-2026","12-06-2026","12-06-2026","12-06-2026","12-06-2026","12-06-2026","12-06-2026","12-06-2026","12-06-2026","12-06-2026","12-06-2026","12-06-2026","12-06-2026","12-06-2026","12-06-2026","12-06-2026"
"Next release","16 July 2026","16 July 2026","16 July 2026","16 July 2026","16 July 2026","16 July 2026","16 July 2026","16 July 2026","16 July 2026","16 July 2026","16 July 2026","16 July 2026","16 July 2026","16 July 2026","16 July 2026","16 July 2026","16 July 2026","16 July 2026","16 July 2026","16 July 2026","16 July 2026","16 July 2026","16 July 2026","16 July 2026","16 July 2026","16 July 2026","16 July 2026","16 July 2026","16 July 2026","16 July 2026","16 July 2026","16 July 2026","16 July 2026","16 July 2026","16 July 2026","16 July 2026","16 July 2026","16 July 2026","16 July 2026","16 July 2026","16 July 2026","16 July 2026","16 July 2026","16 July 2026","16 July 2026","16 July 2026","16 July 2026","16 July 2026","16 July 2026","16 July 2026","16 July 2026","16 July 2026","16 July 2026","16 July 2026","16 July 2026","16 July 2026","16 July 2026","16 July 2026","16 July 2026","16 July 2026","16 July 2026","16 July 2026","16 July 2026","16 July 2026","16 July 2026","16 July 2026","16 July 2026","16 July 2026","16 July 2026","16 July 2026","16 July 2026","16 July 2026","16 July 2026","16 July 2026","16 July 2026","16 July 2026","16 July 2026","16 July 2026","16 July 2026","16 July 2026","16 July 2026","16 July 2026","16 July 2026","16 July 2026","16 July 2026","16 July 2026","16 July 2026","16 July 2026","16 July 2026","16 July 2026","16 July 2026","16 July 2026","16 July 2026","16 July 2026","16 July 2026","16 July 2026","16 July 2026","16 July 2026","16 July 2026","16 July 2026","16 July 2026","16 July 2026","16 July 2026","16 July 2026","16 July 2026","16 July 2026","16 July 2026","16 July 2026","16 July 2026","16 July 2026","16 July 2026","16 July 2026","16 July 2026","16 July 2026","16 July 2026","16 July 2026","16 July 2026","16 July 2026","16 July 2026","16 July 2026","16 July 2026","16 July 2026","16 July 2026","16 July 2026","16 July 2026","16 July 2026","16 July 2026","16 July 2026","16 July 2026","16 July 2026","16 July 2026","16 July 2026","16 July 2026","16 July 2026","16 July 2026","16 July 2026","16 July 2026","16 July 2026","16 July 2026","16 July 2026","16 July 2026","16 July 2026","16 July 2026","16 July 2026","16 July 2026","16 July 2026","16 July 2026","16 July 2026","16 July 2026","16 July 2026","16 July 2026","16 July 2026","16 July 2026","16 July 2026","16 July 2026","16 July 2026","16 July 2026","16 July 2026","16 July 2026","16 July 2026","16 July 2026","16 July 2026","16 July 2026","16 July 2026","16 July 2026","16 July 2026","16 July 2026","16 July 2026","16 July 2026","16 July 2026","16 July 2026","16 July 2026","16 July 2026","16 July 2026","16 July 2026","16 July 2026","16 July 2026","16 July 2026","16 July 2026","16 July 2026","16 July 2026","16 July 2026","16 July 2026","16 July 2026","16 July 2026","16 July 2026","16 July 2026","16 July 2026","16 July 2026","16 July 2026","16 July 2026","16 July 2026","16 July 2026","16 July 2026","16 July 2026","16 July 2026","16 July 2026","16 July 2026","16 July 2026","16 July 2026","16 July 2026","16 July 2026","16 July 2026","16 July 2026","16 July 2026","16 July 2026","16 July 2026"
"Important Notes","","","","","","","","[The construction growth rates calculated from this release may have small differences to those in Construction Output in Great Britain releases, due to rounding differences. For the most accurate figure, please refer to the [Construction Output][1] release


  [1]: https://www.ons.gov.uk/businessindustryandtrade/constructionindustry/bulletins/constructionoutputingreatbritain/previousReleases]","","","","","","","","","","","","","","","","","","","","","","","","","","","","","","","","","","","","","","","","","","","","","","[The construction growth rates calculated from this release may have small differences to those in Construction Output in Great Britain releases, due to rounding differences. For the most accurate figure, please refer to the [Construction Output][1] release.


  [1]: https://www.ons.gov.uk/businessindustryandtrade/constructionindustry/bulletins/constructionoutputingreatbritain/previousReleases]","","","","","","","","","","","","","","","","","","","","","","","[The construction growth rates calculated from this release may have small differences to those in Construction Output in Great Britain releases, due to rounding differences. For the most accurate figure, please refer to the [Construction Output][1] release.


  [1]: https://www.ons.gov.uk/businessindustryandtrade/constructionindustry/bulletins/constructionoutputingreatbritain/previousReleases]","","","","","","","","","","","","","","","","","","","","","","","","","","","","","","","","","","","","","","","","","","","","","","","","","","","","","","","","","","","","","","","","","","","","","","","","","","","","","","","","","","","","","","","","","","","","","","","","","","","","","","","","","","","","","","","","","","","","","","","","","","","","","","","","","",""
"1997 JAN","61.6","45.8","85.7","591.6","58.0","237.9","103.9","81.6","57.2","88.4","71.4","81.4","6.5","76.2","62.5","41.4","49.9","80.5","94.2","68.3","81.5","96.2","129.2","","","","","","","","","","","","","","","","","","","","","","","","","","","","","","","","","","","","","","","","","","","","","","","","","","","","","","","","","","","","","","","","","","","","","","","","","","","","","","","","","","","","","","","","","","","","","","","","","","","","","","","","","","","","","","","","","","","","","","","","","","","","","","","","","","","","","","","","","","","","","","","","","","","","","","","","","","","","","","","","","","","","","","","","","","","","","","","","","","","","","","","",""
"1997 FEB","61.9","46.7","85.8","569.5","58.5","232.1","104.5","82.2","57.4","89.6","71.4","81.2","6.8","76.6","63.0","40.2","49.7","80.5","94.6","68.3","80.6","97.9","131.6","0.4","1.9","0.1","-3.7","0.8","-2.4","0.6","0.7","0.5","1.4","0.0","-0.2","3.5","0.4","0.7","-3.0","-0.5","0.1","0.4","0.0","-1.1","1.7","1.9","","","","","","","","","","","","","","","","","","","","","","","","","","","","","","","","","","","","","","","","","","","","","","","","","","","","","","","","","","","","","","","","","","","","","","0.42","0.02","0.03","-0.10","0.13","-0.04","0.01","0.03","0.34","0.16","0.00","-0.01","0.16","0.03","0.11","-0.16","-0.02","0.00","0.02","0.00","-0.01","0.02","0.00","","","","","","","","","","","","","","","","","","","","","","","","","","","","","","","","","","","","","","","","","","","","","","","","","","","","","","","","","","","","","","","","","","","","",""
"1997 MAR","61.8","47.4","84.5","549.7","57.8","222.6","105.2","83.0","57.5","90.7","70.8","81.2","6.7","75.8","63.1","40.9","49.2","80.5","94.4","68.3","83.1","98.2","130.7","-0.2","1.7","-1.5","-3.5","-1.2","-4.1","0.7","1.0","0.1","1.3","-0.9","-0.1","-0.7","-0.9","0.2","2.0","-0.9","0.0","-0.3","0.0","3.2","0.4","-0.7","","","","","","","","","","","","","","","","","","","","","","","","","","","","","","","","","","","","","","","","","","","","","","","","","","","","","","","","","","","","","","","","","","","","","","-0.15","0.02","-0.33","-0.09","-0.20","-0.06","0.01","0.05","0.10","0.14","-0.04","0.00","-0.04","-0.07","0.03","0.10","-0.03","0.00","-0.01","0.00","0.04","0.01","0.00","","","","","","","","","","","","","","","","","","","","","","","","","","","","","","","","","","","","","","","","","","","","","","","","","","","","","","","","","","","","","","","","","","","","",""
"1997 APR","62.6","48.5","86.5","548.1","59.2","231.7","106.6","84.7","58.0","94.3","72.8","81.8","6.7","76.0","63.3","40.3","48.9","81.0","93.9","68.9","84.0","98.6","130.1","1.2","2.2","2.3","-0.3","2.5","4.1","1.4","2.0","0.9","3.9","2.8","0.7","0.6","0.2","0.3","-1.7","-0.7","0.7","-0.4","0.8","1.0","0.4","-0.4","","","","","","","","","","","","","","","","","","","","","","","","","","","","","","","","","","","","","","","","","","","","","","","","","","","","","","","","","","","","","","","","","","","","","","1.24","0.03","0.50","-0.01","0.41","0.06","0.02","0.10","0.62","0.45","0.12","0.02","0.03","0.02","0.04","-0.09","-0.03","0.03","-0.02","0.04","0.01","0.01","0.00","","","","","","","","","","","","","","","","","","","","","","","","","","","","","","","","","","","","","","","","","","","","","","","","","","","","","","","","","","","","","","","","","","","","",""
"1997 MAY","62.1","49.0","85.8","540.8","58.6","240.0","106.0","85.1","57.5","88.3","73.2","81.5","6.9","75.1","63.3","40.5","49.0","81.0","92.8","69.1","85.8","94.7","129.1","-0.8","1.1","-0.8","-1.3","-1.1","3.6","-0.6","0.5","-1.0","-6.4","0.5","-0.4","2.5","-1.3","0.1","0.6","0.3","0.0","-1.3","0.4","2.2","-3.9","-0.8","","","","","","","","","","","","","","","","","","","","","","","","","","","","","","","","","","","","","","","","","","","","","","","","","","","","","","","","","","","","","","","","","","","","","","-0.84","0.01","-0.17","-0.03","-0.18","0.05","-0.01","0.02","-0.71","-0.76","0.02","-0.01","0.11","-0.10","0.02","0.03","0.01","0.00","-0.06","0.02","0.03","-0.05","0.00","","","","","","","","","","","","","","","","","","","","","","","","","","","","","","","","","","","","","","","","","","","","","","","","","","","","","","","","","","","","","","","","","","","","",""
"1997 JUN","62.5","49.5","86.1","540.1","58.8","240.2","105.9","84.7","58.0","92.1","73.3","81.2","7.0","76.0","63.3","40.8","49.4","80.9","92.7","69.4","83.6","94.0","131.2","0.8","0.9","0.4","-0.1","0.5","0.1","-0.1","-0.4","1.0","4.3","0.3","-0.4","1.4","1.3","0.0","0.8","0.7","-0.1","-0.1","0.4","-2.6","-0.7","1.7","","","","","","","","","","","","","","","","","","","","","","","","1.0","5.1","0.9","-4.8","1.4","2.8","1.6","3.1","0.8","2.2","2.6","0.3","3.4","-0.7","0.7","-0.7","-1.1","0.6","-1.4","1.2","3.3","-1.7","-0.3","","","","","","","","","","","","","","","","","","","","","","","","0.77","0.01","0.08","0.00","0.08","0.00","0.00","-0.02","0.69","0.48","0.01","-0.01","0.07","0.09","0.00","0.04","0.02","0.00","0.00","0.02","-0.03","-0.01","0.00","","","","","","","","","","","","","","","","","","","","","","","","0.97","0.06","0.20","-0.12","0.23","0.04","0.02","0.15","0.56","0.25","0.11","0.01","0.16","-0.05","0.11","-0.04","-0.04","0.03","-0.06","0.06","0.04","-0.02","0.00","","","","","","","","","","","","","","","","","","","","","","",""
"1997 JUL","62.8","49.9","87.7","561.1","59.8","245.1","106.2","84.3","58.1","91.6","74.4","80.5","7.0","76.7","63.0","41.7","49.8","81.0","94.0","69.6","79.0","91.5","123.4","0.4","0.9","1.8","3.9","1.6","2.1","0.2","-0.5","0.1","-0.5","1.4","-0.9","-0.6","0.9","-0.5","2.2","0.9","0.1","1.4","0.3","-5.6","-2.7","-5.9","","","","","","","","","","","","","","","","","","","","","","","","0.6","4.1","1.1","-1.5","1.0","5.7","0.6","1.7","0.3","-1.0","2.7","-0.4","3.4","-0.3","0.2","1.4","0.3","0.4","-1.2","1.3","0.3","-4.9","-2.2","","","","","","","","","","","","","","","","","","","","","","","","0.42","0.01","0.39","0.09","0.27","0.03","0.00","-0.03","0.06","-0.06","0.06","-0.02","-0.03","0.07","-0.08","0.11","0.03","0.01","0.06","0.01","-0.06","-0.04","-0.01","","","","","","","","","","","","","","","","","","","","","","","","0.58","0.05","0.24","-0.04","0.17","0.08","0.01","0.09","0.22","-0.11","0.12","-0.01","0.16","-0.02","0.03","0.07","0.01","0.02","-0.06","0.07","0.00","-0.07","0.00","","","","","","","","","","","","","","","","","","","","","","",""
"1997 AUG","62.8","50.2","86.5","551.6","58.9","243.3","108.1","84.0","58.3","92.4","75.3","80.5","7.1","76.5","62.7","41.7","51.2","80.7","95.0","69.6","75.5","92.9","126.5","0.0","0.7","-1.3","-1.7","-1.5","-0.7","1.8","-0.4","0.4","0.8","1.3","0.0","2.5","-0.3","-0.4","-0.1","2.7","-0.4","1.0","-0.1","-4.3","1.5","2.5","","","","","","","","","","","","","","","","","","","","","","","","0.9","3.2","1.4","0.9","1.2","4.9","0.7","0.1","0.8","1.0","2.9","-0.9","3.7","1.0","-0.3","2.0","2.2","0.1","0.2","1.1","-5.8","-4.5","-2.2","","","","","","","","","","","","","","","","","","","","","","","","0.03","0.01","-0.28","-0.04","-0.25","-0.01","0.02","-0.02","0.31","0.09","0.06","0.00","0.12","-0.02","-0.06","-0.01","0.09","-0.02","0.05","0.00","-0.05","0.02","0.00","","","","","","","","","","","","","","","","","","","","","","","","0.91","0.04","0.30","0.02","0.19","0.07","0.01","0.01","0.57","0.12","0.13","-0.02","0.17","0.07","-0.05","0.10","0.08","0.00","0.01","0.06","-0.07","-0.06","0.00","","","","","","","","","","","","","","","","","","","","","","",""
"1997 SEP","63.0","50.6","87.1","547.8","59.5","240.9","107.3","84.4","58.4","93.1","75.3","81.4","7.4","73.3","62.3","42.6","50.8","80.1","95.6","69.7","75.2","96.6","127.7","0.3","0.8","0.7","-0.7","1.1","-1.0","-0.7","0.5","0.2","0.8","0.0","1.2","4.2","-4.1","-0.7","2.1","-0.8","-0.8","0.7","0.2","-0.5","4.0","0.9","","","","","","","","","","","","","","","","","","","","","","","","0.8","2.6","1.1","1.9","0.9","2.5","0.9","-0.7","0.7","0.9","2.6","-0.9","4.3","-0.3","-1.0","3.6","3.0","-0.5","1.8","0.7","-9.4","-2.2","-3.3","","","","","","","","","","","","","","","","","","","","","","","","0.28","0.01","0.14","-0.02","0.18","-0.01","-0.01","0.03","0.11","0.09","0.00","0.03","0.20","-0.31","-0.11","0.11","-0.03","-0.04","0.03","0.01","0.00","0.05","0.00","","","","","","","","","","","","","","","","","","","","","","","","0.77","0.03","0.25","0.05","0.16","0.04","0.01","-0.03","0.53","0.10","0.11","-0.02","0.20","-0.02","-0.15","0.18","0.11","-0.02","0.08","0.04","-0.11","-0.03","-0.01","","","","","","","","","","","","","","","","","","","","","","",""
"1997 OCT","63.4","51.2","88.3","563.8","60.5","244.5","104.5","85.7","58.6","92.4","78.1","83.0","7.7","70.9","62.2","43.1","50.7","79.6","96.2","70.1","78.3","94.7","125.8","0.7","1.1","1.4","2.9","1.5","1.5","-2.7","1.6","0.4","-0.7","3.7","2.0","3.9","-3.3","-0.1","1.2","-0.2","-0.6","0.6","0.5","4.1","-1.9","-1.5","","","","","","","","","","","","","","","","","","","","","","","","1.0","2.5","0.9","1.3","1.0","0.5","0.6","0.0","1.0","2.2","3.6","0.7","6.8","-3.1","-1.3","3.5","2.9","-1.1","2.6","0.6","-7.8","1.4","-1.0","","","","","","","","","","","","","","","","","","","","","","","","0.66","0.01","0.31","0.07","0.26","0.02","-0.03","0.08","0.26","-0.08","0.16","0.05","0.20","-0.24","-0.02","0.06","-0.01","-0.03","0.03","0.03","0.04","-0.03","0.00","","","","","","","","","","","","","","","","","","","","","","","","0.97","0.03","0.20","0.03","0.16","0.01","0.01","0.00","0.74","0.25","0.16","0.02","0.33","-0.23","-0.20","0.18","0.10","-0.06","0.12","0.03","-0.09","0.02","0.00","","","","","","","","","","","","","","","","","","","","","","",""
"1997 NOV","63.6","52.0","88.5","547.7","60.9","243.6","103.5","87.0","58.7","91.0","80.1","84.4","8.0","71.1","62.0","41.9","51.0","80.1","96.1","70.3","80.9","99.0","124.7","0.3","1.6","0.2","-2.9","0.7","-0.4","-1.0","1.5","0.2","-1.5","2.6","1.7","3.6","0.2","-0.2","-2.7","0.7","0.6","-0.2","0.3","3.4","4.6","-0.9","","","","","","","","","","","","","","","","","","","","","","","","1.0","2.8","1.4","0.4","1.8","0.0","-1.6","1.6","0.8","0.2","4.7","2.8","9.7","-6.0","-1.3","2.7","1.4","-1.2","2.2","0.7","-1.6","4.3","-0.8","","","","","","","","","","","","","","","","","","","","","","","","0.28","0.02","0.04","-0.07","0.11","-0.01","-0.01","0.07","0.16","-0.17","0.12","0.04","0.19","0.02","-0.03","-0.14","0.03","0.03","-0.01","0.01","0.04","0.06","0.00","","","","","","","","","","","","","","","","","","","","","","","","0.98","0.03","0.30","0.01","0.31","0.00","-0.02","0.08","0.56","0.02","0.21","0.07","0.47","-0.45","-0.20","0.14","0.05","-0.06","0.10","0.04","-0.02","0.06","0.00","","","","","","","","","","","","","","","","","","","","","","",""
"1997 DEC","64.2","53.1","88.6","546.5","60.9","242.5","105.0","88.3","59.4","92.2","80.4","84.5","8.3","76.1","61.9","42.7","49.6","81.7","95.9","70.5","82.3","97.2","123.8","1.0","2.1","0.1","-0.2","0.1","-0.4","1.5","1.5","1.2","1.3","0.3","0.0","3.0","7.1","-0.3","1.9","-2.8","2.0","-0.2","0.3","1.7","-1.9","-0.7","","","","","","","","","","","","","","","","","","","","","","","","1.4","3.6","1.6","-0.2","2.2","0.2","-2.7","3.3","1.1","-0.5","6.0","4.0","11.3","-3.7","-1.0","1.4","-0.3","-0.2","1.3","1.0","5.1","3.6","-0.9","","","","","","","","","","","","","","","","","","","","","","","","0.97","0.02","0.02","0.00","0.01","-0.01","0.02","0.07","0.84","0.14","0.01","0.00","0.16","0.49","-0.04","0.10","-0.10","0.10","-0.01","0.02","0.02","-0.03","0.00","","","","","","","","","","","","","","","","","","","","","","","","1.37","0.04","0.34","0.00","0.37","0.00","-0.04","0.16","0.83","-0.06","0.27","0.09","0.56","-0.27","-0.15","0.07","-0.01","-0.01","0.06","0.05","0.05","0.05","0.00","","","","","","","","","","","","","","","","","","","","","","",""
"1998 JAN","64.1","54.2","88.9","558.5","61.0","236.2","108.6","89.1","59.1","89.1","78.5","82.6","8.2","83.8","61.9","41.8","48.6","79.3","95.3","70.8","76.7","95.6","122.5","-0.2","2.1","0.3","2.2","0.1","-2.6","3.4","0.9","-0.5","-3.3","-2.3","-2.2","-0.7","10.1","0.1","-2.2","-2.0","-2.9","-0.6","0.5","-6.8","-1.6","-1.0","3.9","18.4","3.7","-5.6","5.1","-0.7","4.5","9.2","3.4","0.8","9.9","1.4","25.6","9.9","-0.9","1.0","-2.6","-1.4","1.1","3.7","-5.8","-0.7","-5.2","1.4","4.7","1.5","-0.6","2.1","-0.9","-0.9","4.0","1.1","-2.0","4.4","2.7","9.6","4.7","-0.7","-0.7","-2.2","0.3","0.1","1.1","4.8","2.7","-2.4","","","","","","","","","","","","","","","","","","","","","","","","-0.20","0.02","0.07","0.04","0.02","-0.04","0.05","0.04","-0.33","-0.39","-0.10","-0.06","-0.04","0.71","0.01","-0.12","-0.07","-0.15","-0.03","0.02","-0.08","-0.02","0.00","3.93","0.18","0.80","-0.12","0.85","-0.01","0.06","0.44","2.51","0.10","0.41","0.04","1.22","0.73","-0.13","0.05","-0.10","-0.07","0.05","0.20","-0.07","-0.01","-0.01","1.40","0.05","0.32","-0.01","0.35","-0.01","-0.01","0.20","0.83","-0.24","0.19","0.07","0.51","0.32","-0.10","-0.04","-0.08","0.02","0.01","0.06","0.05","0.04","0.00","","","","","","","","","","","","","","","","","","","","","","",""
"1998 FEB","64.4","55.3","89.6","543.2","61.5","243.9","111.3","89.4","59.4","90.7","79.3","81.7","8.0","85.3","62.3","42.3","48.2","80.9","95.2","70.8","73.5","93.5","121.9","0.6","2.0","0.8","-2.7","0.9","3.3","2.5","0.3","0.5","1.7","1.1","-1.1","-2.0","1.8","0.6","1.2","-1.0","2.0","-0.1","0.0","-4.2","-2.2","-0.5","4.1","18.4","4.4","-4.6","5.3","5.1","6.5","8.8","3.5","1.2","11.1","0.5","18.9","11.4","-1.0","5.3","-3.1","0.5","0.6","3.7","-8.8","-4.5","-7.3","1.4","5.7","1.2","-0.7","1.4","-0.9","3.1","3.7","1.3","-1.6","2.0","-0.1","5.6","13.9","-0.2","-0.6","-4.0","0.9","-0.5","1.0","-0.8","-1.4","-2.6","","","","","","","","","","","","","","","","","","","","","","","","0.57","0.02","0.18","-0.05","0.16","0.05","0.03","0.02","0.35","0.20","0.05","-0.03","-0.12","0.14","0.09","0.06","-0.04","0.10","0.00","0.00","-0.05","-0.03","0.00","4.08","0.18","0.95","-0.10","0.87","0.07","0.09","0.42","2.52","0.14","0.46","0.01","0.93","0.84","-0.15","0.27","-0.12","0.02","0.03","0.19","-0.10","-0.07","-0.01","1.43","0.06","0.25","-0.01","0.24","-0.01","0.04","0.18","0.94","-0.20","0.09","0.00","0.31","0.93","-0.03","-0.03","-0.15","0.05","-0.03","0.05","-0.01","-0.02","0.00","","","","","","","","","","","","","","","","","","","","","","",""
"1998 MAR","64.2","56.0","90.4","543.3","62.2","248.0","110.7","88.8","59.0","87.7","79.6","81.2","8.1","83.3","62.5","42.7","48.1","81.3","95.6","70.7","70.8","92.9","120.9","-0.3","1.4","0.9","0.0","1.1","1.7","-0.5","-0.6","-0.7","-3.3","0.3","-0.6","0.4","-2.3","0.3","1.1","-0.2","0.5","0.5","-0.1","-3.7","-0.6","-0.8","3.9","18.1","7.0","-1.2","7.7","11.4","5.2","7.1","2.6","-3.4","12.4","0.0","20.2","9.8","-1.0","4.4","-2.4","1.0","1.3","3.5","-14.9","-5.4","-7.4","0.8","5.9","1.3","-0.8","1.4","-0.3","5.7","2.4","0.5","-2.9","-0.5","-2.6","1.2","15.7","0.3","-0.7","-4.3","0.1","-0.7","0.7","-8.5","-3.1","-2.4","4.0","18.3","5.0","-3.8","6.0","5.1","5.4","8.3","3.2","-0.5","11.1","0.7","21.5","10.4","-1.0","3.5","-2.7","0.0","1.0","3.6","-9.9","-3.5","-6.6","-0.30","0.02","0.20","0.00","0.18","0.02","-0.01","-0.03","-0.48","-0.39","0.01","-0.01","0.02","-0.18","0.04","0.06","-0.01","0.02","0.02","-0.01","-0.04","-0.01","0.00","3.93","0.18","1.47","-0.02","1.26","0.15","0.07","0.34","1.92","-0.41","0.51","0.00","0.99","0.71","-0.14","0.23","-0.09","0.05","0.06","0.18","-0.18","-0.08","-0.01","0.82","0.06","0.28","-0.02","0.23","0.00","0.07","0.12","0.35","-0.35","-0.02","-0.07","0.07","1.06","0.05","-0.04","-0.16","0.00","-0.03","0.04","-0.10","-0.04","0.00","3.98","0.18","1.07","-0.08","0.99","0.07","0.07","0.40","2.32","-0.06","0.46","0.02","1.05","0.76","-0.14","0.19","-0.10","0.00","0.05","0.19","-0.12","-0.05","-0.01"
"1998 APR","64.8","56.6","90.8","546.8","62.3","258.1","109.8","87.8","59.8","91.4","80.4","81.0","8.6","81.3","62.7","42.9","50.2","80.9","96.5","70.5","69.1","94.1","125.7","0.9","1.0","0.4","0.6","0.2","4.1","-0.9","-1.1","1.2","4.2","1.0","-0.1","6.0","-2.4","0.3","0.4","4.4","-0.4","0.9","-0.3","-2.4","1.3","3.9","3.6","16.7","5.0","-0.2","5.2","11.4","2.9","3.8","3.0","-3.1","10.4","-0.9","26.7","7.0","-1.0","6.6","2.7","-0.1","2.7","2.3","-17.7","-4.6","-3.4","0.9","5.4","1.9","-1.2","1.8","3.8","4.7","0.6","0.5","-0.9","0.1","-3.0","0.7","8.2","0.8","1.2","-1.9","0.8","0.0","0.2","-11.1","-3.9","-0.6","3.9","17.7","5.5","-2.0","6.1","9.3","4.9","6.5","3.0","-1.8","11.3","-0.1","21.9","9.4","-1.0","5.4","-1.0","0.5","1.5","3.2","-13.9","-4.8","-6.1","0.93","0.01","0.09","0.01","0.03","0.06","-0.01","-0.06","0.89","0.48","0.04","0.00","0.34","-0.18","0.04","0.02","0.16","-0.02","0.04","-0.02","-0.02","0.02","0.01","3.61","0.17","1.07","0.00","0.87","0.16","0.04","0.18","2.19","-0.38","0.43","-0.02","1.29","0.50","-0.14","0.34","0.10","0.00","0.13","0.12","-0.22","-0.07","-0.01","0.86","0.06","0.40","-0.02","0.31","0.05","0.06","0.03","0.38","-0.11","0.01","-0.08","0.04","0.58","0.12","0.06","-0.07","0.04","0.00","0.01","-0.13","-0.06","0.00","3.87","0.18","1.16","-0.04","1.00","0.13","0.07","0.32","2.21","-0.22","0.47","0.00","1.07","0.68","-0.15","0.28","-0.04","0.02","0.07","0.17","-0.17","-0.07","-0.01"
"1998 MAY","64.6","57.2","90.2","544.5","62.1","245.8","109.1","87.1","59.6","87.5","82.1","81.1","8.8","78.5","62.4","44.7","51.4","80.3","97.1","70.4","69.9","94.5","124.3","-0.4","1.1","-0.7","-0.4","-0.3","-4.8","-0.6","-0.8","-0.3","-4.3","2.1","0.1","3.4","-3.5","-0.5","4.2","2.3","-0.8","0.7","-0.2","1.2","0.4","-1.1","4.1","16.7","5.1","0.7","6.1","2.4","2.9","2.4","3.7","-0.9","12.2","-0.4","27.8","4.6","-1.5","10.5","4.7","-0.8","4.7","1.8","-18.5","-0.3","-3.7","0.5","4.5","1.6","-0.8","1.8","4.0","1.4","-1.1","0.2","-2.0","1.6","-2.2","4.0","-0.9","0.7","2.9","2.2","0.2","1.0","-0.3","-9.8","-1.7","0.7","3.9","17.2","5.7","-0.2","6.3","8.3","3.7","4.4","3.1","-2.5","11.7","-0.4","24.9","7.1","-1.1","7.1","1.7","0.0","2.9","2.5","-17.0","-3.4","-4.9","-0.40","0.01","-0.14","-0.01","-0.05","-0.07","-0.01","-0.04","-0.23","-0.50","0.09","0.00","0.20","-0.26","-0.06","0.22","0.09","-0.04","0.03","-0.01","0.01","0.01","0.00","4.06","0.17","1.09","0.01","1.00","0.04","0.04","0.12","2.68","-0.11","0.51","-0.01","1.40","0.33","-0.23","0.55","0.18","-0.04","0.22","0.09","-0.23","0.00","-0.01","0.49","0.05","0.35","-0.02","0.29","0.06","0.02","-0.06","0.15","-0.23","0.07","-0.05","0.22","-0.06","0.10","0.15","0.08","0.01","0.05","-0.01","-0.11","-0.02","0.00","3.87","0.18","1.21","0.00","1.04","0.12","0.05","0.22","2.26","-0.30","0.48","-0.01","1.23","0.51","-0.17","0.37","0.06","0.00","0.14","0.13","-0.21","-0.05","-0.01"
"1998 JUN","64.6","57.9","90.2","540.3","62.2","255.0","103.6","87.1","59.6","89.4","80.4","81.1","9.0","76.7","62.2","44.1","50.8","80.2","97.6","70.3","72.5","92.9","122.6","0.0","1.2","0.0","-0.8","0.2","3.8","-5.1","-0.1","0.0","2.2","-2.0","0.0","1.7","-2.2","-0.2","-1.3","-1.0","-0.2","0.5","0.0","3.6","-1.7","-1.3","3.3","17.1","4.7","0.0","5.8","6.2","-2.2","2.7","2.7","-2.9","9.6","-0.1","28.2","0.9","-1.7","8.1","2.9","-0.9","5.3","1.3","-13.3","-1.2","-6.5","0.6","3.8","0.8","-0.8","1.0","4.2","-2.5","-2.0","0.7","0.3","2.3","-0.9","8.6","-6.3","0.3","4.0","5.2","0.0","1.8","-0.6","-4.3","-0.2","2.0","3.6","16.8","5.0","0.2","5.7","6.6","1.2","3.0","3.1","-2.3","10.7","-0.5","27.6","4.2","-1.4","8.4","3.4","-0.6","4.2","1.8","-16.5","-2.0","-4.5","-0.01","0.02","0.00","-0.01","0.03","0.05","-0.07","0.00","-0.03","0.25","-0.09","0.00","0.11","-0.16","-0.03","-0.07","-0.04","-0.01","0.02","0.00","0.03","-0.02","0.00","3.25","0.18","1.01","0.00","0.95","0.09","-0.03","0.13","1.93","-0.35","0.40","0.00","1.43","0.07","-0.25","0.43","0.11","-0.05","0.25","0.07","-0.16","-0.02","-0.01","0.64","0.04","0.18","-0.02","0.17","0.06","-0.03","-0.10","0.52","0.03","0.10","-0.02","0.49","-0.49","0.04","0.21","0.18","0.00","0.08","-0.03","-0.04","0.00","0.00","3.64","0.18","1.05","0.00","0.94","0.09","0.02","0.15","2.27","-0.28","0.45","-0.01","1.37","0.30","-0.21","0.44","0.13","-0.03","0.20","0.10","-0.20","-0.03","-0.01"
"1998 JUL","64.7","58.4","90.0","521.1","62.4","255.3","101.8","87.2","59.8","90.8","81.5","80.8","9.2","76.4","62.3","43.6","50.2","80.7","97.2","70.4","75.4","92.7","125.0","0.3","0.9","-0.2","-3.6","0.2","0.1","-1.7","0.2","0.4","1.5","1.4","-0.3","2.3","-0.4","0.2","-1.3","-1.3","0.7","-0.4","0.1","4.1","-0.2","2.0","3.1","17.1","2.7","-7.1","4.3","4.1","-4.1","3.5","3.0","-0.9","9.7","0.5","32.0","-0.4","-1.1","4.4","0.7","-0.4","3.4","1.2","-4.5","1.3","1.3","0.2","3.3","-0.2","-1.7","0.4","0.8","-5.2","-1.7","0.4","-0.8","2.0","-0.3","9.7","-7.3","-0.3","3.5","4.1","-0.8","1.6","-0.4","2.1","-0.2","0.9","3.5","16.9","4.2","-2.2","5.4","4.2","-1.1","2.9","3.1","-1.6","10.5","0.0","29.4","1.7","-1.4","7.7","2.8","-0.7","4.5","1.4","-12.3","0.0","-3.0","0.28","0.01","-0.05","-0.07","0.04","0.00","-0.02","0.01","0.30","0.17","0.06","-0.01","0.14","-0.03","0.02","-0.07","-0.05","0.03","-0.02","0.01","0.04","0.00","0.00","3.10","0.18","0.58","-0.14","0.72","0.06","-0.06","0.17","2.18","-0.11","0.41","0.01","1.60","-0.03","-0.16","0.24","0.03","-0.02","0.16","0.06","-0.05","0.02","0.00","0.19","0.04","-0.03","-0.03","0.06","0.01","-0.07","-0.09","0.28","-0.09","0.09","-0.01","0.56","-0.56","-0.04","0.19","0.15","-0.04","0.08","-0.02","0.02","0.00","0.00","3.47","0.18","0.89","-0.04","0.89","0.06","-0.02","0.14","2.26","-0.19","0.44","0.00","1.48","0.12","-0.21","0.40","0.10","-0.04","0.21","0.08","-0.15","0.00","-0.01"
"1998 AUG","64.9","58.7","90.4","528.9","62.5","260.7","103.3","87.9","59.8","88.7","82.0","80.7","9.5","75.4","62.4","44.1","50.9","81.1","96.5","70.7","78.2","93.4","125.1","0.2","0.5","0.4","1.5","0.1","2.1","1.5","0.8","0.0","-2.3","0.5","-0.2","3.0","-1.3","0.0","1.1","1.5","0.5","-0.7","0.4","3.7","0.8","0.0","3.2","16.9","4.5","-4.1","6.0","7.1","-4.4","4.7","2.6","-4.0","8.8","0.3","32.6","-1.4","-0.6","5.7","-0.5","0.5","1.7","1.6","3.6","0.6","-1.2","0.3","3.0","-0.3","-2.7","0.2","2.5","-6.3","-0.6","0.4","0.9","0.8","-0.3","8.7","-6.0","-0.3","1.1","1.6","-0.2","0.7","-0.1","7.8","-0.9","0.5","3.2","17.0","3.9","-3.8","5.4","5.8","-3.6","3.6","2.8","-2.6","9.3","0.2","31.0","-0.3","-1.1","6.1","1.0","-0.3","3.4","1.4","-5.0","0.2","-2.2","0.17","0.01","0.09","0.03","0.02","0.03","0.02","0.04","0.03","-0.26","0.02","0.00","0.19","-0.09","0.00","0.06","0.05","0.02","-0.03","0.02","0.04","0.01","0.00","3.25","0.18","0.95","-0.08","0.99","0.10","-0.06","0.23","1.90","-0.48","0.38","0.01","1.67","-0.10","-0.09","0.30","-0.02","0.03","0.08","0.09","0.04","0.01","0.00","0.26","0.04","-0.06","-0.05","0.04","0.04","-0.09","-0.03","0.32","0.10","0.04","-0.01","0.52","-0.45","-0.04","0.06","0.06","-0.01","0.03","0.00","0.08","-0.01","0.00","3.20","0.18","0.84","-0.07","0.89","0.08","-0.05","0.18","2.00","-0.31","0.40","0.01","1.57","-0.02","-0.17","0.32","0.04","-0.01","0.16","0.07","-0.06","0.00","0.00"
"1998 SEP","64.9","58.6","90.6","533.0","62.6","261.5","100.8","88.6","59.8","89.3","81.9","80.9","9.4","73.9","62.7","44.3","50.1","81.5","96.0","70.9","77.9","95.1","126.1","0.1","-0.2","0.2","0.8","0.3","0.3","-2.5","0.8","0.0","0.7","-0.1","0.2","-0.6","-2.0","0.5","0.6","-1.5","0.5","-0.5","0.2","-0.4","1.8","0.9","3.0","15.8","4.0","-2.7","5.2","8.5","-6.1","5.0","2.4","-4.0","8.7","-0.6","26.5","0.8","0.7","4.1","-1.3","1.8","0.4","1.7","3.6","-1.5","-1.2","0.3","2.3","-0.1","-3.0","0.4","2.4","-5.1","0.7","0.3","0.2","1.0","-0.3","6.5","-4.6","0.1","0.1","-0.7","0.8","-0.5","0.4","9.5","-0.1","1.0","3.1","16.6","3.7","-4.7","5.2","6.6","-4.9","4.4","2.7","-3.0","9.0","0.1","30.3","-0.3","-0.3","4.8","-0.4","0.6","1.8","1.5","0.8","0.1","-0.4","0.05","0.00","0.04","0.01","0.05","0.00","-0.03","0.04","-0.02","0.08","-0.01","0.01","-0.04","-0.14","0.08","0.03","-0.06","0.02","-0.03","0.01","0.00","0.02","0.00","3.01","0.17","0.85","-0.05","0.86","0.12","-0.08","0.24","1.76","-0.49","0.37","-0.02","1.41","0.05","0.10","0.22","-0.05","0.09","0.02","0.09","0.04","-0.02","0.00","0.26","0.03","-0.02","-0.06","0.07","0.04","-0.07","0.03","0.22","0.02","0.05","-0.01","0.40","-0.33","0.01","0.01","-0.03","0.04","-0.02","0.02","0.09","0.00","0.00","3.12","0.18","0.79","-0.09","0.86","0.10","-0.07","0.21","1.95","-0.36","0.39","0.00","1.56","-0.02","-0.05","0.25","-0.01","0.03","0.09","0.08","0.01","0.00","0.00"
"1998 OCT","65.2","58.6","91.0","527.7","62.9","268.8","101.6","89.5","60.1","88.4","82.0","81.5","9.8","72.2","63.2","45.4","51.6","81.5","95.9","70.9","76.4","92.1","126.3","0.5","-0.1","0.5","-1.0","0.4","2.8","0.8","1.0","0.4","-1.1","0.2","0.7","4.3","-2.3","0.7","2.5","2.9","0.0","-0.1","0.1","-1.9","-3.1","0.1","2.8","14.4","3.0","-6.4","4.0","9.9","-2.8","4.4","2.5","-4.3","4.9","-1.8","27.1","1.9","1.5","5.5","1.9","2.4","-0.3","1.2","-2.3","-2.7","0.4","0.5","1.4","0.6","-1.0","0.7","4.6","-2.8","1.8","0.4","-0.5","0.8","0.0","6.2","-4.3","0.7","1.0","0.2","1.2","-1.2","0.6","6.8","0.2","1.5","3.0","15.7","3.8","-4.4","5.1","8.5","-4.5","4.7","2.5","-4.1","7.4","-0.7","28.7","0.4","0.5","5.1","0.1","1.5","0.6","1.5","1.6","-1.2","-0.7","0.47","0.00","0.10","-0.02","0.07","0.04","0.01","0.05","0.32","-0.12","0.01","0.02","0.28","-0.15","0.10","0.14","0.11","0.00","0.00","0.01","-0.02","-0.04","0.00","2.82","0.15","0.64","-0.13","0.67","0.14","-0.04","0.21","1.81","-0.52","0.22","-0.05","1.49","0.12","0.22","0.30","0.07","0.12","-0.01","0.06","-0.03","-0.04","0.00","0.54","0.02","0.12","-0.02","0.11","0.07","-0.04","0.09","0.31","-0.05","0.03","0.00","0.39","-0.31","0.09","0.06","0.01","0.06","-0.06","0.03","0.07","0.00","0.00","3.03","0.17","0.81","-0.09","0.84","0.12","-0.06","0.23","1.82","-0.50","0.32","-0.02","1.53","0.03","0.08","0.28","0.00","0.08","0.03","0.08","0.02","-0.02","0.00"
"1998 NOV","65.3","59.2","90.9","525.0","62.7","273.9","102.2","90.1","60.2","88.3","83.6","82.3","10.0","70.9","63.5","45.0","51.9","81.3","95.9","70.9","74.7","96.1","125.3","0.2","1.0","-0.1","-0.5","-0.3","1.9","0.7","0.7","0.2","-0.1","1.9","1.0","1.8","-1.8","0.6","-1.1","0.6","-0.3","0.0","0.0","-2.2","4.3","-0.8","2.7","13.8","2.7","-4.1","3.0","12.4","-1.2","3.6","2.5","-3.0","4.3","-2.5","24.9","-0.2","2.3","7.2","1.7","1.5","-0.1","0.9","-7.6","-3.0","0.5","0.6","0.8","0.7","-0.3","0.6","4.3","-1.4","2.3","0.5","-1.1","1.5","0.9","5.7","-5.0","1.3","2.2","1.1","0.9","-1.2","0.6","1.3","1.5","1.4","2.8","14.7","3.2","-4.4","4.1","10.3","-3.4","4.3","2.5","-3.8","5.9","-1.6","26.2","0.8","1.5","5.6","0.8","1.9","0.0","1.3","-2.3","-2.4","-0.1","0.18","0.01","-0.02","-0.01","-0.05","0.03","0.01","0.04","0.15","-0.01","0.09","0.02","0.13","-0.12","0.08","-0.06","0.02","-0.01","0.00","0.00","-0.02","0.06","0.00","2.72","0.15","0.59","-0.08","0.51","0.18","-0.02","0.18","1.81","-0.35","0.20","-0.06","1.42","-0.01","0.34","0.38","0.07","0.07","-0.01","0.05","-0.09","-0.04","0.00","0.63","0.01","0.15","-0.01","0.10","0.06","-0.02","0.11","0.36","-0.12","0.06","0.02","0.37","-0.35","0.18","0.12","0.04","0.05","-0.06","0.03","0.01","0.02","0.00","2.85","0.16","0.69","-0.09","0.68","0.15","-0.05","0.21","1.79","-0.46","0.26","-0.04","1.44","0.05","0.22","0.30","0.03","0.09","0.00","0.07","-0.03","-0.03","0.00"
"1998 DEC","65.5","60.7","91.0","530.1","63.0","269.5","99.7","90.8","60.3","90.4","83.4","81.9","10.0","69.3","63.6","45.4","51.7","81.1","96.1","71.0","74.7","94.2","121.4","0.3","2.6","0.2","1.0","0.5","-1.6","-2.5","0.7","0.2","2.3","-0.2","-0.6","0.1","-2.3","0.2","1.1","-0.5","-0.2","0.2","0.1","-0.1","-1.9","-3.1","2.0","14.3","2.8","-3.0","3.5","11.1","-5.1","2.8","1.5","-2.0","3.7","-3.1","21.3","-8.9","2.8","6.3","4.2","-0.7","0.3","0.7","-9.3","-3.0","-1.9","0.8","1.5","0.7","0.0","0.6","4.5","-0.8","2.5","0.6","-0.7","1.5","1.3","6.3","-5.9","1.5","2.9","2.6","0.2","-0.6","0.4","-2.5","0.4","-0.8","2.5","14.2","2.8","-4.5","3.5","11.2","-3.0","3.6","2.2","-3.1","4.3","-2.5","24.4","-2.6","2.2","6.3","2.6","1.0","0.0","1.0","-6.5","-2.9","-0.3","0.25","0.03","0.03","0.02","0.08","-0.03","-0.03","0.04","0.15","0.26","-0.01","-0.01","0.00","-0.15","0.03","0.06","-0.02","-0.01","0.01","0.01","0.00","-0.03","-0.01","1.99","0.16","0.60","-0.06","0.57","0.16","-0.07","0.14","1.10","-0.23","0.17","-0.08","1.23","-0.63","0.39","0.34","0.15","-0.04","0.01","0.04","-0.11","-0.04","0.00","0.77","0.02","0.16","0.00","0.10","0.07","-0.01","0.12","0.47","-0.07","0.07","0.03","0.41","-0.40","0.22","0.16","0.10","0.01","-0.03","0.02","-0.03","0.01","0.00","2.51","0.15","0.61","-0.09","0.59","0.16","-0.04","0.18","1.57","-0.37","0.19","-0.06","1.38","-0.17","0.32","0.34","0.10","0.05","0.00","0.05","-0.07","-0.04","0.00"
"1999 JAN","65.6","62.6","92.1","530.6","63.9","272.8","98.1","91.4","60.2","87.7","83.4","81.9","10.1","70.1","64.0","45.7","52.7","81.3","96.6","70.9","74.3","91.0","115.5","0.2","3.2","1.2","0.1","1.5","1.2","-1.6","0.7","-0.1","-3.0","0.1","0.0","0.4","1.2","0.7","0.6","2.1","0.2","0.5","-0.1","-0.5","-3.4","-4.8","2.4","15.6","3.7","-5.0","4.9","15.5","-9.7","2.6","1.8","-1.7","6.3","-0.8","22.6","-16.3","3.4","9.4","8.4","2.5","1.4","0.2","-3.1","-4.8","-5.7","0.8","3.7","0.8","-0.2","0.9","3.2","-1.8","2.4","0.6","0.0","1.9","1.2","4.7","-5.0","1.6","1.7","2.4","-0.1","0.1","0.2","-3.8","0.2","-4.0","2.4","14.6","3.1","-4.1","3.8","13.0","-5.4","3.0","1.9","-2.2","4.8","-2.1","22.9","-8.9","2.8","7.7","4.7","1.1","0.5","0.6","-6.8","-3.6","-2.3","0.21","0.03","0.24","0.00","0.24","0.02","-0.02","0.04","-0.10","-0.37","0.00","0.00","0.02","0.07","0.10","0.03","0.08","0.01","0.02","-0.01","-0.01","-0.05","-0.01","2.41","0.15","0.74","-0.08","0.77","0.21","-0.14","0.14","1.36","-0.21","0.27","-0.02","1.15","-1.24","0.49","0.50","0.31","0.12","0.07","0.01","-0.04","-0.07","-0.01","0.75","0.04","0.16","0.00","0.14","0.05","-0.02","0.12","0.43","-0.01","0.08","0.03","0.28","-0.33","0.23","0.10","0.09","-0.01","0.00","0.01","-0.04","0.00","-0.01","2.37","0.14","0.62","-0.06","0.60","0.18","-0.08","0.16","1.43","-0.28","0.21","-0.06","1.17","-0.63","0.41","0.41","0.18","0.05","0.02","0.03","-0.08","-0.06","0.00"
"1999 FEB","65.7","64.2","92.0","535.9","63.7","282.5","96.3","91.8","60.3","87.6","83.7","81.6","10.2","72.9","63.9","45.4","50.8","81.1","96.9","70.7","74.8","89.4","114.0","0.1","2.5","-0.1","1.0","-0.4","3.6","-1.9","0.4","0.1","0.0","0.3","-0.3","1.3","3.9","-0.2","-0.7","-3.7","-0.2","0.3","-0.3","0.6","-1.8","-1.3","1.9","16.2","2.7","-1.4","3.5","15.8","-13.5","2.7","1.4","-3.4","5.5","0.0","26.7","-14.6","2.6","7.4","5.5","0.3","1.8","-0.2","1.7","-4.4","-6.5","0.7","6.3","1.0","0.7","1.3","2.6","-3.4","2.1","0.4","-0.1","1.2","0.3","3.4","-2.2","1.2","1.3","1.0","-0.3","0.6","0.0","-2.3","-3.1","-7.1","2.1","15.4","3.1","-3.1","3.9","14.1","-9.5","2.7","1.6","-2.3","5.2","-1.3","23.5","-13.4","2.9","7.7","6.0","0.7","1.2","0.2","-3.8","-4.1","-4.7","0.10","0.03","-0.02","0.01","-0.06","0.05","-0.02","0.02","0.07","-0.01","0.01","-0.01","0.08","0.24","-0.03","-0.04","-0.14","-0.01","0.01","-0.02","0.01","-0.03","0.00","1.93","0.16","0.55","-0.02","0.56","0.22","-0.20","0.14","1.06","-0.42","0.24","0.00","1.33","-1.12","0.37","0.39","0.20","0.01","0.09","-0.01","0.02","-0.06","-0.01","0.70","0.07","0.21","0.01","0.21","0.04","-0.05","0.11","0.32","-0.02","0.06","0.01","0.20","-0.14","0.17","0.07","0.04","-0.01","0.03","0.00","-0.03","-0.05","-0.01","2.11","0.15","0.62","-0.05","0.62","0.20","-0.14","0.14","1.18","-0.29","0.22","-0.04","1.19","-0.99","0.42","0.41","0.22","0.03","0.06","0.01","-0.04","-0.06","-0.01"
"1999 MAR","65.8","64.9","92.9","532.5","64.6","282.1","95.1","91.9","60.2","88.6","86.2","81.9","9.9","74.7","63.5","44.9","48.1","81.2","97.3","70.2","75.8","89.0","116.8","0.2","1.1","1.0","-0.6","1.4","-0.1","-1.3","0.1","-0.1","1.1","3.0","0.3","-2.3","2.5","-0.7","-1.0","-5.3","0.0","0.5","-0.6","1.4","-0.4","2.5","2.4","15.8","2.8","-2.0","3.8","13.8","-14.2","3.4","2.1","1.1","8.3","0.9","23.3","-10.3","1.6","5.1","0.1","-0.2","1.8","-0.7","7.1","-4.2","-3.4","0.6","7.5","1.5","1.0","1.9","3.1","-4.6","1.7","0.1","-1.2","1.8","-0.1","1.1","2.5","0.6","0.1","-2.3","-0.1","1.0","-0.5","-0.4","-4.6","-7.2","2.2","15.9","3.0","-2.8","4.0","15.0","-12.5","2.9","1.8","-1.4","6.7","0.0","24.2","-13.7","2.5","7.3","4.7","0.9","1.7","-0.2","1.8","-4.5","-5.2","0.16","0.01","0.20","-0.01","0.22","0.00","-0.02","0.01","-0.06","0.14","0.13","0.01","-0.14","0.16","-0.10","-0.06","-0.20","0.00","0.02","-0.03","0.01","0.00","0.00","2.40","0.16","0.57","-0.03","0.61","0.20","-0.21","0.18","1.50","0.13","0.36","0.02","1.17","-0.78","0.23","0.28","0.00","-0.01","0.09","-0.04","0.07","-0.06","-0.01","0.56","0.08","0.31","0.01","0.31","0.05","-0.06","0.09","0.08","-0.14","0.08","0.00","0.06","0.16","0.09","0.01","-0.09","-0.01","0.05","-0.03","0.00","-0.07","-0.01","2.24","0.16","0.62","-0.04","0.65","0.21","-0.18","0.15","1.31","-0.17","0.29","0.00","1.22","-1.05","0.36","0.39","0.17","0.04","0.08","-0.01","0.02","-0.07","-0.01"
"1999 APR","65.5","64.9","92.6","534.4","64.2","279.8","97.8","91.9","59.9","86.8","83.5","81.7","10.1","75.0","63.1","43.8","50.1","80.9","97.6","69.7","75.6","90.1","125.4","-0.5","0.0","-0.4","0.4","-0.6","-0.8","2.9","0.0","-0.5","-2.1","-3.1","-0.2","1.6","0.3","-0.7","-2.5","4.2","-0.3","0.2","-0.8","-0.3","1.2","7.3","1.0","14.7","2.0","-2.3","3.0","8.4","-10.9","4.6","0.3","-5.1","4.0","0.8","18.1","-7.8","0.6","2.0","-0.2","0.0","1.1","-1.1","9.4","-4.3","-0.2","0.3","6.3","1.3","1.1","1.5","3.5","-3.6","1.2","-0.2","-1.2","1.2","-0.3","0.5","5.8","-0.4","-1.5","-4.7","-0.2","1.1","-1.0","1.1","-4.6","-1.7","1.8","15.6","2.5","-1.9","3.4","12.6","-12.9","3.6","1.3","-2.5","5.9","0.6","22.6","-10.9","1.6","4.8","1.7","0.0","1.6","-0.7","6.0","-4.3","-3.3","-0.47","0.00","-0.07","0.01","-0.10","-0.01","0.04","0.00","-0.39","-0.25","-0.14","-0.01","0.10","0.02","-0.10","-0.14","0.15","-0.02","0.01","-0.04","0.00","0.02","0.01","0.98","0.15","0.41","-0.03","0.48","0.12","-0.16","0.24","0.19","-0.64","0.17","0.02","0.96","-0.57","0.09","0.11","-0.01","0.00","0.05","-0.06","0.10","-0.06","0.00","0.27","0.07","0.26","0.02","0.24","0.05","-0.05","0.06","-0.12","-0.15","0.05","-0.01","0.03","0.36","-0.05","-0.08","-0.18","-0.01","0.05","-0.06","0.01","-0.07","0.00","1.77","0.16","0.51","-0.03","0.55","0.18","-0.19","0.19","0.92","-0.31","0.26","0.01","1.15","-0.82","0.23","0.26","0.06","0.00","0.07","-0.04","0.06","-0.06","-0.01"
"1999 MAY","66.0","64.9","93.4","528.8","64.9","282.4","98.0","92.2","60.5","85.6","88.2","82.3","10.2","75.8","63.1","46.6","50.2","81.1","97.7","69.4","76.1","91.7","129.1","0.9","0.0","0.9","-1.0","1.2","0.9","0.1","0.4","0.9","-1.3","5.5","0.7","1.0","1.1","0.1","6.5","0.2","0.2","0.2","-0.4","0.6","1.9","3.0","2.3","13.5","3.6","-2.9","4.5","14.9","-10.2","5.8","1.5","-2.1","7.4","1.5","15.3","-3.4","1.2","4.2","-2.3","0.9","0.6","-1.4","8.7","-2.9","3.9","0.3","3.9","1.4","-0.1","1.6","2.4","-1.1","0.7","-0.1","-1.7","3.0","0.2","0.0","6.2","-1.0","-0.9","-4.4","-0.2","1.0","-1.5","1.7","-1.4","5.8","1.9","14.7","2.8","-2.4","3.8","12.3","-11.8","4.6","1.3","-2.1","6.6","1.1","18.8","-7.2","1.1","3.8","-0.8","0.2","1.2","-1.0","8.4","-3.8","0.1","0.87","0.00","0.19","-0.02","0.19","0.01","0.00","0.02","0.65","-0.15","0.25","0.02","0.06","0.07","0.02","0.35","0.01","0.01","0.01","-0.02","0.01","0.03","0.00","2.27","0.14","0.74","-0.04","0.72","0.21","-0.15","0.30","1.09","-0.25","0.33","0.04","0.84","-0.24","0.18","0.24","-0.09","0.04","0.03","-0.07","0.09","-0.04","0.01","0.27","0.04","0.28","0.00","0.26","0.04","-0.01","0.04","-0.09","-0.21","0.13","0.01","0.00","0.39","-0.14","-0.05","-0.17","-0.01","0.05","-0.08","0.02","-0.02","0.01","1.88","0.15","0.57","-0.04","0.60","0.18","-0.17","0.24","0.93","-0.25","0.29","0.03","0.99","-0.53","0.17","0.21","-0.03","0.01","0.06","-0.06","0.09","-0.06","0.00"
"1999 JUN","66.2","65.3","93.2","517.8","64.7","289.9","97.3","93.0","60.7","87.6","86.5","82.0","10.5","75.4","63.6","45.4","49.6","81.2","98.1","69.4","76.0","92.0","129.3","0.2","0.6","-0.3","-2.1","-0.4","2.6","-0.6","0.8","0.4","2.3","-1.9","-0.4","2.9","-0.6","0.8","-2.6","-1.2","0.2","0.4","0.0","0.0","0.3","0.1","2.5","12.8","3.3","-4.2","3.9","13.7","-6.0","6.8","1.9","-2.0","7.6","1.1","16.7","-1.7","2.2","2.9","-2.4","1.3","0.5","-1.3","4.9","-1.0","5.4","0.3","1.8","0.8","-1.1","0.8","1.8","1.3","0.7","0.2","-1.5","1.9","0.3","2.1","3.9","-0.8","-0.2","-1.2","-0.2","0.9","-1.6","1.3","1.7","10.8","1.9","13.7","3.0","-3.1","3.8","12.3","-9.1","5.7","1.2","-3.1","6.3","1.1","16.7","-4.4","1.4","3.0","-1.6","0.7","0.7","-1.2","7.7","-2.7","3.0","0.25","0.01","-0.06","-0.03","-0.07","0.04","-0.01","0.04","0.26","0.26","-0.09","-0.01","0.18","-0.04","0.11","-0.15","-0.04","0.01","0.02","0.00","0.00","0.00","0.00","2.53","0.13","0.67","-0.06","0.62","0.20","-0.08","0.35","1.38","-0.25","0.33","0.03","0.93","-0.12","0.32","0.16","-0.09","0.06","0.03","-0.07","0.05","-0.01","0.01","0.33","0.02","0.16","-0.02","0.13","0.03","0.02","0.04","0.11","-0.17","0.09","0.01","0.13","0.25","-0.12","-0.01","-0.04","-0.01","0.04","-0.08","0.01","0.02","0.02","1.93","0.14","0.60","-0.05","0.61","0.18","-0.13","0.30","0.89","-0.38","0.28","0.03","0.91","-0.31","0.20","0.17","-0.06","0.04","0.04","-0.07","0.08","-0.04","0.00"
"1999 JUL","66.8","65.8","94.2","538.3","65.3","287.1","98.5","93.6","61.2","88.0","87.4","82.9","10.9","75.7","64.4","46.0","50.1","81.2","98.5","69.6","75.4","90.8","124.1","0.9","0.8","1.1","4.0","1.1","-1.0","1.1","0.7","0.9","0.5","1.1","1.1","3.7","0.4","1.2","1.3","1.0","0.0","0.4","0.2","-0.8","-1.4","-4.0","3.2","12.7","4.7","3.3","4.7","12.5","-3.3","7.3","2.4","-3.0","7.3","2.5","18.2","-1.0","3.3","5.6","-0.1","0.6","1.3","-1.2","0.0","-2.1","-0.7","1.1","1.1","1.2","-1.1","1.3","1.8","1.6","1.2","1.1","-0.6","3.4","0.8","4.5","1.9","0.4","2.9","0.6","0.1","0.9","-1.1","0.6","2.3","7.4","2.7","13.0","3.9","-1.3","4.4","13.7","-6.6","6.6","1.9","-2.4","7.4","1.7","16.8","-2.1","2.2","4.2","-1.6","1.0","0.8","-1.3","4.5","-2.0","2.9","0.94","0.01","0.23","0.06","0.17","-0.02","0.01","0.04","0.67","0.06","0.05","0.03","0.23","0.02","0.17","0.07","0.04","0.00","0.02","0.01","-0.01","-0.02","-0.01","3.21","0.13","0.95","0.05","0.76","0.18","-0.04","0.38","1.76","-0.38","0.32","0.06","1.04","-0.07","0.47","0.31","-0.01","0.03","0.06","-0.06","0.00","-0.03","0.00","1.08","0.01","0.24","-0.02","0.21","0.03","0.02","0.06","0.77","-0.08","0.15","0.02","0.27","0.12","0.05","0.16","0.02","0.01","0.04","-0.06","0.01","0.03","0.01","2.67","0.14","0.79","-0.02","0.70","0.20","-0.09","0.34","1.41","-0.29","0.33","0.04","0.93","-0.14","0.32","0.23","-0.06","0.05","0.04","-0.07","0.05","-0.03","0.00"
"1999 AUG","67.0","66.5","94.6","538.5","65.6","293.4","97.5","94.1","61.4","87.2","86.9","83.0","11.1","76.2","64.8","46.3","50.3","81.1","98.7","69.9","74.8","89.6","126.3","0.3","1.0","0.5","0.0","0.4","2.2","-1.0","0.5","0.3","-1.0","-0.6","0.2","1.9","0.8","0.6","0.7","0.5","-0.1","0.2","0.4","-0.8","-1.3","1.7","3.4","13.2","4.7","1.8","5.1","12.5","-5.7","7.1","2.6","-1.7","6.1","2.8","17.0","1.1","3.9","5.2","-1.1","0.0","2.3","-1.2","-4.3","-4.1","1.0","1.4","1.5","1.1","-0.1","1.0","3.1","0.8","1.7","1.5","0.7","1.1","0.8","7.3","0.8","1.7","1.8","1.1","0.2","0.9","-0.2","-0.5","0.6","2.2","3.0","12.9","4.2","0.3","4.6","12.9","-5.0","7.1","2.3","-2.3","7.0","2.1","17.3","-0.5","3.1","4.5","-1.2","0.7","1.4","-1.2","0.1","-2.4","1.9","0.33","0.01","0.10","0.00","0.07","0.03","-0.01","0.03","0.19","-0.12","-0.03","0.00","0.12","0.05","0.09","0.04","0.02","-0.01","0.01","0.02","-0.01","-0.02","0.00","3.38","0.14","0.96","0.03","0.82","0.19","-0.08","0.37","1.92","-0.21","0.27","0.07","0.99","0.08","0.56","0.29","-0.04","0.00","0.11","-0.06","-0.05","-0.06","0.00","1.41","0.02","0.23","0.00","0.16","0.05","0.01","0.09","1.07","0.08","0.05","0.02","0.45","0.05","0.24","0.10","0.04","0.01","0.04","-0.01","-0.01","0.01","0.00","3.04","0.14","0.86","0.00","0.73","0.19","-0.07","0.36","1.69","-0.28","0.31","0.05","0.98","-0.04","0.45","0.25","-0.05","0.03","0.07","-0.06","0.00","-0.03","0.00"
"1999 SEP","67.4","67.0","95.3","531.2","66.5","279.4","98.6","94.0","61.7","88.6","86.0","82.7","11.3","78.2","65.1","46.4","49.7","80.9","99.0","69.9","74.2","84.2","133.3","0.5","0.7","0.6","-1.3","1.3","-4.8","1.2","-0.1","0.5","1.7","-1.1","-0.4","1.8","2.6","0.4","0.2","-1.3","-0.3","0.3","0.1","-0.9","-6.0","5.6","3.8","14.3","5.2","-0.3","6.1","6.9","-2.1","6.1","3.2","-0.8","5.0","2.2","19.8","5.8","3.8","4.8","-0.9","-0.7","3.1","-1.3","-4.8","-11.5","5.7","1.8","2.1","1.7","1.7","1.9","0.9","0.5","1.7","1.8","1.5","0.8","1.0","8.0","1.7","2.3","2.2","0.2","0.1","1.0","0.4","-1.4","-3.4","0.0","3.5","13.4","4.8","1.6","5.3","10.6","-3.7","6.8","2.7","-1.9","6.1","2.5","18.3","1.9","3.7","5.2","-0.7","0.0","2.2","-1.2","-3.1","-5.9","2.0","0.51","0.01","0.13","-0.02","0.21","-0.08","0.01","-0.01","0.37","0.19","-0.05","-0.01","0.12","0.17","0.06","0.01","-0.05","-0.01","0.01","0.01","-0.01","-0.08","0.01","3.84","0.15","1.05","0.00","0.98","0.10","-0.03","0.32","2.33","-0.10","0.22","0.06","1.15","0.39","0.55","0.27","-0.03","-0.03","0.15","-0.07","-0.05","-0.17","0.01","1.79","0.02","0.36","0.02","0.31","0.01","0.01","0.09","1.31","0.17","0.04","0.03","0.50","0.12","0.34","0.12","0.01","0.00","0.05","0.02","-0.02","-0.05","0.00","3.48","0.14","0.99","0.02","0.85","0.16","-0.05","0.35","2.00","-0.23","0.27","0.06","1.06","0.13","0.53","0.29","-0.03","0.00","0.11","-0.06","-0.03","-0.09","0.00"
"1999 OCT","68.0","67.4","95.3","531.9","66.2","290.6","100.1","93.7","62.4","90.3","85.6","83.8","11.3","80.8","65.0","48.5","51.1","80.7","99.3","70.0","75.4","85.0","137.9","0.9","0.6","0.0","0.1","-0.5","4.0","1.5","-0.3","1.2","1.9","-0.5","1.4","0.4","3.3","-0.1","4.4","2.8","-0.3","0.4","0.0","1.6","0.9","3.4","4.2","15.0","4.7","0.8","5.2","8.1","-1.5","4.7","3.9","2.2","4.4","2.9","15.3","11.9","2.9","6.6","-1.0","-0.9","3.5","-1.4","-1.4","-7.8","9.1","1.7","2.4","1.5","1.1","1.7","0.5","0.8","1.1","1.7","1.8","-1.4","1.0","6.8","3.7","2.0","2.3","0.8","-0.3","0.9","0.6","-1.4","-5.7","3.9","3.8","14.2","4.9","0.8","5.5","9.2","-3.1","6.0","3.2","-0.1","5.2","2.6","17.3","6.2","3.6","5.5","-1.0","-0.5","3.0","-1.3","-3.5","-7.8","5.3","0.86","0.01","0.00","0.00","-0.08","0.06","0.02","-0.02","0.86","0.22","-0.02","0.04","0.03","0.22","-0.02","0.25","0.10","-0.01","0.02","0.00","0.02","0.01","0.01","4.25","0.16","0.96","0.01","0.84","0.12","-0.02","0.25","2.89","0.26","0.19","0.07","0.92","0.77","0.42","0.38","-0.04","-0.05","0.17","-0.07","-0.02","-0.11","0.01","1.67","0.03","0.32","0.01","0.28","0.01","0.01","0.06","1.26","0.21","-0.06","0.02","0.43","0.25","0.28","0.13","0.03","-0.02","0.04","0.03","-0.01","-0.08","0.01","3.82","0.15","0.99","0.01","0.88","0.14","-0.04","0.31","2.38","-0.01","0.23","0.07","1.02","0.41","0.51","0.31","-0.04","-0.03","0.14","-0.07","-0.04","-0.11","0.01"
"1999 NOV","68.4","67.7","95.9","537.1","66.8","281.6","101.6","93.5","62.8","92.0","84.6","84.4","11.6","81.2","65.0","49.1","51.7","80.6","99.4","69.8","76.9","83.1","140.6","0.6","0.5","0.7","1.0","0.9","-3.1","1.5","-0.2","0.6","1.9","-1.2","0.6","2.4","0.5","0.0","1.3","1.1","-0.2","0.1","-0.2","2.0","-2.1","1.9","4.7","14.5","5.5","2.3","6.5","2.8","-0.6","3.8","4.4","4.2","1.2","2.5","15.9","14.5","2.4","9.2","-0.5","-0.9","3.6","-1.6","2.9","-13.5","12.2","1.8","2.2","1.6","0.4","2.0","-2.2","2.4","0.2","2.0","3.1","-1.8","1.2","5.5","5.7","1.2","4.5","1.6","-0.6","0.8","0.4","0.1","-7.4","8.4","4.3","14.6","5.1","0.9","5.9","5.9","-1.4","4.9","3.8","1.9","3.5","2.5","17.0","10.7","3.0","6.9","-0.8","-0.8","3.4","-1.4","-1.1","-10.9","9.0","0.61","0.00","0.15","0.01","0.15","-0.05","0.02","-0.01","0.47","0.23","-0.05","0.02","0.16","0.04","0.00","0.08","0.04","-0.01","0.00","-0.01","0.02","-0.03","0.00","4.69","0.15","1.13","0.03","1.04","0.04","-0.01","0.20","3.22","0.51","0.05","0.06","0.97","0.92","0.34","0.52","-0.02","-0.04","0.17","-0.08","0.03","-0.20","0.02","1.82","0.03","0.32","0.01","0.32","-0.03","0.03","0.01","1.46","0.36","-0.08","0.03","0.35","0.38","0.17","0.25","0.06","-0.03","0.04","0.02","0.00","-0.10","0.01","4.26","0.15","1.05","0.01","0.95","0.09","-0.02","0.25","2.81","0.22","0.16","0.06","1.01","0.69","0.44","0.39","-0.03","-0.04","0.16","-0.08","-0.01","-0.16","0.01"
"1999 DEC","68.3","68.1","94.7","521.4","66.0","278.9","100.4","93.8","62.9","93.8","85.6","84.6","11.8","79.0","64.8","48.4","52.1","80.3","99.2","69.7","77.4","84.2","133.8","-0.2","0.5","-1.3","-2.9","-1.2","-1.0","-1.2","0.3","0.1","2.0","1.2","0.3","1.4","-2.7","-0.3","-1.4","0.9","-0.4","-0.2","-0.2","0.7","1.2","-4.8","4.3","12.2","4.0","-1.6","4.7","3.5","0.7","3.3","4.3","3.8","2.6","3.4","17.5","14.0","1.8","6.5","0.9","-1.1","3.2","-1.9","3.7","-10.7","10.2","1.7","1.9","0.6","-1.1","0.8","-1.0","2.5","-0.2","2.1","4.7","-1.8","1.7","4.4","4.8","0.3","5.2","3.1","-0.7","0.6","0.0","2.3","-4.7","7.4","4.4","13.9","4.7","0.5","5.5","4.8","-0.5","4.0","4.2","3.4","2.7","2.9","16.3","13.4","2.4","7.4","-0.2","-1.0","3.5","-1.6","1.7","-10.7","10.5","-0.17","0.01","-0.27","-0.04","-0.20","-0.02","-0.02","0.02","0.07","0.23","0.05","0.01","0.10","-0.19","-0.05","-0.08","0.03","-0.02","-0.01","-0.01","0.01","0.02","-0.01","4.25","0.13","0.81","-0.02","0.75","0.05","0.01","0.18","3.12","0.47","0.12","0.09","1.07","0.86","0.27","0.37","0.03","-0.05","0.15","-0.10","0.04","-0.16","0.02","1.66","0.02","0.13","-0.02","0.12","-0.02","0.03","-0.01","1.52","0.55","-0.08","0.04","0.29","0.32","0.04","0.29","0.11","-0.04","0.03","0.00","0.02","-0.06","0.01","4.40","0.15","0.96","0.01","0.88","0.07","-0.01","0.21","3.08","0.41","0.12","0.07","0.99","0.85","0.34","0.42","-0.01","-0.05","0.16","-0.09","0.02","-0.16","0.02"
"2000 JAN","69.2","68.8","95.6","519.4","66.6","275.6","103.8","94.8","63.8","94.1","88.8","86.7","12.1","84.8","64.4","47.7","54.6","79.9","99.2","69.8","78.4","91.2","127.5","1.3","1.1","1.0","-0.4","1.0","-1.2","3.3","1.0","1.5","0.3","3.8","2.5","3.1","7.4","-0.6","-1.4","4.8","-0.4","0.0","0.1","1.2","8.3","-4.7","5.4","9.9","3.7","-2.1","4.2","1.0","5.8","3.7","5.9","7.4","6.4","5.9","20.8","21.0","0.6","4.3","3.6","-1.8","2.7","-1.6","5.5","0.2","10.4","1.7","1.9","0.4","-1.5","0.6","-3.2","3.2","0.1","2.2","5.2","0.2","2.5","5.4","4.2","-0.3","2.8","4.8","-0.8","0.3","-0.2","3.7","-0.1","1.1","4.8","12.1","4.4","-0.5","5.1","2.4","1.9","3.6","4.9","5.1","3.4","3.9","18.1","16.5","1.6","6.7","1.3","-1.2","3.2","-1.7","4.0","-8.1","10.9","1.33","0.01","0.18","-0.01","0.16","-0.01","0.04","0.06","1.08","0.04","0.17","0.06","0.19","0.51","-0.09","-0.08","0.18","-0.02","0.00","0.01","0.01","0.11","-0.01","5.42","0.09","0.73","-0.03","0.65","0.01","0.08","0.21","4.38","0.91","0.29","0.15","1.13","1.33","0.08","0.25","0.15","-0.09","0.13","-0.09","0.06","0.00","0.02","1.69","0.02","0.07","-0.02","0.09","-0.04","0.04","0.01","1.60","0.63","0.01","0.06","0.32","0.29","-0.05","0.16","0.18","-0.04","0.01","-0.01","0.04","0.00","0.00","4.79","0.11","0.86","-0.01","0.78","0.03","0.03","0.20","3.60","0.64","0.15","0.10","0.98","1.05","0.23","0.38","0.05","-0.06","0.16","-0.09","0.05","-0.12","0.02"
"2000 FEB","69.1","69.3","96.3","525.6","67.6","265.4","99.7","95.2","63.5","96.1","88.8","86.1","12.6","79.7","64.5","46.7","50.8","79.8","98.9","70.0","78.1","93.1","123.5","-0.1","0.7","0.7","1.2","1.5","-3.7","-3.9","0.4","-0.4","2.1","0.0","-0.7","4.1","-6.0","0.1","-2.1","-7.1","-0.1","-0.4","0.3","-0.3","2.1","-3.1","5.2","8.0","4.6","-1.9","6.1","-6.0","3.5","3.8","5.4","9.7","6.1","5.5","24.2","9.4","0.9","2.9","0.0","-1.6","2.0","-0.9","4.5","4.2","8.4","1.4","2.1","0.0","-2.1","0.4","-3.7","1.2","0.9","1.8","4.9","2.8","2.6","6.8","1.4","-0.7","-0.8","3.3","-0.9","-0.1","-0.1","3.3","6.4","-6.5","4.9","10.0","4.1","-1.9","5.0","-0.6","3.3","3.6","5.2","7.0","5.1","4.9","20.9","14.7","1.1","4.6","1.5","-1.5","2.6","-1.5","4.6","-2.2","9.7","-0.13","0.01","0.14","0.02","0.22","-0.05","-0.05","0.02","-0.30","0.27","0.00","-0.02","0.26","-0.44","0.02","-0.12","-0.28","-0.01","-0.02","0.02","0.00","0.03","-0.01","5.18","0.08","0.89","-0.03","0.94","-0.08","0.05","0.21","3.99","1.19","0.27","0.14","1.34","0.62","0.13","0.17","0.00","-0.08","0.10","-0.05","0.05","0.06","0.01","1.37","0.02","0.00","-0.03","0.06","-0.05","0.02","0.05","1.30","0.59","0.12","0.07","0.41","0.10","-0.11","-0.05","0.13","-0.05","-0.01","-0.01","0.04","0.08","-0.01","4.95","0.09","0.80","-0.03","0.77","-0.01","0.05","0.20","3.85","0.86","0.23","0.13","1.14","0.94","0.16","0.26","0.06","-0.08","0.13","-0.08","0.05","-0.03","0.02"
"2000 MAR","68.7","69.9","96.1","516.9","67.6","267.6","98.1","95.2","63.1","95.8","86.4","85.4","13.0","78.0","64.1","47.8","45.6","79.5","98.9","70.5","77.8","92.0","129.1","-0.5","0.8","-0.2","-1.7","0.0","0.8","-1.6","-0.1","-0.6","-0.4","-2.7","-0.8","2.9","-2.2","-0.6","2.4","-10.1","-0.3","0.0","0.7","-0.5","-1.1","4.5","4.5","7.7","3.4","-2.9","4.7","-5.2","3.2","3.6","4.8","8.1","0.2","4.3","30.9","4.3","1.0","6.4","-5.1","-2.0","1.6","0.4","2.6","3.4","10.5","1.2","2.4","0.7","-1.8","1.5","-5.0","-0.2","1.5","1.2","3.6","3.2","2.1","8.9","0.6","-0.9","-2.6","-2.5","-0.9","-0.3","0.4","2.0","9.5","-7.8","5.0","8.5","3.9","-2.3","5.0","-3.4","4.2","3.7","5.4","8.4","4.2","5.2","25.3","11.4","0.8","4.6","-0.4","-1.8","2.1","-0.7","4.2","2.6","9.8","-0.50","0.01","-0.03","-0.02","0.00","0.01","-0.02","0.00","-0.47","-0.05","-0.12","-0.02","0.19","-0.15","-0.08","0.13","-0.37","-0.02","0.00","0.04","0.00","-0.02","0.01","4.48","0.07","0.67","-0.04","0.73","-0.07","0.04","0.20","3.54","0.99","0.01","0.11","1.66","0.29","0.15","0.36","-0.19","-0.10","0.08","0.02","0.03","0.05","0.02","1.16","0.02","0.14","-0.03","0.23","-0.06","0.00","0.08","0.92","0.44","0.14","0.06","0.54","0.04","-0.13","-0.15","-0.09","-0.05","-0.02","0.02","0.02","0.13","-0.01","5.03","0.08","0.76","-0.04","0.77","-0.04","0.06","0.21","3.97","1.03","0.19","0.14","1.38","0.75","0.12","0.26","-0.01","-0.09","0.10","-0.04","0.05","0.04","0.01"
"2000 APR","69.0","70.4","96.3","494.7","67.8","275.4","100.1","94.4","63.5","95.0","86.2","84.6","13.2","79.7","63.8","48.3","50.6","79.0","98.9","71.1","76.3","89.8","146.1","0.4","0.7","0.3","-4.3","0.3","2.9","2.1","-0.8","0.6","-0.8","-0.2","-1.0","1.3","2.3","-0.6","1.1","10.9","-0.7","0.0","0.8","-1.9","-2.5","13.1","5.4","8.4","4.0","-7.4","5.7","-1.6","2.3","2.7","6.0","9.5","3.2","3.5","30.5","6.3","1.1","10.4","1.0","-2.3","1.4","2.0","1.0","-0.3","16.5","0.5","2.4","0.9","-2.6","1.8","-3.3","-2.6","0.9","0.3","2.5","0.9","0.1","9.3","-3.1","-0.9","-1.6","-7.2","-1.0","-0.4","1.1","-0.2","6.3","-0.8","5.0","8.0","4.0","-4.1","5.5","-4.3","3.0","3.4","5.4","9.1","3.1","4.4","28.5","6.7","1.0","6.5","-1.3","-2.0","1.7","0.5","2.7","2.4","11.9","0.44","0.01","0.05","-0.06","0.05","0.04","0.03","-0.05","0.42","-0.10","-0.01","-0.03","0.09","0.15","-0.08","0.06","0.36","-0.03","0.00","0.04","-0.02","-0.04","0.02","5.43","0.08","0.80","-0.11","0.88","-0.02","0.03","0.15","4.41","1.16","0.14","0.09","1.67","0.43","0.16","0.58","0.04","-0.12","0.07","0.11","0.01","0.00","0.03","0.50","0.02","0.17","-0.04","0.28","-0.04","-0.03","0.05","0.26","0.31","0.04","0.00","0.57","-0.22","-0.14","-0.09","-0.28","-0.05","-0.02","0.06","0.00","0.09","0.00","5.03","0.08","0.79","-0.06","0.85","-0.06","0.04","0.19","3.98","1.11","0.14","0.12","1.56","0.45","0.15","0.37","-0.05","-0.10","0.08","0.02","0.03","0.03","0.02"
"2000 MAY","69.6","70.9","96.9","477.3","68.4","275.3","102.6","93.4","64.1","98.0","85.0","82.8","13.8","79.7","63.8","48.8","50.9","79.0","99.1","71.7","76.3","89.0","155.0","0.8","0.7","0.5","-3.5","0.8","0.0","2.5","-1.0","1.0","3.1","-1.4","-2.0","4.9","-0.1","0.1","1.0","0.6","0.0","0.2","0.8","0.0","-0.8","6.1","5.4","9.2","3.7","-9.7","5.3","-2.5","4.7","1.3","6.1","14.4","-3.6","0.6","35.6","5.1","1.1","4.7","1.4","-2.5","1.4","3.2","0.4","-2.9","20.0","0.4","2.4","1.0","-4.9","1.8","-0.2","-1.0","-0.3","0.3","1.6","-2.1","-1.8","9.5","-2.6","-1.0","1.5","-6.6","-1.0","-0.2","1.8","-1.5","0.9","11.8","5.1","8.4","3.7","-6.7","5.2","-3.1","3.4","2.5","5.6","10.6","-0.1","2.8","32.3","5.3","1.1","7.1","-0.8","-2.3","1.4","1.9","1.3","0.0","15.8","0.80","0.01","0.11","-0.05","0.12","0.00","0.03","-0.06","0.75","0.39","-0.06","-0.05","0.34","-0.01","0.01","0.06","0.02","0.00","0.01","0.04","0.00","-0.01","0.01","5.37","0.09","0.72","-0.15","0.83","-0.03","0.06","0.07","4.49","1.71","-0.17","0.02","1.96","0.35","0.15","0.28","0.05","-0.13","0.07","0.17","0.00","-0.04","0.03","0.41","0.02","0.19","-0.07","0.28","0.00","-0.01","-0.02","0.21","0.21","-0.10","-0.05","0.60","-0.18","-0.15","0.09","-0.25","-0.05","-0.01","0.09","-0.02","0.01","0.02","5.10","0.08","0.73","-0.10","0.81","-0.04","0.05","0.14","4.15","1.29","-0.01","0.07","1.76","0.36","0.16","0.40","-0.03","-0.12","0.07","0.10","0.02","0.00","0.03"
"2000 JUN","70.1","71.3","97.3","496.2","68.5","266.3","105.9","92.2","64.7","97.9","84.9","81.5","14.7","80.2","63.7","50.6","51.2","79.0","99.4","72.0","76.5","88.6","155.6","0.7","0.6","0.4","3.9","0.2","-3.3","3.2","-1.3","0.9","-0.1","-0.1","-1.7","6.4","0.7","-0.2","3.6","0.6","0.0","0.3","0.5","0.2","-0.5","0.3","5.8","9.2","4.4","-4.2","6.0","-8.1","8.8","-0.9","6.7","11.8","-1.8","-0.6","40.2","6.4","0.1","11.4","3.2","-2.7","1.3","3.7","0.6","-3.7","20.3","0.8","2.2","0.9","-6.0","1.4","1.0","2.3","-1.9","1.0","1.7","-3.0","-3.6","10.4","-1.2","-0.9","3.9","1.1","-0.9","0.1","2.1","-2.2","-3.2","20.1","5.5","8.9","4.0","-7.1","5.7","-4.1","5.3","1.0","6.3","11.9","-0.8","1.2","35.5","6.0","0.8","8.8","1.9","-2.5","1.3","3.0","0.7","-2.3","19.0","0.70","0.01","0.09","0.05","0.03","-0.04","0.04","-0.07","0.68","-0.01","0.00","-0.04","0.45","0.05","-0.03","0.21","0.02","0.00","0.02","0.02","0.00","-0.01","0.00","5.84","0.09","0.87","-0.06","0.92","-0.11","0.12","-0.05","4.94","1.43","-0.08","-0.02","2.27","0.43","0.01","0.65","0.12","-0.14","0.07","0.20","0.01","-0.06","0.04","0.83","0.02","0.18","-0.09","0.22","0.01","0.03","-0.10","0.73","0.22","-0.13","-0.09","0.68","-0.08","-0.13","0.22","0.04","-0.04","0.01","0.11","-0.02","-0.05","0.03","5.55","0.08","0.79","-0.11","0.88","-0.05","0.07","0.06","4.61","1.43","-0.04","0.03","1.97","0.40","0.11","0.50","0.07","-0.13","0.07","0.16","0.01","-0.03","0.03"
"2000 JUL","69.6","71.6","96.7","480.7","68.1","269.6","105.7","90.9","64.3","93.8","87.5","82.0","14.1","80.5","64.0","50.1","52.1","79.4","99.4","72.1","77.0","92.1","150.3","-0.7","0.3","-0.7","-3.1","-0.6","1.2","-0.2","-1.4","-0.7","-4.2","3.0","0.7","-4.2","0.4","0.6","-0.9","1.8","0.6","0.1","0.2","0.6","3.9","-3.4","4.1","8.7","2.6","-10.7","4.2","-6.1","7.3","-2.9","5.0","6.5","0.0","-1.0","29.6","6.4","-0.5","8.9","4.0","-2.2","1.0","3.6","2.0","1.4","21.1","1.2","2.0","0.7","-5.4","0.9","0.4","5.5","-2.9","1.6","1.0","-1.5","-3.8","9.8","1.3","-0.4","4.7","4.9","-0.4","0.4","2.0","-1.0","-1.9","15.6","5.1","9.0","3.6","-8.3","5.2","-5.6","6.9","-0.8","5.9","10.9","-1.8","-0.3","35.1","6.0","0.2","8.3","2.9","-2.5","1.2","3.5","1.0","-1.8","20.5","-0.70","0.00","-0.13","-0.04","-0.09","0.01","0.00","-0.07","-0.51","-0.54","0.13","0.02","-0.32","0.03","0.08","-0.05","0.07","0.03","0.00","0.01","0.01","0.05","-0.01","4.12","0.08","0.51","-0.16","0.65","-0.08","0.10","-0.16","3.69","0.79","0.00","-0.03","1.71","0.43","-0.08","0.51","0.15","-0.11","0.05","0.19","0.02","0.02","0.03","1.16","0.02","0.14","-0.08","0.15","0.00","0.07","-0.16","1.15","0.12","-0.07","-0.10","0.65","0.09","-0.06","0.27","0.17","-0.02","0.02","0.10","-0.01","-0.03","0.03","5.11","0.09","0.70","-0.12","0.80","-0.07","0.09","-0.05","4.37","1.31","-0.08","-0.01","1.98","0.41","0.03","0.48","0.11","-0.13","0.06","0.19","0.01","-0.03","0.03"
"2000 AUG","70.3","71.9","97.7","472.0","69.1","271.6","106.0","90.6","65.0","99.3","87.0","81.7","14.8","79.9","64.0","49.7","51.8","79.4","99.6","72.4","76.4","88.4","145.8","1.0","0.4","1.1","-1.8","1.5","0.7","0.3","-0.4","1.1","5.8","-0.5","-0.3","4.9","-0.7","-0.1","-0.9","-0.6","-0.1","0.1","0.3","-0.8","-4.0","-3.0","4.9","8.1","3.3","-12.3","5.3","-7.4","8.8","-3.8","5.9","13.9","0.1","-1.5","33.3","4.9","-1.3","7.1","2.9","-2.2","0.9","3.6","2.0","-1.3","15.4","1.3","1.7","0.8","-2.7","0.9","-1.3","5.6","-3.3","1.7","0.8","0.7","-3.0","8.9","1.4","0.0","3.7","5.4","0.1","0.5","1.5","-0.3","-0.6","5.0","4.9","8.6","3.4","-9.1","5.2","-7.2","8.3","-2.5","5.9","10.7","-0.6","-1.1","34.3","5.9","-0.6","9.1","3.4","-2.4","1.1","3.6","1.6","-1.2","18.9","1.04","0.00","0.22","-0.02","0.23","0.01","0.00","-0.02","0.84","0.72","-0.02","-0.01","0.35","-0.05","-0.02","-0.06","-0.02","0.00","0.01","0.02","-0.01","-0.06","-0.01","4.86","0.08","0.64","-0.19","0.82","-0.10","0.12","-0.21","4.36","1.65","0.00","-0.04","1.96","0.33","-0.19","0.41","0.11","-0.11","0.04","0.19","0.02","-0.02","0.03","1.26","0.02","0.16","-0.04","0.14","-0.02","0.07","-0.18","1.26","0.10","0.03","-0.08","0.61","0.09","0.00","0.22","0.19","0.00","0.03","0.08","0.00","-0.01","0.01","4.94","0.08","0.67","-0.14","0.80","-0.10","0.11","-0.14","4.33","1.29","-0.03","-0.03","1.98","0.40","-0.08","0.52","0.13","-0.12","0.05","0.19","0.02","-0.02","0.03"
"2000 SEP","70.2","72.1","97.4","463.8","68.8","276.9","105.2","91.2","65.0","96.0","89.8","81.0","15.0","80.2","64.2","49.6","51.6","79.9","99.7","72.8","76.4","89.0","147.3","-0.1","0.4","-0.4","-1.7","-0.4","2.0","-0.8","0.7","-0.1","-3.3","3.2","-0.9","1.4","0.4","0.4","0.0","-0.3","0.7","0.1","0.6","0.0","0.6","1.0","4.2","7.7","2.2","-12.7","3.5","-0.9","6.6","-3.0","5.3","8.3","4.5","-2.1","32.7","2.6","-1.3","6.9","3.9","-1.2","0.7","4.1","2.9","5.6","10.5","0.7","1.4","0.4","-3.5","0.6","0.1","2.7","-2.6","1.0","-0.7","3.2","-1.7","5.1","0.4","0.5","1.2","1.9","0.7","0.5","1.2","0.2","0.8","-2.9","4.4","8.1","2.7","-11.9","4.4","-4.9","7.6","-3.2","5.4","9.5","1.5","-1.5","31.9","4.6","-1.0","7.7","3.6","-1.9","0.9","3.8","2.3","1.8","15.5","-0.10","0.00","-0.08","-0.02","-0.06","0.02","-0.01","0.04","-0.06","-0.43","0.14","-0.02","0.10","0.02","0.06","0.00","-0.01","0.03","0.01","0.03","0.00","0.01","0.00","4.23","0.07","0.43","-0.19","0.55","-0.01","0.09","-0.17","3.89","1.00","0.20","-0.05","1.95","0.18","-0.19","0.39","0.14","-0.06","0.04","0.22","0.03","0.08","0.02","0.68","0.01","0.08","-0.05","0.10","0.00","0.04","-0.14","0.73","-0.08","0.14","-0.04","0.36","0.03","0.07","0.07","0.07","0.03","0.02","0.06","0.00","0.01","-0.01","4.40","0.08","0.53","-0.18","0.67","-0.06","0.10","-0.18","3.98","1.15","0.07","-0.04","1.87","0.31","-0.15","0.44","0.13","-0.09","0.04","0.20","0.03","0.03","0.03"
"2000 OCT","70.3","72.2","97.4","449.4","69.0","279.6","105.8","92.1","65.0","96.2","87.8","80.8","15.0","81.6","64.4","48.8","52.3","80.2","100.1","73.4","76.9","85.2","144.7","0.1","0.1","0.1","-3.1","0.2","1.0","0.6","1.0","0.0","0.3","-2.2","-0.3","-0.2","1.7","0.2","-1.7","1.2","0.3","0.4","0.8","0.7","-4.3","-1.8","3.4","7.1","2.3","-15.5","4.3","-3.8","5.8","-1.8","4.1","6.6","2.7","-3.7","31.9","0.9","-0.9","0.7","2.3","-0.6","0.8","4.9","2.0","0.2","4.9","0.8","1.1","0.6","-4.7","0.9","2.1","0.9","-0.9","0.9","0.6","2.8","-1.1","4.9","0.5","0.6","-0.9","1.0","0.9","0.5","1.3","-0.1","-2.6","-5.0","4.2","7.6","2.6","-13.5","4.4","-4.1","7.0","-2.8","5.1","9.5","2.4","-2.4","32.6","2.7","-1.2","4.8","3.1","-1.3","0.8","4.2","2.3","1.5","10.1","0.07","0.00","0.01","-0.04","0.03","0.01","0.01","0.05","0.02","0.04","-0.10","-0.01","-0.01","0.11","0.03","-0.10","0.05","0.02","0.02","0.04","0.01","-0.06","0.00","3.42","0.07","0.44","-0.23","0.65","-0.05","0.08","-0.10","3.01","0.80","0.12","-0.09","1.89","0.07","-0.14","0.04","0.09","-0.03","0.04","0.26","0.02","0.00","0.01","0.76","0.01","0.11","-0.06","0.15","0.02","0.01","-0.05","0.69","0.08","0.12","-0.03","0.35","0.04","0.08","-0.06","0.04","0.04","0.02","0.07","0.00","-0.04","-0.01","4.17","0.07","0.51","-0.20","0.68","-0.05","0.09","-0.16","3.75","1.15","0.11","-0.06","1.93","0.19","-0.17","0.28","0.11","-0.07","0.04","0.22","0.03","0.02","0.02"
"2000 NOV","70.6","72.2","98.3","463.5","69.5","283.6","104.7","92.9","65.1","96.1","85.9","79.7","15.0","81.3","64.4","49.8","53.6","80.5","101.0","74.1","77.8","83.7","148.9","0.4","0.1","0.9","3.1","0.8","1.4","-1.0","0.8","0.2","-0.2","-2.3","-1.3","0.2","-0.3","0.0","2.0","2.5","0.4","0.9","1.0","1.2","-1.7","2.9","3.2","6.7","2.4","-13.7","4.1","0.7","3.1","-0.7","3.6","4.4","1.5","-5.5","29.1","0.1","-1.0","1.4","3.7","-0.1","1.6","6.2","1.2","0.7","5.9","0.5","0.8","0.5","-5.0","0.8","4.0","-0.6","0.9","0.5","-0.9","1.6","-1.5","3.0","1.0","0.7","-1.4","1.5","1.2","0.8","1.8","0.5","-4.2","-2.4","3.6","7.2","2.3","-14.0","4.0","-1.4","5.1","-1.8","4.3","6.4","2.9","-3.7","31.2","1.2","-1.1","2.9","3.3","-0.7","1.0","5.1","2.1","2.2","7.1","0.38","0.00","0.17","0.04","0.12","0.02","-0.01","0.04","0.16","-0.02","-0.10","-0.03","0.02","-0.02","0.00","0.12","0.09","0.02","0.04","0.05","0.01","-0.02","0.01","3.18","0.06","0.48","-0.20","0.63","0.01","0.04","-0.04","2.68","0.54","0.06","-0.14","1.76","0.01","-0.14","0.08","0.14","0.00","0.08","0.32","0.01","0.01","0.01","0.53","0.01","0.09","-0.06","0.12","0.05","-0.01","0.05","0.39","-0.12","0.07","-0.04","0.22","0.07","0.10","-0.08","0.06","0.05","0.04","0.09","0.01","-0.06","0.00","3.61","0.07","0.45","-0.21","0.61","-0.02","0.07","-0.10","3.19","0.78","0.13","-0.10","1.87","0.08","-0.16","0.17","0.12","-0.03","0.05","0.27","0.02","0.03","0.01"
"2000 DEC","70.8","72.1","100.0","452.6","71.2","290.1","104.7","92.8","65.1","93.9","86.4","80.1","14.9","81.4","64.2","49.7","55.2","80.6","102.1","74.8","78.5","86.7","149.9","0.3","-0.1","1.7","-2.3","2.4","2.3","0.0","-0.1","0.0","-2.3","0.6","0.5","-0.2","0.1","-0.3","-0.1","3.0","0.1","1.1","0.9","0.8","3.5","0.7","3.7","6.0","5.6","-13.2","8.0","4.0","4.3","-1.1","3.5","0.0","1.0","-5.3","26.9","3.0","-0.9","2.8","5.9","0.4","2.9","7.3","1.3","3.0","12.0","0.7","0.5","1.3","-3.6","1.8","4.3","-0.5","1.9","0.5","-1.0","-1.6","-1.7","2.3","1.5","0.4","-0.8","3.5","1.0","1.5","2.3","1.5","-5.1","0.0","3.4","6.6","3.4","-14.1","5.4","0.3","4.4","-1.2","3.7","3.6","1.7","-4.8","29.3","1.3","-0.9","1.6","4.0","-0.1","1.7","6.1","1.5","1.3","7.6","0.32","0.00","0.33","-0.03","0.38","0.03","0.00","0.00","-0.01","-0.29","0.03","0.01","-0.02","0.01","-0.03","-0.01","0.12","0.00","0.05","0.05","0.01","0.05","0.00","3.68","0.06","1.08","-0.19","1.21","0.05","0.06","-0.06","2.61","0.00","0.04","-0.14","1.65","0.20","-0.13","0.16","0.22","0.02","0.14","0.38","0.02","0.04","0.02","0.71","0.00","0.26","-0.05","0.28","0.05","-0.01","0.10","0.35","-0.12","-0.07","-0.04","0.17","0.10","0.05","-0.04","0.13","0.05","0.07","0.12","0.02","-0.07","0.00","3.43","0.06","0.67","-0.21","0.83","0.00","0.06","-0.07","2.76","0.45","0.07","-0.12","1.77","0.09","-0.13","0.09","0.15","-0.01","0.09","0.32","0.02","0.02","0.01"
"2001 JAN","70.9","71.9","99.8","451.0","70.5","317.7","105.7","92.6","65.3","96.8","85.0","80.1","14.9","81.5","64.4","49.4","53.3","81.2","103.6","75.6","77.2","86.7","137.6","0.2","-0.3","-0.2","-0.3","-1.0","9.5","1.0","-0.2","0.4","3.1","-1.7","-0.1","-0.5","0.2","0.3","-0.8","-3.4","0.9","1.5","1.1","-1.7","0.0","-8.2","2.5","4.5","4.4","-13.2","5.8","15.3","1.9","-2.3","2.4","2.8","-4.3","-7.7","22.5","-3.9","0.0","3.5","-2.4","1.7","4.4","8.4","-1.6","-4.9","7.9","0.7","0.1","1.9","-1.3","2.1","7.7","-0.6","1.6","0.3","-1.6","-2.8","-1.4","0.2","1.0","0.2","0.5","4.1","1.2","2.4","2.7","1.7","-2.0","-0.3","3.1","5.7","4.1","-13.4","5.9","6.6","3.1","-1.4","3.2","2.4","-0.7","-6.2","26.1","-0.4","-0.6","2.5","2.3","0.6","3.0","7.3","0.3","-0.5","8.6","0.21","0.00","-0.04","-0.01","-0.15","0.12","0.01","-0.01","0.26","0.36","-0.07","0.00","-0.03","0.01","0.04","-0.04","-0.14","0.04","0.08","0.06","-0.02","0.00","-0.02","2.53","0.04","0.85","-0.31","0.84","0.19","0.02","-0.14","1.77","0.33","-0.20","-0.21","1.19","-0.28","0.00","0.20","-0.10","0.08","0.23","0.45","-0.02","-0.07","0.01","0.67","0.00","0.36","-0.03","0.31","0.09","-0.01","0.09","0.23","-0.19","-0.13","-0.04","0.01","0.07","0.03","0.03","0.15","0.06","0.12","0.15","0.02","-0.03","0.00","3.13","0.05","0.81","-0.32","0.87","0.08","0.04","-0.08","2.34","0.28","-0.03","-0.17","1.36","-0.03","-0.09","0.15","0.09","0.03","0.15","0.39","0.00","-0.01","0.02"
"2001 FEB","70.9","71.4","99.7","447.5","70.6","315.2","104.9","92.6","65.3","96.0","84.1","81.6","15.2","79.9","64.3","49.2","54.2","81.3","104.0","76.5","79.4","84.5","133.2","0.0","-0.7","-0.1","-0.8","0.2","-0.8","-0.7","-0.1","0.0","-0.8","-1.0","2.0","2.1","-2.0","-0.2","-0.3","1.7","0.1","0.4","1.2","2.9","-2.6","-3.2","2.6","3.1","3.6","-14.9","4.5","18.7","5.3","-2.8","2.8","-0.1","-5.3","-5.2","20.1","0.2","-0.3","5.3","6.8","1.9","5.2","9.3","1.7","-9.3","7.8","0.7","-0.5","2.2","-1.9","2.4","9.9","-0.1","0.7","0.4","-0.6","-3.1","0.2","0.2","-0.1","-0.1","0.0","3.3","1.1","3.0","3.0","1.7","0.0","-4.6","3.0","4.5","4.5","-13.7","6.0","12.6","3.8","-2.1","2.9","0.9","-2.9","-6.1","23.1","-0.3","-0.4","3.8","3.3","1.3","4.2","8.4","0.5","-3.9","9.3","-0.02","-0.01","-0.02","-0.02","0.03","-0.01","-0.01","0.00","0.01","-0.10","-0.04","0.05","0.13","-0.13","-0.03","-0.02","0.07","0.01","0.02","0.07","0.03","-0.04","-0.01","2.65","0.03","0.69","-0.35","0.66","0.22","0.07","-0.17","2.08","-0.02","-0.25","-0.14","1.11","0.01","-0.05","0.30","0.26","0.10","0.27","0.50","0.02","-0.14","0.01","0.73","0.00","0.42","-0.04","0.36","0.12","0.00","0.04","0.28","-0.07","-0.14","0.00","0.01","-0.01","-0.01","0.00","0.13","0.05","0.15","0.17","0.02","0.00","-0.01","2.95","0.04","0.88","-0.32","0.88","0.15","0.05","-0.12","2.14","0.11","-0.13","-0.17","1.23","-0.02","-0.06","0.22","0.13","0.07","0.21","0.45","0.01","-0.06","0.02"
"2001 MAR","71.4","70.8","100.5","449.7","71.2","324.8","105.2","93.3","65.8","96.1","84.4","80.5","15.8","78.9","64.1","51.3","55.1","81.6","103.5","77.4","78.6","88.0","128.0","0.8","-0.9","0.9","0.5","0.8","3.1","0.2","0.8","0.7","0.1","0.3","-1.5","4.3","-1.2","-0.2","4.2","1.5","0.3","-0.6","1.1","-1.0","4.2","-3.9","3.9","1.2","4.6","-13.0","5.3","21.4","7.2","-1.9","4.2","0.4","-2.3","-5.8","21.8","1.2","0.0","7.2","20.7","2.6","4.6","9.8","1.1","-4.4","-0.9","0.8","-1.1","1.5","-1.3","1.2","12.2","0.2","0.3","0.7","0.9","-2.6","0.6","2.3","-1.6","-0.1","1.0","1.0","1.2","2.6","3.3","0.9","1.4","-10.1","3.0","2.9","4.2","-13.7","5.2","18.4","4.7","-2.4","3.2","1.0","-4.0","-6.2","21.4","-0.9","-0.1","5.3","7.7","2.1","4.8","9.2","0.4","-6.2","4.9","0.76","-0.01","0.17","0.01","0.12","0.04","0.00","0.05","0.55","0.01","0.01","-0.04","0.28","-0.08","-0.03","0.24","0.06","0.02","-0.03","0.07","-0.01","0.06","-0.01","3.95","0.01","0.91","-0.30","0.79","0.26","0.09","-0.12","3.13","0.04","-0.11","-0.16","1.24","0.08","0.00","0.42","0.71","0.13","0.24","0.53","0.01","-0.07","0.00","0.79","-0.01","0.29","-0.03","0.19","0.15","0.00","0.01","0.50","0.11","-0.11","0.02","0.14","-0.11","-0.01","0.06","0.04","0.06","0.13","0.18","0.01","0.02","-0.02","3.04","0.03","0.82","-0.32","0.76","0.22","0.06","-0.14","2.32","0.12","-0.18","-0.17","1.18","-0.06","-0.02","0.31","0.29","0.10","0.24","0.49","0.00","-0.09","0.01"
"2001 APR","71.2","70.2","100.7","459.5","71.0","341.0","103.4","94.3","65.4","93.3","85.3","82.5","15.3","77.6","64.4","51.1","54.8","82.2","101.5","78.2","82.3","86.9","151.5","-0.4","-0.8","0.2","2.2","-0.4","5.0","-1.6","1.1","-0.6","-2.9","1.1","2.5","-3.3","-1.7","0.4","-0.2","-0.5","0.8","-1.9","1.1","4.7","-1.3","18.4","3.1","-0.3","4.5","-7.1","4.6","23.8","3.3","-0.1","3.0","-1.8","-1.0","-2.5","16.2","-2.7","1.0","5.8","8.3","4.1","2.7","10.1","7.8","-3.2","3.7","0.6","-1.8","1.0","-0.8","0.8","10.0","-0.5","0.7","0.5","-0.5","-1.3","1.9","3.4","-3.2","-0.1","1.8","1.2","1.2","0.8","3.4","3.0","0.8","-5.4","3.2","1.3","4.2","-11.7","4.8","21.4","5.3","-1.6","3.4","-0.5","-2.9","-4.5","19.3","-0.4","0.2","6.1","11.6","2.9","4.2","9.7","3.5","-5.6","3.5","-0.38","-0.01","0.03","0.04","-0.05","0.07","-0.02","0.06","-0.46","-0.33","0.05","0.06","-0.22","-0.11","0.06","-0.01","-0.02","0.04","-0.10","0.06","0.05","-0.02","0.03","3.10","0.00","0.88","-0.16","0.68","0.29","0.04","0.00","2.21","-0.21","-0.05","-0.07","0.93","-0.18","0.14","0.34","0.31","0.20","0.14","0.55","0.09","-0.05","0.01","0.60","-0.02","0.19","-0.02","0.11","0.13","-0.01","0.04","0.39","-0.05","-0.06","0.05","0.22","-0.21","-0.01","0.11","0.05","0.06","0.04","0.19","0.03","0.01","-0.01","3.23","0.01","0.83","-0.27","0.71","0.26","0.07","-0.10","2.47","-0.06","-0.13","-0.12","1.09","-0.03","0.03","0.35","0.43","0.14","0.21","0.53","0.04","-0.08","0.01"
"2001 MAY","71.3","70.2","100.3","463.4","70.7","327.0","105.5","95.0","65.6","95.8","85.2","82.3","15.3","78.2","64.6","49.8","55.3","82.5","99.7","78.9","81.5","88.3","147.9","0.2","0.1","-0.4","0.9","-0.4","-4.1","2.0","0.8","0.3","2.6","-0.2","-0.2","0.1","0.9","0.3","-2.7","1.0","0.4","-1.8","0.8","-1.0","1.7","-2.4","2.5","-0.9","3.5","-2.9","3.4","18.8","2.9","1.8","2.3","-2.2","0.2","-0.7","10.8","-1.8","1.2","2.0","8.7","4.5","0.6","10.1","6.8","-0.8","-4.6","0.6","-2.0","0.7","1.6","0.2","7.6","-0.4","1.7","0.6","-0.5","-0.2","1.4","3.3","-3.3","0.1","2.6","1.5","1.3","-1.6","3.3","3.1","2.1","1.6","3.2","0.0","4.2","-7.8","4.4","21.3","4.4","-0.1","3.2","-1.2","-1.1","-3.0","16.1","-1.1","0.7","5.0","12.3","3.7","2.6","10.0","5.2","-2.8","-0.7","0.20","0.00","-0.08","0.02","-0.06","-0.06","0.03","0.04","0.24","0.30","-0.01","-0.01","0.01","0.05","0.03","-0.16","0.04","0.02","-0.09","0.05","-0.01","0.02","0.00","2.49","-0.01","0.69","-0.06","0.50","0.23","0.04","0.10","1.70","-0.27","0.01","-0.02","0.65","-0.12","0.17","0.12","0.33","0.22","0.03","0.55","0.08","-0.01","-0.01","0.62","-0.02","0.14","0.03","0.04","0.10","-0.01","0.10","0.41","-0.06","-0.01","0.03","0.21","-0.22","0.01","0.15","0.06","0.07","-0.08","0.19","0.04","0.03","0.00","3.17","0.00","0.83","-0.17","0.66","0.26","0.06","-0.01","2.34","-0.15","-0.05","-0.08","0.94","-0.07","0.10","0.29","0.45","0.18","0.13","0.54","0.06","-0.04","0.00"
"2001 JUN","71.6","71.1","100.8","444.8","71.7","322.2","104.6","94.8","65.9","95.9","86.6","82.6","15.7","78.1","64.4","51.4","55.9","82.6","98.9","79.3","77.2","86.1","148.8","0.4","1.2","0.5","-4.0","1.5","-1.5","-0.9","-0.2","0.4","0.1","1.6","0.3","2.4","-0.2","-0.2","3.2","1.0","0.0","-0.8","0.6","-5.3","-2.5","0.6","2.2","-0.3","3.6","-10.4","4.7","21.0","-1.3","2.9","1.8","-2.1","2.0","1.4","6.6","-2.7","1.2","1.6","9.2","4.5","-0.5","10.2","0.8","-2.8","-4.3","0.4","-1.2","0.6","1.4","0.5","3.4","-0.7","2.0","0.2","-1.3","1.4","2.1","1.0","-2.7","0.3","1.7","2.1","1.3","-3.5","3.0","2.4","0.8","12.4","2.6","-0.5","3.9","-6.8","4.2","21.2","1.6","1.5","2.4","-2.0","0.4","-0.6","11.0","-2.4","1.1","3.1","8.7","4.3","0.9","10.1","5.1","-2.3","-1.9","0.43","0.01","0.11","-0.08","0.22","-0.02","-0.01","-0.01","0.33","0.01","0.07","0.01","0.15","-0.01","-0.03","0.19","0.04","0.00","-0.04","0.03","-0.06","-0.04","0.00","2.22","0.00","0.71","-0.23","0.70","0.25","-0.02","0.16","1.36","-0.25","0.09","0.03","0.42","-0.18","0.17","0.10","0.35","0.22","-0.02","0.55","0.01","-0.04","-0.01","0.39","-0.01","0.12","0.03","0.07","0.05","-0.01","0.12","0.17","-0.16","0.06","0.05","0.06","-0.17","0.04","0.10","0.08","0.06","-0.18","0.17","0.03","0.01","0.02","2.60","0.00","0.76","-0.15","0.63","0.26","0.02","0.09","1.75","-0.24","0.02","-0.02","0.67","-0.16","0.16","0.18","0.33","0.21","0.05","0.55","0.06","-0.03","0.00"
"2001 JUL","71.6","72.3","100.6","454.2","71.1","335.7","103.6","94.3","65.9","94.8","87.1","82.1","15.6","78.6","64.8","50.7","55.9","83.0","99.8","79.6","79.1","86.1","140.8","-0.1","1.7","-0.3","2.1","-0.9","4.2","-1.0","-0.5","0.0","-1.1","0.7","-0.5","-0.7","0.7","0.5","-1.3","-0.1","0.6","0.9","0.3","2.5","-0.1","-5.4","2.8","1.1","4.1","-5.5","4.4","24.5","-2.0","3.7","2.5","1.1","-0.4","0.2","10.5","-2.4","1.1","1.2","7.2","4.5","0.3","10.4","2.8","-6.5","-6.3","0.5","0.6","0.3","0.4","0.3","0.4","0.0","1.4","0.4","0.4","2.0","1.0","0.6","-0.6","0.5","0.2","1.8","1.2","-3.4","2.4","-1.1","0.5","6.0","2.5","-0.1","3.7","-6.3","4.2","21.4","-0.2","2.8","2.2","-1.1","0.6","0.3","9.3","-2.3","1.2","1.6","8.4","4.5","0.2","10.2","3.5","-3.4","-5.1","-0.09","0.01","-0.05","0.04","-0.13","0.06","-0.01","-0.03","-0.02","-0.13","0.03","-0.01","-0.05","0.04","0.07","-0.08","0.00","0.03","0.04","0.02","0.03","0.00","-0.01","2.85","0.01","0.79","-0.12","0.65","0.29","-0.03","0.21","1.85","0.13","-0.02","0.00","0.64","-0.16","0.16","0.07","0.28","0.22","0.02","0.57","0.03","-0.10","-0.01","0.46","0.01","0.05","0.01","0.05","0.01","0.00","0.08","0.32","0.04","0.09","0.03","0.04","-0.04","0.07","0.01","0.07","0.06","-0.18","0.14","-0.01","0.01","0.01","2.51","0.00","0.73","-0.14","0.62","0.26","0.00","0.16","1.64","-0.13","0.03","0.01","0.57","-0.15","0.16","0.09","0.32","0.22","0.01","0.56","0.04","-0.05","-0.01"
"2001 AUG","71.7","72.7","101.5","458.9","72.2","334.1","99.8","93.7","66.0","96.6","86.2","82.9","15.1","78.6","64.9","52.0","54.8","83.2","100.2","79.8","78.4","84.3","141.9","0.2","0.6","1.0","1.0","1.5","-0.5","-3.6","-0.6","0.1","1.9","-1.1","0.9","-3.3","0.1","0.2","2.5","-1.9","0.2","0.4","0.2","-1.0","-2.0","0.8","2.0","1.3","3.9","-2.8","4.4","23.0","-5.8","3.5","1.5","-2.6","-0.9","1.4","1.9","-1.6","1.4","4.7","5.7","4.8","0.6","10.3","2.6","-4.6","-2.7","0.5","2.4","0.5","-1.1","1.0","-0.1","-2.0","0.1","0.5","0.7","2.0","1.0","-0.3","0.2","0.5","1.2","0.8","1.0","-1.9","1.8","-3.2","-2.6","0.9","2.4","0.7","3.9","-6.3","4.5","22.8","-3.0","3.4","1.9","-1.2","0.2","1.0","6.3","-2.2","1.2","2.5","7.4","4.6","0.2","10.3","2.1","-4.7","-4.5","0.24","0.01","0.19","0.02","0.22","-0.01","-0.05","-0.04","0.08","0.22","-0.05","0.02","-0.22","0.00","0.02","0.15","-0.08","0.01","0.02","0.01","-0.01","-0.03","0.00","2.03","0.01","0.76","-0.06","0.66","0.28","-0.08","0.19","1.08","-0.32","-0.04","0.04","0.12","-0.11","0.20","0.28","0.22","0.24","0.03","0.56","0.03","-0.07","-0.01","0.46","0.02","0.09","-0.02","0.15","0.00","-0.03","0.00","0.34","0.08","0.09","0.02","-0.02","0.02","0.07","0.07","0.03","0.05","-0.10","0.10","-0.04","-0.04","0.00","2.36","0.01","0.75","-0.13","0.67","0.27","-0.04","0.19","1.43","-0.15","0.01","0.02","0.39","-0.15","0.18","0.15","0.28","0.23","0.01","0.56","0.02","-0.07","-0.01"
"2001 SEP","71.6","72.2","100.9","454.7","71.3","341.0","104.0","93.7","66.0","94.6","85.8","83.8","15.6","79.2","65.0","51.5","54.0","83.5","100.3","80.1","79.2","84.7","138.4","-0.1","-0.8","-0.7","-0.9","-1.3","2.1","4.2","0.0","0.0","-2.1","-0.4","1.2","3.6","0.6","0.2","-0.9","-1.4","0.4","0.1","0.4","1.0","0.4","-2.5","2.0","0.1","3.6","-2.0","3.5","23.2","-1.1","2.7","1.5","-1.4","-4.4","3.5","4.1","-1.3","1.1","3.7","4.6","4.5","0.6","10.0","3.7","-4.8","-6.1","0.4","2.7","0.4","0.0","0.5","2.1","-1.9","-0.9","0.4","0.4","0.8","0.6","-0.2","1.1","0.6","1.2","-0.8","1.0","0.1","1.3","-1.8","-2.4","-6.1","2.3","0.8","3.9","-3.4","4.1","23.6","-3.0","3.3","1.8","-1.0","-2.0","1.7","5.4","-1.8","1.2","3.2","5.9","4.6","0.5","10.2","3.0","-5.3","-5.0","-0.14","-0.01","-0.13","-0.02","-0.19","0.03","0.05","0.00","-0.01","-0.25","-0.02","0.03","0.23","0.04","0.02","-0.06","-0.06","0.02","0.00","0.02","0.01","0.01","0.00","1.99","0.00","0.70","-0.04","0.52","0.28","-0.01","0.15","1.14","-0.17","-0.21","0.09","0.27","-0.09","0.16","0.22","0.17","0.22","0.03","0.55","0.04","-0.07","-0.01","0.38","0.02","0.08","0.00","0.08","0.03","-0.03","-0.05","0.33","0.04","0.04","0.02","-0.02","0.07","0.09","0.07","-0.03","0.05","0.00","0.08","-0.02","-0.03","-0.01","2.29","0.01","0.75","-0.07","0.61","0.28","-0.04","0.19","1.36","-0.12","-0.09","0.04","0.34","-0.12","0.17","0.19","0.22","0.23","0.03","0.56","0.03","-0.08","-0.01"
"2001 OCT","71.8","71.7","100.0","444.1","71.1","323.7","102.5","93.9","66.3","96.4","83.1","82.6","16.1","79.3","65.2","52.2","53.1","83.6","100.0","80.3","80.6","87.1","135.3","0.2","-0.7","-0.9","-2.3","-0.2","-5.1","-1.4","0.3","0.5","1.9","-3.1","-1.4","3.3","0.2","0.3","1.3","-1.7","0.1","-0.3","0.3","1.8","2.9","-2.2","2.1","-0.6","2.7","-1.2","3.0","15.8","-3.1","2.0","2.1","0.2","-5.4","2.3","7.7","-2.8","1.2","6.9","1.5","4.2","-0.2","9.4","4.9","2.3","-6.5","0.3","1.4","0.2","-0.4","0.5","1.4","-2.3","-1.0","0.4","0.4","-1.4","0.9","0.4","1.0","0.6","2.5","-3.1","0.9","0.7","1.0","0.2","-1.7","-5.0","2.1","0.2","3.4","-2.0","3.7","20.6","-3.3","2.7","1.7","-1.3","-3.6","2.4","4.6","-1.9","1.3","5.1","3.9","4.5","0.4","9.9","3.7","-2.4","-5.1","0.23","-0.01","-0.17","-0.05","-0.04","-0.07","-0.02","0.01","0.39","0.22","-0.14","-0.04","0.22","0.01","0.05","0.08","-0.07","0.01","-0.02","0.02","0.02","0.04","0.00","2.14","-0.01","0.51","-0.02","0.45","0.19","-0.04","0.11","1.52","0.02","-0.24","0.06","0.50","-0.18","0.17","0.40","0.06","0.21","-0.01","0.52","0.05","0.03","-0.01","0.31","0.01","0.05","-0.01","0.07","0.02","-0.03","-0.06","0.30","0.04","-0.06","0.02","0.02","0.06","0.09","0.15","-0.12","0.04","0.03","0.06","0.00","-0.02","-0.01","2.05","0.00","0.66","-0.04","0.54","0.25","-0.04","0.15","1.25","-0.16","-0.16","0.06","0.29","-0.13","0.18","0.30","0.15","0.22","0.02","0.54","0.04","-0.03","-0.01"
"2001 NOV","71.8","73.3","100.2","445.3","71.2","334.6","100.5","94.3","66.2","97.0","82.5","83.8","15.8","80.9","65.4","50.4","53.0","83.8","99.5","80.3","79.2","88.4","130.4","0.0","2.2","0.2","0.3","0.1","3.4","-1.9","0.4","-0.1","0.7","-0.8","1.4","-1.7","2.0","0.4","-3.4","-0.1","0.2","-0.4","0.0","-1.8","1.4","-3.7","1.8","1.5","1.9","-3.9","2.4","18.0","-4.0","1.5","1.7","1.0","-3.9","5.1","5.7","-0.5","1.6","1.3","-1.0","4.1","-1.4","8.3","1.7","5.5","-12.4","0.1","0.5","-0.6","-1.0","-0.7","0.7","-0.3","-0.3","0.4","0.2","-3.3","1.1","2.6","1.7","0.8","0.0","-3.9","0.8","0.3","0.8","1.9","1.4","-6.4","2.0","0.3","2.7","-2.4","3.0","19.0","-2.7","2.1","1.8","-0.1","-4.6","3.6","5.8","-1.5","1.3","3.9","1.7","4.3","-0.3","9.2","3.4","0.9","-8.3","0.00","0.02","0.04","0.01","0.02","0.05","-0.02","0.02","-0.08","0.08","-0.03","0.04","-0.12","0.12","0.05","-0.20","0.00","0.01","-0.02","0.00","-0.02","0.02","-0.01","1.76","0.01","0.38","-0.08","0.36","0.22","-0.05","0.09","1.28","0.11","-0.17","0.13","0.36","-0.03","0.23","0.07","-0.04","0.20","-0.07","0.46","0.02","0.07","-0.02","0.14","0.00","-0.12","-0.02","-0.10","0.01","0.00","-0.02","0.27","0.03","-0.14","0.03","0.17","0.11","0.11","0.00","-0.15","0.04","0.01","0.05","0.02","0.02","-0.01","1.96","0.00","0.53","-0.05","0.44","0.23","-0.04","0.12","1.32","-0.01","-0.21","0.09","0.37","-0.10","0.19","0.23","0.06","0.21","-0.02","0.51","0.04","0.01","-0.02"
"2001 DEC","71.8","77.8","100.0","454.1","70.8","329.2","102.2","94.2","66.2","96.4","82.2","83.6","15.9","81.0","65.6","50.8","52.5","83.7","99.2","80.0","81.0","87.2","127.9","0.0","6.1","-0.2","2.0","-0.5","-1.6","1.6","-0.1","-0.1","-0.6","-0.3","-0.3","0.4","0.2","0.3","0.7","-0.9","-0.1","-0.3","-0.4","2.3","-1.4","-1.9","1.4","7.9","0.1","0.3","-0.6","13.5","-2.4","1.5","1.7","2.7","-4.8","4.3","6.3","-0.4","2.2","2.1","-4.8","3.9","-2.8","6.9","3.3","0.5","-14.7","0.2","2.6","-0.9","-1.8","-0.7","-2.3","-0.7","0.2","0.5","1.3","-4.4","0.4","3.5","2.0","0.9","-0.5","-3.7","0.5","-0.5","0.4","1.8","3.0","-6.5","1.8","2.9","1.5","-1.6","1.6","15.7","-3.2","1.7","1.8","1.3","-4.7","3.9","6.6","-1.2","1.7","3.4","-1.5","4.1","-1.5","8.2","3.3","2.7","-11.3","-0.03","0.05","-0.04","0.04","-0.08","-0.02","0.02","0.00","-0.05","-0.07","-0.01","-0.01","0.03","0.01","0.05","0.04","-0.04","0.00","-0.02","-0.02","0.03","-0.02","0.00","1.40","0.07","0.01","0.01","-0.09","0.17","-0.03","0.09","1.24","0.31","-0.21","0.11","0.40","-0.03","0.31","0.13","-0.19","0.19","-0.14","0.39","0.04","0.01","-0.03","0.20","0.02","-0.18","-0.04","-0.10","-0.03","-0.01","0.01","0.34","0.15","-0.19","0.01","0.22","0.13","0.12","-0.03","-0.14","0.03","-0.03","0.03","0.02","0.04","-0.01","1.77","0.03","0.30","-0.03","0.24","0.20","-0.04","0.09","1.35","0.15","-0.21","0.10","0.42","-0.08","0.24","0.20","-0.06","0.20","-0.08","0.46","0.04","0.04","-0.02"
"2002 JAN","72.0","83.8","99.7","449.3","71.0","311.0","102.2","94.0","66.4","96.2","82.1","81.4","16.6","82.2","65.8","50.1","52.3","83.7","99.3","79.5","85.6","89.1","116.9","0.3","7.7","-0.3","-1.1","0.2","-5.5","0.1","-0.3","0.3","-0.2","-0.2","-2.5","4.3","1.5","0.3","-1.4","-0.4","-0.1","0.1","-0.6","5.7","2.2","-8.6","1.5","16.5","0.0","-0.4","0.7","-2.1","-3.3","1.5","1.6","-0.6","-3.3","1.7","11.4","0.9","2.2","1.5","-2.0","3.0","-4.2","5.1","11.0","2.7","-15.0","0.2","8.4","-0.8","-0.7","-0.7","-2.4","-0.5","0.4","0.3","0.7","-3.3","-0.2","3.3","3.0","1.0","-2.8","-2.5","0.3","-0.8","-0.2","3.2","3.3","-9.7","1.5","8.6","0.7","-1.3","0.8","9.3","-3.2","1.5","1.7","1.0","-4.0","3.7","7.8","0.0","2.0","1.6","-2.6","3.7","-2.8","6.8","5.3","2.9","-14.0","0.25","0.07","-0.05","-0.02","0.03","-0.06","0.00","-0.02","0.24","-0.03","-0.01","-0.07","0.26","0.10","0.04","-0.08","-0.02","0.00","0.00","-0.04","0.07","0.03","-0.01","1.45","0.14","0.00","-0.01","0.09","-0.02","-0.04","0.09","1.24","-0.08","-0.15","0.04","0.66","0.06","0.31","0.09","-0.08","0.15","-0.23","0.29","0.12","0.04","-0.03","0.16","0.07","-0.15","-0.01","-0.10","-0.03","-0.01","0.02","0.23","0.09","-0.15","-0.01","0.20","0.19","0.13","-0.17","-0.10","0.02","-0.04","-0.01","0.04","0.05","-0.02","1.54","0.07","0.12","-0.03","0.11","0.09","-0.04","0.09","1.27","0.12","-0.19","0.09","0.45","0.00","0.28","0.10","-0.11","0.18","-0.15","0.39","0.06","0.04","-0.03"
"2002 FEB","71.8","88.5","99.9","437.3","71.5","305.9","100.9","93.3","66.2","95.7","81.9","82.4","16.4","81.6","65.5","51.2","52.3","83.2","99.3","79.1","82.0","88.3","116.4","-0.2","5.6","0.2","-2.7","0.8","-1.6","-1.3","-0.7","-0.3","-0.5","-0.3","1.1","-1.1","-0.8","-0.4","2.2","0.0","-0.6","0.0","-0.5","-4.2","-0.9","-0.5","1.3","23.9","0.2","-2.3","1.3","-3.0","-3.9","0.8","1.3","-0.3","-2.7","0.9","7.9","2.1","1.9","4.1","-3.5","2.3","-4.6","3.4","3.3","4.6","-12.6","0.2","15.2","-0.5","-0.2","-0.1","-5.3","-0.6","-0.1","0.2","0.1","-2.1","-1.1","2.8","2.3","0.7","-1.3","-1.9","-0.1","-0.7","-0.8","4.1","1.7","-10.6","1.4","16.1","0.1","-0.8","0.5","2.5","-3.2","1.3","1.6","0.6","-3.6","2.3","8.6","0.9","2.1","2.6","-3.5","3.1","-3.9","5.1","5.8","2.6","-14.2","-0.18","0.05","0.03","-0.05","0.11","-0.02","-0.02","-0.04","-0.23","-0.06","-0.01","0.03","-0.07","-0.05","-0.06","0.13","0.00","-0.03","0.00","-0.03","-0.05","-0.01","0.00","1.29","0.20","0.04","-0.05","0.18","-0.03","-0.05","0.05","1.00","-0.04","-0.12","0.02","0.47","0.14","0.27","0.24","-0.14","0.11","-0.25","0.20","0.04","0.07","-0.02","0.15","0.13","-0.09","0.00","-0.02","-0.06","-0.01","-0.01","0.12","0.01","-0.09","-0.03","0.17","0.15","0.10","-0.08","-0.07","-0.01","-0.04","-0.05","0.05","0.02","-0.02","1.38","0.14","0.02","-0.02","0.06","0.03","-0.04","0.08","1.16","0.07","-0.17","0.06","0.50","0.06","0.30","0.15","-0.14","0.15","-0.21","0.29","0.07","0.04","-0.03"
"2002 MAR","72.0","90.3","101.5","435.1","72.7","328.3","101.4","92.6","66.2","94.5","79.7","83.7","17.1","81.6","65.2","50.9","53.2","82.7","99.2","78.9","83.9","90.2","114.4","0.3","2.1","1.6","-0.5","1.6","7.3","0.5","-0.8","0.0","-1.3","-2.7","1.6","4.1","0.0","-0.5","-0.6","1.7","-0.6","0.0","-0.3","2.3","2.1","-1.7","0.8","27.7","1.0","-3.2","2.0","1.1","-3.6","-0.7","0.6","-1.7","-5.6","4.0","7.7","3.3","1.6","-0.7","-3.4","1.3","-4.1","1.9","6.7","2.5","-10.6","0.2","17.9","0.3","-1.6","1.0","-4.3","-0.2","-0.9","0.0","-1.2","-1.7","-1.0","4.6","1.7","0.1","-0.8","-0.5","-0.6","-0.3","-1.3","4.5","1.9","-11.6","1.2","22.7","0.4","-2.0","1.3","-1.3","-3.6","0.5","1.2","-0.9","-3.9","2.2","9.0","2.1","1.9","1.6","-3.0","2.2","-4.3","3.5","7.0","3.3","-12.8","0.26","0.02","0.29","-0.01","0.22","0.07","0.01","-0.04","-0.01","-0.15","-0.12","0.04","0.26","0.00","-0.07","-0.03","0.07","-0.03","0.00","-0.02","0.03","0.03","0.00","0.79","0.23","0.17","-0.06","0.28","0.01","-0.05","-0.04","0.43","-0.21","-0.25","0.10","0.47","0.21","0.23","-0.04","-0.14","0.07","-0.22","0.11","0.08","0.04","-0.02","0.20","0.15","0.06","-0.03","0.14","-0.05","0.00","-0.05","0.03","-0.15","-0.07","-0.03","0.28","0.11","0.02","-0.05","-0.02","-0.03","-0.02","-0.08","0.05","0.03","-0.02","1.18","0.19","0.07","-0.04","0.19","-0.01","-0.05","0.03","0.89","-0.11","-0.17","0.06","0.53","0.14","0.27","0.10","-0.12","0.11","-0.24","0.20","0.08","0.05","-0.02"
"2002 APR","72.6","90.1","100.0","447.2","71.4","299.5","101.7","92.3","67.1","99.3","81.9","83.2","16.9","82.4","65.2","52.7","55.6","83.3","99.2","78.9","82.2","88.2","115.7","0.8","-0.2","-1.5","2.8","-1.7","-8.8","0.3","-0.4","1.4","5.0","2.8","-0.6","-1.0","1.1","0.0","3.5","4.5","0.7","-0.1","0.0","-2.1","-2.2","1.1","2.0","28.5","-0.7","-2.7","0.7","-12.2","-1.7","-2.2","2.7","6.3","-4.0","0.9","10.3","6.3","1.2","3.0","1.5","1.3","-2.3","0.9","-0.1","1.6","-23.7","0.4","14.5","0.5","-2.2","1.3","-4.2","-0.3","-1.5","0.4","-0.1","-1.4","0.2","4.3","0.6","-0.5","2.3","2.1","-0.8","-0.1","-1.2","0.9","0.8","-7.6","1.3","26.7","0.1","-2.7","1.3","-4.8","-3.1","-0.7","1.5","1.4","-4.1","1.9","8.7","3.9","1.6","2.1","-1.8","1.6","-3.7","2.0","3.2","2.9","-16.0","0.77","0.00","-0.28","0.05","-0.24","-0.09","0.00","-0.02","1.07","0.60","0.12","-0.02","-0.06","0.07","-0.01","0.21","0.18","0.03","0.00","0.00","-0.03","-0.03","0.00","1.95","0.23","-0.13","-0.05","0.09","-0.14","-0.02","-0.13","1.99","0.76","-0.18","0.02","0.61","0.40","0.16","0.18","0.06","0.06","-0.12","0.05","0.00","0.02","-0.05","0.41","0.13","0.09","-0.04","0.17","-0.05","0.00","-0.09","0.27","-0.01","-0.06","0.01","0.26","0.04","-0.07","0.14","0.08","-0.04","-0.01","-0.07","0.01","0.01","-0.01","1.34","0.22","0.03","-0.05","0.19","-0.05","-0.04","-0.04","1.14","0.17","-0.18","0.05","0.52","0.25","0.22","0.13","-0.07","0.08","-0.20","0.12","0.04","0.04","-0.03"
"2002 MAY","72.9","89.3","102.6","465.6","73.5","304.1","99.9","92.1","67.2","96.7","81.5","83.7","17.4","83.5","65.0","53.5","56.1","83.2","98.8","79.0","83.2","89.7","111.9","0.5","-1.0","2.6","4.1","2.9","1.5","-1.8","-0.2","0.1","-2.6","-0.6","0.6","3.2","1.3","-0.3","1.6","0.8","-0.1","-0.4","0.1","1.2","1.7","-3.3","2.3","27.1","2.3","0.5","4.0","-7.0","-5.4","-3.1","2.4","0.9","-4.4","1.7","13.7","6.8","0.6","7.5","1.4","0.8","-0.9","0.2","2.1","1.6","-24.3","0.9","7.8","1.5","0.5","2.0","-1.5","-0.8","-1.6","0.9","0.7","-1.3","1.3","5.2","1.1","-0.8","3.3","4.9","-0.6","-0.2","-0.8","0.3","1.4","-5.3","1.7","27.7","0.8","-1.8","2.2","-6.1","-3.6","-2.0","1.9","1.8","-4.6","2.2","10.6","5.5","1.1","3.2","-0.2","1.1","-2.4","1.0","2.8","1.9","-20.0","0.51","-0.01","0.47","0.08","0.39","0.02","-0.02","-0.01","0.06","-0.32","-0.02","0.02","0.20","0.09","-0.04","0.10","0.03","-0.01","-0.02","0.01","0.01","0.02","0.00","2.27","0.22","0.42","0.01","0.55","-0.08","-0.07","-0.18","1.81","0.11","-0.20","0.04","0.81","0.43","0.09","0.44","0.06","0.04","-0.05","0.01","0.02","0.02","-0.05","0.91","0.08","0.27","0.01","0.28","-0.02","-0.01","-0.09","0.66","0.09","-0.06","0.03","0.32","0.07","-0.12","0.20","0.19","-0.03","-0.01","-0.05","0.00","0.02","-0.01","1.67","0.23","0.15","-0.04","0.31","-0.07","-0.05","-0.12","1.41","0.22","-0.21","0.06","0.63","0.35","0.16","0.20","-0.01","0.06","-0.13","0.06","0.03","0.03","-0.04"
"2002 JUN","71.2","89.1","97.4","448.0","68.7","330.5","98.5","92.4","65.9","92.8","80.2","85.6","16.3","83.9","65.1","51.5","52.2","83.6","98.4","79.2","84.4","88.3","107.4","-2.3","-0.2","-5.1","-3.8","-6.5","8.7","-1.3","0.3","-1.9","-4.0","-1.5","2.2","-6.8","0.5","0.2","-3.8","-7.0","0.5","-0.4","0.2","1.4","-1.5","-4.1","-0.5","25.3","-3.4","0.7","-4.3","2.6","-5.8","-2.5","0.1","-3.2","-7.3","3.6","3.6","7.5","1.0","0.2","-6.7","1.3","-0.5","-0.2","9.3","2.6","-27.9","0.4","2.2","-0.4","3.0","-0.7","-1.2","-1.4","-1.1","0.7","0.8","0.0","2.0","1.1","1.8","-0.7","3.6","3.8","0.2","-0.5","-0.2","-0.7","-0.5","-3.7","1.2","27.0","-0.6","-0.5","0.1","-5.7","-4.3","-2.6","1.7","1.3","-5.2","2.1","9.2","6.9","0.9","3.5","-1.3","1.1","-1.2","0.3","3.6","1.9","-25.3","-2.31","0.00","-0.93","-0.08","-0.92","0.09","-0.02","0.02","-1.40","-0.49","-0.07","0.06","-0.44","0.03","0.02","-0.24","-0.28","0.02","-0.02","0.01","0.02","-0.02","-0.01","-0.53","0.21","-0.63","0.01","-0.60","0.03","-0.08","-0.15","0.04","-0.40","-0.34","0.09","0.22","0.48","0.14","0.01","-0.28","0.06","-0.03","-0.01","0.10","0.04","-0.06","0.45","0.02","-0.07","0.06","-0.10","-0.01","-0.02","-0.06","0.56","0.10","0.00","0.05","0.07","0.12","-0.09","0.22","0.15","0.01","-0.02","-0.01","-0.01","-0.01","-0.01","1.23","0.22","-0.12","-0.01","0.01","-0.06","-0.06","-0.15","1.28","0.16","-0.24","0.05","0.55","0.44","0.13","0.21","-0.05","0.06","-0.07","0.02","0.04","0.03","-0.05"
"2002 JUL","72.5","89.0","103.7","397.9","76.0","312.1","98.4","92.4","66.5","96.4","80.8","85.0","17.2","81.9","64.3","52.2","53.4","82.8","97.7","79.2","84.9","88.6","112.7","1.8","-0.1","6.5","-11.2","10.7","-5.6","-0.1","0.0","0.8","3.9","0.7","-0.7","6.1","-2.5","-1.1","1.3","2.3","-1.0","-0.6","0.0","0.7","0.3","5.0","1.3","23.1","3.1","-12.4","6.9","-7.0","-4.9","-2.0","0.9","1.7","-7.3","3.5","10.7","4.2","-0.7","2.8","-4.5","-0.3","-2.0","-0.5","7.4","3.0","-19.9","0.1","-0.6","0.8","-0.6","1.2","1.4","-2.3","-0.5","0.0","-1.2","-0.4","2.0","1.1","1.5","-0.8","1.5","0.3","0.1","-0.9","0.2","1.8","0.0","-4.2","1.0","25.2","0.7","-3.7","2.2","-3.9","-5.4","-2.5","1.1","-0.2","-6.3","2.9","9.3","6.2","0.3","3.5","-3.3","0.6","-1.2","-0.2","6.2","2.4","-24.1","1.79","0.00","1.16","-0.22","1.44","-0.06","0.00","0.00","0.63","0.46","0.03","-0.02","0.38","-0.17","-0.16","0.08","0.09","-0.05","-0.03","0.00","0.01","0.00","0.01","1.34","0.19","0.57","-0.25","0.96","-0.08","-0.06","-0.12","0.69","0.20","-0.34","0.09","0.64","0.27","-0.09","0.17","-0.18","-0.02","-0.11","-0.03","0.08","0.04","-0.04","0.14","-0.01","0.14","-0.01","0.16","0.01","-0.03","-0.03","0.04","-0.15","-0.02","0.05","0.07","0.10","-0.11","0.09","0.01","0.01","-0.05","0.01","0.02","0.00","-0.01","1.03","0.21","0.12","-0.07","0.30","-0.04","-0.07","-0.15","0.84","-0.03","-0.29","0.08","0.56","0.39","0.04","0.21","-0.14","0.03","-0.06","-0.01","0.07","0.03","-0.05"
"2002 AUG","72.8","89.6","103.7","409.3","75.8","303.6","98.7","93.2","66.8","95.4","81.7","86.9","17.4","82.9","64.6","53.0","53.8","82.4","97.3","79.4","87.7","89.7","110.8","0.3","0.6","-0.1","2.9","-0.3","-2.7","0.3","0.8","0.4","-1.0","1.1","2.2","0.7","1.3","0.4","1.7","0.7","-0.4","-0.5","0.2","3.2","1.2","-1.7","1.5","23.1","2.1","-10.8","5.1","-9.1","-1.1","-0.5","1.2","-1.3","-5.2","4.8","15.3","5.4","-0.5","2.0","-1.9","-0.9","-2.9","-0.6","11.9","6.4","-21.9","-0.4","-0.8","0.2","-6.9","1.4","1.5","-2.4","0.4","-0.7","-2.0","-0.1","2.7","-1.1","0.5","-0.7","-0.3","-3.4","-0.1","-1.3","0.4","3.1","-0.6","-3.3","0.8","23.8","0.6","-7.6","2.6","-4.6","-4.0","-1.7","0.7","-1.0","-6.6","4.0","9.8","5.7","0.0","1.7","-4.4","0.0","-1.8","-0.4","9.5","4.0","-23.3","0.35","0.01","-0.01","0.05","-0.04","-0.03","0.00","0.05","0.31","-0.12","0.05","0.06","0.04","0.08","0.05","0.10","0.03","-0.02","-0.02","0.01","0.04","0.02","0.00","1.45","0.19","0.39","-0.22","0.71","-0.10","-0.01","-0.03","0.92","-0.16","-0.24","0.12","0.88","0.34","-0.06","0.13","-0.08","-0.05","-0.15","-0.03","0.13","0.09","-0.04","-0.44","-0.01","0.04","-0.13","0.19","0.02","-0.03","0.02","-0.50","-0.25","-0.01","0.07","-0.07","0.03","-0.10","-0.02","-0.14","-0.01","-0.07","0.02","0.04","-0.01","0.00","0.76","0.20","0.11","-0.15","0.36","-0.05","-0.05","-0.10","0.55","-0.12","-0.30","0.10","0.58","0.36","-0.01","0.10","-0.18","0.00","-0.10","-0.02","0.11","0.06","-0.05"
"2002 SEP","73.1","89.8","105.4","434.3","76.6","320.9","98.0","93.8","66.8","94.8","81.5","87.0","17.6","83.0","64.8","52.2","54.6","81.5","96.9","79.4","88.9","93.5","112.2","0.4","0.2","1.6","6.1","1.0","5.7","-0.8","0.7","0.1","-0.6","-0.3","0.2","1.2","0.2","0.4","-1.5","1.5","-1.1","-0.3","0.1","1.4","4.2","1.3","2.0","24.3","4.4","-4.5","7.5","-5.9","-5.8","0.2","1.3","0.2","-5.1","3.8","12.7","4.9","-0.2","1.4","1.0","-2.4","-3.3","-0.9","12.3","10.4","-18.9","0.7","-0.1","4.3","-8.8","7.0","0.3","-1.6","1.0","-0.1","-0.7","0.2","2.5","3.1","-0.9","-0.8","-0.2","-1.3","-1.3","-1.5","0.4","4.7","2.1","0.2","1.6","23.5","3.2","-9.2","6.5","-7.3","-4.0","-0.8","1.1","0.2","-5.9","4.0","12.8","4.8","-0.4","2.1","-1.8","-1.2","-2.8","-0.6","10.5","6.6","-20.3","0.38","0.00","0.30","0.11","0.15","0.06","-0.01","0.04","0.04","-0.07","-0.01","0.00","0.08","0.01","0.05","-0.09","0.06","-0.05","-0.02","0.00","0.02","0.06","0.00","1.99","0.21","0.81","-0.09","1.04","-0.07","-0.08","0.01","0.96","0.03","-0.23","0.10","0.76","0.31","-0.03","0.09","0.04","-0.12","-0.18","-0.05","0.14","0.15","-0.04","0.74","0.00","0.77","-0.17","0.96","0.00","-0.02","0.05","-0.08","-0.09","0.01","0.07","0.20","-0.06","-0.10","-0.01","-0.05","-0.07","-0.08","0.02","0.06","0.03","0.00","1.59","0.20","0.59","-0.18","0.90","-0.08","-0.05","-0.05","0.86","0.02","-0.27","0.11","0.76","0.31","-0.06","0.13","-0.07","-0.06","-0.15","-0.04","0.12","0.09","-0.04"
"2002 OCT","73.1","89.7","103.9","440.6","75.3","310.1","97.5","94.1","67.1","95.7","80.2","87.7","18.2","84.0","65.6","51.6","55.1","81.2","96.6","79.5","85.8","90.0","110.9","0.1","-0.1","-1.4","1.4","-1.7","-3.4","-0.5","0.3","0.5","0.9","-1.5","0.8","3.7","1.2","1.2","-1.3","0.9","-0.4","-0.4","0.1","-3.4","-3.7","-1.1","1.9","25.1","3.9","-0.8","5.9","-4.2","-4.9","0.2","1.3","-0.8","-3.5","6.1","13.0","6.0","0.6","-1.2","3.8","-2.9","-3.4","-1.0","6.5","3.3","-18.0","1.0","0.6","3.0","-2.1","4.4","-1.3","-0.9","1.5","0.5","0.0","0.4","2.8","4.3","0.2","0.3","-0.2","1.1","-1.7","-1.4","0.3","3.9","2.5","0.6","1.8","24.2","3.5","-5.4","6.2","-6.4","-4.0","-0.1","1.3","-0.6","-4.6","4.9","13.6","5.4","0.0","0.8","0.9","-2.0","-3.2","-0.8","10.2","6.7","-19.7","0.13","0.00","-0.27","0.03","-0.25","-0.04","-0.01","0.02","0.37","0.11","-0.07","0.02","0.24","0.08","0.16","-0.08","0.04","-0.02","-0.02","0.01","-0.04","-0.06","0.00","1.89","0.21","0.70","-0.02","0.82","-0.04","-0.06","0.01","0.95","-0.09","-0.15","0.16","0.81","0.38","0.09","-0.07","0.15","-0.14","-0.18","-0.06","0.08","0.05","-0.03","1.05","0.01","0.55","-0.04","0.62","-0.01","-0.01","0.09","0.40","0.00","0.02","0.08","0.28","0.02","0.04","-0.01","0.04","-0.09","-0.07","0.02","0.05","0.04","0.00","1.77","0.20","0.63","-0.11","0.86","-0.07","-0.05","0.00","0.94","-0.07","-0.21","0.13","0.82","0.35","0.00","0.05","0.04","-0.10","-0.17","-0.05","0.12","0.10","-0.04"
"2002 NOV","73.3","89.2","104.4","421.7","76.2","305.0","99.5","93.6","67.3","95.1","80.3","86.8","18.4","84.4","65.9","52.6","54.6","81.7","96.4","79.7","83.5","90.5","112.9","0.2","-0.5","0.5","-4.3","1.1","-1.7","2.0","-0.5","0.2","-0.6","0.2","-1.0","0.8","0.4","0.4","2.0","-0.9","0.6","-0.2","0.2","-2.7","0.5","1.8","2.1","21.7","4.2","-5.3","7.0","-8.9","-1.0","-0.7","1.6","-2.0","-2.6","3.6","15.9","4.3","0.7","4.4","2.9","-2.5","-3.1","-0.8","5.5","2.4","-13.4","1.4","0.4","2.9","3.3","3.4","-1.1","-0.2","1.3","1.0","0.3","-0.3","1.6","6.5","1.1","1.2","-0.2","3.1","-1.8","-1.2","0.3","0.5","2.8","1.5","2.0","23.7","4.2","-3.5","6.8","-6.3","-3.9","-0.1","1.4","-0.8","-3.7","4.5","13.9","5.1","0.4","1.5","2.6","-2.6","-3.3","-0.9","8.1","5.3","-16.8","0.19","-0.01","0.09","-0.08","0.16","-0.02","0.02","-0.03","0.14","-0.07","0.01","-0.03","0.06","0.03","0.06","0.12","-0.04","0.03","-0.01","0.01","-0.03","0.01","0.00","2.08","0.18","0.76","-0.10","0.97","-0.10","-0.01","-0.04","1.17","-0.25","-0.11","0.10","0.97","0.28","0.10","0.26","0.11","-0.13","-0.16","-0.05","0.06","0.04","-0.02","1.36","0.00","0.53","0.06","0.49","-0.01","0.00","0.07","0.75","0.04","-0.01","0.04","0.42","0.07","0.16","-0.01","0.12","-0.09","-0.06","0.02","0.01","0.04","0.00","1.98","0.20","0.76","-0.07","0.94","-0.07","-0.05","-0.01","1.03","-0.10","-0.17","0.12","0.85","0.33","0.05","0.09","0.10","-0.13","-0.17","-0.05","0.09","0.08","-0.03"
"2002 DEC","73.4","88.7","105.4","429.9","76.1","332.5","103.4","92.4","67.4","95.3","79.9","87.3","18.7","83.8","65.9","51.8","54.2","83.9","96.2","80.1","86.7","86.5","112.9","0.2","-0.6","0.9","1.9","-0.1","9.0","3.9","-1.3","0.1","0.2","-0.6","0.6","1.8","-0.6","0.1","-1.6","-0.7","2.7","-0.2","0.6","3.8","-4.5","0.0","2.3","14.0","5.4","-5.3","7.5","1.0","1.2","-2.0","1.8","-1.2","-2.9","4.5","17.5","3.4","0.4","1.9","3.2","0.2","-3.0","0.2","7.0","-0.8","-11.7","0.7","-0.3","0.3","4.1","-0.4","1.2","1.8","0.2","0.8","-0.2","-1.5","1.1","5.9","1.8","1.9","-0.9","1.3","0.0","-1.0","0.5","-2.1","-1.8","0.3","2.1","20.1","4.5","-3.8","6.8","-4.0","-1.6","-0.8","1.5","-1.3","-3.0","4.7","15.5","4.6","0.6","1.7","3.3","-1.7","-3.2","-0.5","6.3","1.7","-14.5","0.17","-0.01","0.17","0.04","-0.02","0.09","0.05","-0.08","0.10","0.03","-0.02","0.01","0.12","-0.04","0.01","-0.10","-0.03","0.13","-0.01","0.03","0.04","-0.07","0.00","2.29","0.13","0.97","-0.11","1.03","0.01","0.02","-0.12","1.32","-0.14","-0.13","0.12","1.07","0.23","0.06","0.11","0.12","0.01","-0.16","0.01","0.08","-0.01","-0.02","0.68","0.00","0.05","0.07","-0.06","0.01","0.02","0.01","0.63","-0.02","-0.06","0.03","0.39","0.12","0.26","-0.06","0.05","0.00","-0.05","0.03","-0.03","-0.03","0.00","2.09","0.17","0.81","-0.07","0.94","-0.04","-0.02","-0.05","1.14","-0.16","-0.13","0.12","0.95","0.30","0.08","0.10","0.13","-0.09","-0.17","-0.03","0.07","0.02","-0.03"
"2003 JAN","73.7","88.3","104.9","431.6","75.6","337.4","102.3","91.1","67.8","94.5","82.4","87.4","19.4","83.9","66.3","53.8","54.9","80.5","96.0","80.8","89.1","86.2","113.1","0.4","-0.4","-0.5","0.4","-0.7","1.5","-1.1","-1.3","0.7","-0.8","3.1","0.1","3.9","0.1","0.6","4.0","1.2","-4.1","-0.2","0.9","2.7","-0.4","0.2","2.4","5.3","5.1","-3.9","6.5","8.5","0.1","-3.0","2.1","-1.7","0.3","7.4","17.1","2.0","0.8","7.4","4.9","-3.8","-3.4","1.7","4.0","-3.3","-3.2","0.6","-1.0","0.5","-0.1","0.0","4.3","3.7","-1.4","0.9","-0.3","-0.3","0.0","6.2","0.9","1.6","0.9","0.2","0.4","-0.8","1.0","-1.2","-3.7","1.5","2.3","13.3","4.9","-4.9","7.0","0.0","0.1","-1.9","1.8","-1.6","-1.7","5.1","16.9","3.3","0.6","4.6","3.7","-2.0","-3.2","0.4","5.5","-0.6","-9.7","0.36","0.00","-0.08","0.01","-0.09","0.02","-0.01","-0.08","0.54","-0.10","0.13","0.00","0.25","0.01","0.09","0.24","0.05","-0.21","-0.01","0.05","0.04","0.00","0.00","2.40","0.05","0.88","-0.07","0.84","0.10","0.00","-0.19","1.62","-0.21","0.01","0.19","1.00","0.13","0.11","0.45","0.20","-0.19","-0.19","0.10","0.05","-0.05","-0.01","0.64","-0.01","0.10","0.00","0.00","0.05","0.05","-0.09","0.65","-0.04","-0.01","0.00","0.38","0.06","0.22","0.05","0.01","0.02","-0.04","0.06","-0.02","-0.06","0.00","2.26","0.12","0.84","-0.09","0.91","0.00","0.00","-0.12","1.38","-0.20","-0.08","0.14","0.96","0.21","0.09","0.28","0.15","-0.10","-0.18","0.02","0.07","-0.01","-0.02"
"2003 FEB","73.9","87.9","106.1","441.0","76.2","344.4","104.7","90.1","68.0","93.8","82.0","87.2","19.8","83.8","66.4","54.4","54.8","82.6","95.6","81.4","90.7","85.5","108.3","0.4","-0.4","1.1","2.2","0.8","2.1","2.4","-1.1","0.3","-0.7","-0.4","-0.3","1.9","-0.1","0.1","1.1","0.0","2.6","-0.4","0.7","1.9","-0.7","-4.3","3.0","-0.7","6.2","0.8","6.5","12.6","3.8","-3.4","2.8","-1.9","0.2","5.8","20.6","2.7","1.3","6.3","4.8","-0.7","-3.7","2.8","10.6","-3.2","-6.9","0.7","-1.4","0.8","0.5","-0.1","8.4","5.2","-2.8","1.0","-0.7","0.9","0.2","6.9","0.0","1.2","2.3","-0.2","1.1","-0.8","1.6","3.2","-5.8","-0.5","2.5","5.9","5.5","-2.8","6.8","7.2","1.7","-2.8","2.2","-1.6","-0.8","5.9","18.4","2.7","0.8","5.2","4.3","-1.4","-3.4","1.5","7.2","-2.4","-7.4","0.36","0.00","0.20","0.04","0.11","0.02","0.03","-0.07","0.23","-0.09","-0.02","-0.01","0.13","-0.01","0.01","0.07","0.00","0.13","-0.02","0.04","0.02","-0.01","-0.01","2.96","-0.01","1.06","0.01","0.85","0.14","0.05","-0.21","2.09","-0.24","0.01","0.15","1.20","0.17","0.18","0.39","0.19","-0.04","-0.21","0.18","0.13","-0.05","-0.01","0.71","-0.01","0.15","0.01","-0.01","0.09","0.06","-0.17","0.75","-0.08","0.04","0.00","0.43","0.00","0.16","0.14","-0.01","0.05","-0.04","0.10","0.04","-0.09","0.00","2.55","0.06","0.96","-0.05","0.89","0.08","0.02","-0.17","1.68","-0.20","-0.03","0.15","1.06","0.18","0.12","0.32","0.17","-0.07","-0.19","0.10","0.09","-0.04","-0.01"
"2003 MAR","73.8","87.9","106.2","427.3","76.7","339.1","105.2","90.1","67.8","93.0","82.3","86.2","19.3","84.5","66.6","53.8","54.7","83.2","95.2","81.7","89.7","85.0","106.0","-0.2","-0.1","0.1","-3.1","0.6","-1.5","0.5","0.0","-0.3","-0.9","0.3","-1.1","-2.1","0.9","0.4","-1.1","-0.3","0.8","-0.4","0.4","-1.1","-0.6","-2.2","2.5","-2.8","4.6","-1.8","5.5","3.3","3.8","-2.7","2.5","-1.6","3.3","3.0","13.4","3.7","2.2","5.7","2.8","0.6","-4.0","3.5","6.9","-5.8","-7.4","0.7","-1.3","1.1","0.6","0.4","7.7","3.9","-3.1","1.0","-1.6","2.6","-0.4","5.9","0.0","1.0","3.9","0.3","-0.2","-0.8","1.9","5.2","-3.9","-2.7","2.6","0.5","5.3","-1.6","6.2","8.0","2.5","-3.1","2.5","-1.8","1.3","5.4","17.0","2.8","1.4","6.5","4.1","-1.3","-3.7","2.7","7.1","-4.1","-5.8","-0.21","0.00","0.02","-0.05","0.09","-0.02","0.01","0.00","-0.23","-0.11","0.01","-0.03","-0.15","0.06","0.06","-0.07","-0.01","0.04","-0.02","0.02","-0.01","-0.01","0.00","2.48","-0.03","0.81","-0.03","0.74","0.04","0.05","-0.17","1.86","-0.19","0.14","0.08","0.80","0.24","0.31","0.35","0.11","0.03","-0.23","0.22","0.09","-0.09","-0.01","0.72","-0.01","0.20","0.01","0.05","0.09","0.05","-0.19","0.73","-0.19","0.11","-0.01","0.38","0.00","0.14","0.24","0.01","-0.01","-0.04","0.12","0.07","-0.06","0.00","2.61","0.01","0.92","-0.03","0.81","0.09","0.03","-0.19","1.86","-0.21","0.06","0.14","1.00","0.18","0.20","0.40","0.17","-0.07","-0.21","0.17","0.09","-0.06","-0.01"
"2003 APR","74.4","88.0","105.2","405.3","76.4","338.1","103.8","91.0","68.7","95.4","84.5","87.5","20.3","84.4","67.2","54.1","53.6","83.0","96.1","81.9","93.3","85.5","91.0","0.9","0.2","-0.9","-5.2","-0.4","-0.3","-1.4","1.0","1.3","2.6","2.7","1.5","5.0","-0.1","0.9","0.6","-1.9","-0.2","0.9","0.3","4.0","0.5","-14.1","2.6","-2.4","5.3","-9.4","6.9","12.9","2.1","-1.4","2.3","-3.9","3.2","5.1","20.2","2.4","3.2","2.8","-3.6","-0.3","-3.1","3.8","13.5","-3.1","-21.3","0.8","-0.9","0.9","-0.7","0.6","4.8","2.8","-2.1","1.1","-0.9","2.6","-0.3","5.3","0.3","1.1","2.6","-0.3","1.1","-0.6","1.8","5.6","-2.7","-9.9","2.7","-1.9","5.4","-3.5","6.3","9.4","3.2","-2.5","2.5","-2.5","2.2","4.6","18.0","2.9","2.2","4.9","1.2","-0.1","-3.6","3.4","10.3","-4.0","-11.9","0.86","0.00","-0.16","-0.08","-0.05","0.00","-0.02","0.06","0.96","0.30","0.12","0.04","0.33","-0.01","0.12","0.04","-0.08","-0.01","0.05","0.02","0.05","0.01","-0.02","2.57","-0.02","0.90","-0.16","0.90","0.14","0.03","-0.08","1.75","-0.48","0.14","0.13","1.19","0.16","0.44","0.17","-0.15","-0.01","-0.17","0.24","0.17","-0.05","-0.03","0.81","-0.01","0.16","-0.01","0.09","0.05","0.04","-0.13","0.79","-0.11","0.11","-0.01","0.34","0.02","0.15","0.16","-0.01","0.06","-0.03","0.11","0.07","-0.04","-0.02","2.67","-0.02","0.92","-0.06","0.83","0.11","0.04","-0.15","1.90","-0.30","0.10","0.12","1.07","0.19","0.31","0.30","0.05","-0.01","-0.20","0.21","0.13","-0.06","-0.02"
"2003 MAY","74.3","87.8","104.3","402.7","75.3","350.2","104.0","91.8","68.7","93.7","83.8","88.4","20.5","85.8","67.7","53.4","53.6","82.7","96.5","82.1","92.6","85.3","93.8","-0.2","-0.2","-0.9","-0.6","-1.5","3.6","0.3","0.8","-0.1","-1.8","-0.9","1.0","0.9","1.6","0.7","-1.3","-0.1","-0.5","0.4","0.2","-0.8","-0.3","3.1","1.9","-1.6","1.6","-13.5","2.4","15.2","4.2","-0.3","2.2","-3.1","2.9","5.5","17.5","2.7","4.2","-0.2","-4.4","-0.6","-2.4","3.9","11.3","-5.0","-16.2","0.7","-0.5","-0.2","-5.2","0.2","1.3","0.9","-0.2","1.0","-0.6","2.6","0.1","3.9","1.3","1.5","0.8","-1.2","0.8","0.0","1.4","3.4","-0.9","-13.0","2.3","-2.3","3.8","-8.4","4.9","10.3","3.3","-1.5","2.3","-2.9","3.1","4.5","17.0","2.9","3.2","2.7","-1.8","-0.1","-3.2","3.7","10.5","-4.6","-15.0","-0.17","0.00","-0.16","-0.01","-0.20","0.04","0.00","0.05","-0.05","-0.21","-0.04","0.03","0.06","0.11","0.09","-0.08","0.00","-0.02","0.02","0.01","-0.01","0.00","0.00","1.87","-0.02","0.28","-0.24","0.32","0.16","0.05","-0.02","1.63","-0.38","0.12","0.14","1.07","0.18","0.57","-0.01","-0.19","-0.03","-0.13","0.24","0.14","-0.08","-0.02","0.67","0.00","-0.03","-0.09","0.03","0.02","0.01","-0.01","0.73","-0.07","0.11","0.00","0.26","0.08","0.20","0.05","-0.05","0.04","0.00","0.09","0.04","-0.01","-0.02","2.30","-0.02","0.66","-0.15","0.65","0.11","0.04","-0.09","1.75","-0.35","0.14","0.12","1.02","0.19","0.44","0.17","-0.08","0.00","-0.18","0.23","0.13","-0.07","-0.02"
"2003 JUN","74.8","87.2","105.1","395.6","76.0","354.5","105.1","92.3","69.1","94.6","84.3","87.8","20.6","86.4","68.0","54.6","54.5","82.7","96.6","82.5","92.5","85.8","98.9","0.7","-0.7","0.8","-1.7","1.0","1.2","1.1","0.5","0.7","1.0","0.6","-0.6","0.4","0.7","0.4","2.1","1.7","0.1","0.1","0.5","-0.1","0.6","5.5","5.0","-2.1","7.9","-11.7","10.7","7.3","6.7","-0.2","4.8","2.0","5.1","2.6","26.5","2.9","4.5","6.0","4.5","-1.1","-1.8","4.1","9.7","-2.9","-7.8","1.0","-0.4","-0.8","-7.4","-0.3","2.2","0.2","1.4","1.4","0.8","2.4","1.1","4.8","1.8","1.8","0.1","-1.6","0.8","0.8","1.1","3.3","-0.1","-13.3","3.1","-2.1","4.9","-11.6","6.6","11.7","4.3","-0.6","3.1","-1.7","3.7","4.4","21.3","2.7","3.9","2.8","-1.3","-0.7","-2.4","4.0","11.5","-3.7","-15.3","0.67","-0.01","0.13","-0.03","0.13","0.02","0.01","0.03","0.51","0.12","0.03","-0.02","0.03","0.05","0.06","0.13","0.07","0.00","0.01","0.03","0.00","0.01","0.01","4.98","-0.02","1.34","-0.21","1.36","0.09","0.09","-0.01","3.65","0.24","0.22","0.07","1.54","0.20","0.62","0.38","0.18","-0.06","-0.10","0.26","0.12","-0.05","-0.01","0.95","0.00","-0.14","-0.12","-0.05","0.03","0.00","0.08","1.02","0.10","0.10","0.03","0.33","0.11","0.25","0.00","-0.06","0.04","0.04","0.07","0.04","0.00","-0.02","3.13","-0.02","0.84","-0.20","0.86","0.13","0.05","-0.04","2.33","-0.21","0.16","0.12","1.26","0.18","0.54","0.18","-0.05","-0.03","-0.13","0.25","0.14","-0.06","-0.02"
"2003 JUL","75.1","86.2","105.8","402.7","76.7","350.7","104.1","92.3","69.4","95.7","84.0","88.9","20.3","87.9","67.8","55.6","54.4","83.0","96.5","82.9","94.0","85.0","103.9","0.4","-1.1","0.7","1.8","0.9","-1.1","-1.0","0.0","0.4","1.2","-0.3","1.2","-1.3","1.7","-0.3","1.8","-0.2","0.4","-0.1","0.5","1.6","-0.9","5.0","3.6","-3.2","2.0","1.2","0.9","12.4","5.7","-0.2","4.4","-0.7","4.0","4.6","17.7","7.4","5.4","6.5","1.9","0.3","-1.3","4.6","10.7","-4.1","-7.8","0.9","-1.0","-0.8","-5.7","-0.6","3.3","-0.1","1.9","1.3","0.6","1.3","1.6","3.2","2.9","1.6","0.8","-0.4","-0.2","0.9","1.0","2.0","0.0","-2.8","3.5","-2.3","3.8","-8.4","4.5","11.5","5.5","-0.2","3.8","-0.6","4.0","4.3","20.4","4.3","4.7","4.1","0.5","-0.5","-1.8","4.2","10.5","-4.0","-10.6","0.41","-0.01","0.12","0.03","0.12","-0.01","-0.01","0.00","0.30","0.14","-0.01","0.03","-0.09","0.12","-0.04","0.12","-0.01","0.02","-0.01","0.03","0.02","-0.01","0.01","3.56","-0.03","0.35","0.02","0.12","0.14","0.07","-0.01","3.27","-0.08","0.17","0.12","1.07","0.48","0.73","0.41","0.08","0.02","-0.07","0.29","0.14","-0.06","-0.01","0.92","-0.01","-0.13","-0.09","-0.08","0.04","0.00","0.11","0.95","0.07","0.06","0.04","0.22","0.19","0.22","0.05","-0.02","-0.01","0.05","0.06","0.03","0.00","0.00","3.46","-0.02","0.65","-0.14","0.59","0.13","0.07","-0.01","2.84","-0.08","0.17","0.11","1.22","0.29","0.64","0.26","0.02","-0.02","-0.10","0.26","0.13","-0.06","-0.02"
"2003 AUG","75.1","85.2","105.8","400.6","76.6","354.8","105.4","92.1","69.5","94.1","84.7","88.7","20.6","86.6","67.9","55.9","55.7","83.4","96.4","83.5","95.0","84.6","99.9","0.1","-1.1","0.0","-0.5","-0.1","1.2","1.3","-0.1","0.1","-1.7","0.8","-0.3","1.6","-1.5","0.3","0.5","2.4","0.4","0.0","0.7","1.1","-0.4","-3.9","3.3","-4.9","2.1","-2.1","1.0","16.9","6.8","-1.1","4.0","-1.4","3.6","2.1","18.7","4.5","5.3","5.3","3.7","1.1","-0.9","5.2","8.4","-5.7","-9.8","1.1","-1.9","0.3","-2.9","0.4","3.2","0.5","1.3","1.4","0.9","0.9","1.3","2.2","2.4","1.1","2.9","1.7","0.1","0.6","1.3","2.2","-0.1","4.2","3.9","-3.4","3.9","-4.5","4.0","12.0","6.4","-0.5","4.4","0.0","4.2","3.1","20.9","4.9","5.0","6.0","3.3","0.1","-1.3","4.7","9.6","-4.2","-8.5","0.05","-0.01","0.01","-0.01","-0.02","0.01","0.02","-0.01","0.07","-0.20","0.03","-0.01","0.11","-0.10","0.04","0.03","0.10","0.02","0.00","0.04","0.01","-0.01","0.00","3.26","-0.05","0.36","-0.03","0.14","0.18","0.08","-0.07","3.03","-0.16","0.16","0.06","1.14","0.29","0.71","0.34","0.15","0.06","-0.05","0.32","0.11","-0.09","-0.01","1.14","-0.02","0.05","-0.05","0.06","0.04","0.01","0.08","1.02","0.10","0.04","0.03","0.15","0.16","0.15","0.18","0.07","0.00","0.03","0.08","0.03","0.00","0.01","3.93","-0.03","0.68","-0.07","0.53","0.14","0.08","-0.03","3.31","0.00","0.18","0.08","1.25","0.32","0.69","0.37","0.14","0.01","-0.07","0.29","0.12","-0.07","-0.01"
"2003 SEP","75.5","84.3","106.0","387.4","76.9","361.3","105.2","92.0","69.9","95.6","84.1","88.9","20.4","87.3","68.5","57.5","55.5","83.7","96.2","84.1","96.3","84.6","85.1","0.5","-1.1","0.2","-3.3","0.5","1.8","-0.3","-0.1","0.6","1.6","-0.6","0.2","-0.9","0.8","0.9","3.0","-0.3","0.4","-0.2","0.7","1.4","-0.1","-14.8","3.4","-6.1","0.6","-10.8","0.4","12.6","7.3","-1.9","4.6","0.8","3.3","2.2","16.2","5.1","5.7","10.2","1.8","2.6","-0.7","5.9","8.4","-9.6","-24.1","1.0","-2.8","1.0","-1.1","1.1","2.3","0.5","0.5","1.1","0.6","0.1","1.1","0.0","2.0","0.7","4.2","2.4","0.7","0.0","1.6","2.5","-0.9","1.9","3.4","-4.7","1.5","-4.1","0.8","13.9","6.6","-1.1","4.3","-0.4","3.6","2.9","17.5","5.7","5.4","7.3","2.4","1.3","-1.0","5.2","9.1","-6.5","-13.9","0.50","-0.01","0.03","-0.05","0.06","0.02","0.00","-0.01","0.49","0.18","-0.03","0.01","-0.07","0.05","0.12","0.19","-0.01","0.02","-0.01","0.04","0.02","0.00","-0.02","3.38","-0.06","0.11","-0.18","0.06","0.14","0.09","-0.12","3.47","0.10","0.14","0.06","0.99","0.33","0.78","0.63","0.07","0.13","-0.04","0.36","0.11","-0.15","-0.04","1.01","-0.03","0.17","-0.02","0.15","0.03","0.01","0.03","0.84","0.07","0.00","0.03","0.00","0.13","0.09","0.27","0.10","0.03","0.00","0.10","0.03","-0.01","0.00","3.40","-0.05","0.27","-0.07","0.11","0.15","0.08","-0.07","3.26","-0.05","0.16","0.08","1.07","0.37","0.74","0.46","0.10","0.07","-0.05","0.32","0.12","-0.10","-0.02"
"2003 OCT","75.9","83.5","107.8","404.3","78.3","362.5","104.0","91.9","70.2","95.3","83.9","88.5","20.8","86.3","68.6","59.3","55.8","83.3","96.4","84.5","96.7","84.8","75.6","0.5","-1.0","1.7","4.4","1.8","0.3","-1.1","-0.2","0.4","-0.3","-0.2","-0.4","2.1","-1.2","0.1","3.0","0.4","-0.4","0.2","0.5","0.4","0.3","-11.3","3.8","-6.9","3.8","-8.2","4.0","16.9","6.7","-2.4","4.5","-0.4","4.6","1.0","14.4","2.6","4.6","15.0","1.3","2.6","-0.2","6.3","12.7","-5.8","-31.9","1.1","-3.1","1.4","-0.7","1.7","2.2","0.4","-0.1","1.1","0.3","0.2","0.3","0.9","0.0","0.8","5.6","2.8","0.8","-0.2","1.8","3.2","-0.8","-12.1","3.5","-5.9","2.2","-7.1","1.8","15.4","6.9","-1.8","4.4","-0.3","3.8","1.7","16.4","4.1","5.2","10.1","2.2","2.1","-0.6","5.8","9.8","-7.0","-21.9","0.55","-0.01","0.30","0.06","0.24","0.00","-0.01","-0.01","0.27","-0.04","-0.01","-0.01","0.15","-0.08","0.02","0.20","0.02","-0.02","0.01","0.03","0.01","0.00","-0.01","3.81","-0.07","0.67","-0.14","0.54","0.19","0.08","-0.15","3.38","-0.05","0.20","0.03","0.92","0.17","0.63","0.92","0.05","0.13","-0.01","0.39","0.16","-0.09","-0.05","1.07","-0.03","0.25","-0.01","0.23","0.03","0.01","-0.01","0.86","0.04","0.01","0.01","0.06","0.00","0.11","0.35","0.11","0.04","-0.01","0.11","0.04","-0.01","-0.02","3.48","-0.06","0.38","-0.12","0.25","0.17","0.09","-0.11","3.29","-0.04","0.17","0.05","1.02","0.27","0.71","0.63","0.09","0.11","-0.03","0.36","0.13","-0.11","-0.03"
"2003 NOV","75.7","82.7","106.5","395.3","77.9","343.8","101.6","92.1","70.0","92.8","84.1","87.1","21.2","85.7","68.8","60.0","55.1","83.6","96.8","84.9","99.0","83.0","68.1","-0.4","-0.9","-1.2","-2.2","-0.6","-5.2","-2.3","0.3","-0.2","-2.6","0.2","-1.6","1.5","-0.6","0.2","1.2","-1.1","0.3","0.5","0.5","2.3","-2.1","-9.9","3.2","-7.3","2.0","-6.3","2.2","12.7","2.2","-1.6","4.1","-2.4","4.7","0.4","15.3","1.6","4.4","14.0","1.0","2.4","0.4","6.6","18.5","-8.3","-39.7","0.9","-3.1","1.2","-1.0","1.7","0.7","-1.2","-0.2","1.0","-0.3","-0.3","-0.3","1.5","-0.6","1.1","6.5","1.1","0.6","0.0","1.8","3.7","-1.2","-24.4","3.5","-6.7","2.1","-8.5","2.2","14.1","5.4","-2.0","4.4","-0.7","4.2","1.2","15.3","3.1","4.9","13.1","1.4","2.5","-0.2","6.2","13.1","-7.9","-31.9","-0.36","-0.01","-0.21","-0.03","-0.08","-0.06","-0.03","0.02","-0.16","-0.30","0.01","-0.04","0.10","-0.04","0.03","0.08","-0.05","0.01","0.02","0.03","0.03","-0.03","-0.01","3.25","-0.07","0.36","-0.10","0.30","0.14","0.03","-0.10","3.07","-0.29","0.20","0.01","0.97","0.11","0.61","0.87","0.04","0.12","0.02","0.40","0.23","-0.13","-0.06","0.92","-0.03","0.20","-0.02","0.23","0.01","-0.02","-0.01","0.76","-0.03","-0.01","-0.01","0.11","-0.04","0.15","0.42","0.04","0.03","0.00","0.12","0.05","-0.02","-0.03","3.48","-0.07","0.38","-0.14","0.30","0.16","0.07","-0.12","3.31","-0.08","0.18","0.03","0.96","0.21","0.67","0.81","0.06","0.13","-0.01","0.38","0.17","-0.12","-0.05"
"2003 DEC","76.0","82.0","106.3","389.5","77.7","354.8","99.2","92.8","70.4","94.3","84.3","87.8","21.9","84.1","68.5","61.0","55.6","84.0","97.4","85.2","97.2","83.3","74.3","0.5","-0.9","-0.2","-1.5","-0.1","3.2","-2.4","0.7","0.6","1.7","0.2","0.8","3.7","-1.9","-0.4","1.7","0.8","0.4","0.5","0.3","-1.8","0.4","9.2","3.6","-7.5","0.9","-9.4","2.2","6.7","-4.0","0.5","4.6","-1.0","5.5","0.6","17.4","0.3","3.9","17.9","2.5","0.0","1.2","6.3","12.1","-3.6","-34.1","0.8","-2.9","1.0","-0.1","1.6","-0.5","-3.1","0.1","0.9","-1.1","-0.2","-1.1","4.3","-2.2","0.8","6.7","0.5","0.3","0.5","1.6","2.6","-1.2","-24.6","3.5","-7.2","2.2","-8.0","2.8","12.0","1.5","-1.2","4.4","-1.3","4.9","0.6","15.7","1.5","4.3","15.6","1.6","1.7","0.5","6.4","14.4","-5.9","-35.3","0.47","-0.01","-0.04","-0.02","-0.02","0.04","-0.03","0.04","0.47","0.19","0.01","0.02","0.26","-0.13","-0.06","0.12","0.03","0.02","0.03","0.02","-0.03","0.01","0.01","3.56","-0.07","0.16","-0.15","0.30","0.08","-0.05","0.03","3.45","-0.12","0.23","0.02","1.13","0.02","0.53","1.09","0.10","0.00","0.07","0.39","0.16","-0.05","-0.05","0.82","-0.03","0.17","0.00","0.22","-0.01","-0.04","0.01","0.67","-0.12","-0.01","-0.03","0.29","-0.15","0.11","0.44","0.02","0.02","0.03","0.10","0.04","-0.02","-0.03","3.54","-0.07","0.40","-0.13","0.38","0.13","0.02","-0.07","3.30","-0.15","0.21","0.02","1.01","0.10","0.59","0.96","0.07","0.08","0.03","0.39","0.18","-0.09","-0.05"
"2004 JAN","75.9","81.6","107.2","389.8","78.8","347.4","98.8","93.9","70.1","94.7","85.6","92.3","21.3","82.2","68.4","58.7","54.2","84.7","97.6","85.5","95.6","83.5","83.5","-0.2","-0.5","0.9","0.1","1.4","-2.1","-0.4","1.2","-0.5","0.3","1.6","5.2","-2.7","-2.3","-0.1","-3.7","-2.5","0.9","0.3","0.4","-1.7","0.2","12.4","3.0","-7.5","2.3","-9.7","4.3","2.9","-3.4","3.1","3.3","0.1","4.0","5.6","10.0","-2.0","3.1","9.2","-1.2","5.2","1.7","5.8","7.3","-3.1","-26.2","0.4","-2.6","0.1","-1.5","1.1","-3.0","-4.7","1.0","0.5","-1.1","0.5","0.5","4.1","-3.1","0.3","4.1","-1.3","0.8","0.9","1.4","1.3","-1.6","-13.3","3.3","-7.4","1.7","-8.5","2.9","7.3","-1.8","0.6","4.0","-1.1","4.7","2.2","14.2","0.0","3.8","13.6","0.8","2.5","1.1","6.2","12.5","-5.1","-33.3","-0.16","0.00","0.15","0.00","0.18","-0.03","-0.01","0.07","-0.38","0.04","0.07","0.14","-0.18","-0.15","-0.01","-0.26","-0.10","0.05","0.01","0.03","-0.02","0.00","0.01","3.02","-0.07","0.39","-0.17","0.55","0.03","-0.04","0.19","2.52","0.02","0.17","0.15","0.60","-0.14","0.42","0.58","-0.05","0.27","0.10","0.37","0.10","-0.05","-0.04","0.44","-0.02","0.02","-0.02","0.14","-0.04","-0.06","0.06","0.37","-0.13","0.02","0.01","0.26","-0.21","0.04","0.27","-0.05","0.04","0.05","0.09","0.02","-0.02","-0.02","3.27","-0.07","0.30","-0.15","0.37","0.08","-0.02","0.04","3.02","-0.13","0.20","0.06","0.83","0.00","0.51","0.84","0.03","0.13","0.06","0.40","0.16","-0.08","-0.05"
"2004 FEB","76.0","80.7","107.3","388.3","79.2","338.2","97.4","93.8","70.2","94.8","86.3","90.3","21.4","82.0","68.0","58.4","56.1","85.1","97.3","85.5","98.9","85.9","97.9","0.1","-1.2","0.1","-0.4","0.5","-2.6","-1.4","-0.1","0.2","0.1","0.7","-2.2","0.3","-0.2","-0.5","-0.6","3.6","0.4","-0.3","0.0","3.5","2.9","17.2","2.8","-8.3","1.2","-11.9","4.0","-1.8","-7.0","4.1","3.2","1.0","5.2","3.6","8.2","-2.1","2.5","7.3","2.4","3.0","1.8","5.0","9.1","0.4","-9.6","0.4","-2.5","0.2","-1.6","1.1","-2.6","-4.9","1.6","0.3","0.0","1.6","2.2","3.6","-4.2","-0.5","0.7","-0.3","1.3","1.0","1.1","-0.1","0.1","11.8","3.1","-7.8","1.4","-10.4","3.5","2.6","-4.8","2.5","3.7","0.0","4.9","3.2","11.8","-1.3","3.2","11.4","1.2","2.7","1.6","5.7","9.5","-2.1","-23.5","0.12","-0.01","0.01","-0.01","0.06","-0.03","-0.02","-0.01","0.13","0.01","0.03","-0.06","0.02","-0.01","-0.07","-0.04","0.14","0.02","-0.01","0.00","0.05","0.04","0.02","2.77","-0.08","0.20","-0.21","0.51","-0.02","-0.09","0.25","2.41","0.12","0.22","0.10","0.50","-0.14","0.34","0.46","0.10","0.16","0.10","0.33","0.12","0.01","-0.01","0.35","-0.02","0.03","-0.03","0.15","-0.03","-0.06","0.10","0.25","0.01","0.07","0.06","0.23","-0.29","-0.07","0.05","-0.01","0.06","0.05","0.07","0.00","0.00","0.01","3.11","-0.07","0.25","-0.18","0.45","0.03","-0.06","0.16","2.79","0.00","0.21","0.09","0.71","-0.09","0.43","0.71","0.05","0.14","0.09","0.37","0.13","-0.03","-0.04"
"2004 MAR","76.1","79.5","107.3","392.2","79.0","338.4","98.6","92.8","70.5","95.2","85.8","90.9","21.8","82.9","67.7","59.2","57.5","84.9","96.5","85.2","97.4","85.8","104.0","0.2","-1.4","0.0","1.0","-0.3","0.0","1.3","-1.0","0.3","0.5","-0.5","0.7","1.7","1.1","-0.4","1.4","2.3","-0.2","-0.9","-0.3","-1.5","-0.1","6.2","3.2","-9.5","1.0","-8.2","3.0","-0.2","-6.2","3.0","3.9","2.4","4.3","5.5","12.4","-1.9","1.7","10.1","5.0","2.0","1.3","4.3","8.6","1.0","-1.9","0.2","-2.6","0.4","-1.6","1.3","-3.5","-3.3","1.4","0.1","0.8","2.2","3.8","0.8","-3.5","-0.8","-2.2","0.8","1.5","0.3","0.6","-0.3","1.6","30.9","3.0","-8.4","1.5","-10.0","3.8","0.3","-5.6","3.4","3.5","1.2","4.5","4.9","10.2","-2.0","2.4","8.9","2.1","3.4","1.6","5.0","8.3","-0.6","-12.8","0.18","-0.01","-0.01","0.02","-0.04","0.00","0.01","-0.06","0.26","0.06","-0.02","0.02","0.11","0.07","-0.06","0.09","0.09","-0.01","-0.05","-0.02","-0.02","0.00","0.01","3.16","-0.09","0.17","-0.14","0.39","0.00","-0.08","0.19","2.91","0.29","0.19","0.15","0.75","-0.13","0.22","0.63","0.21","0.11","0.07","0.28","0.12","0.01","0.00","0.18","-0.02","0.06","-0.02","0.17","-0.04","-0.04","0.08","0.05","0.09","0.09","0.10","0.05","-0.23","-0.11","-0.15","0.03","0.08","0.02","0.04","0.00","0.02","0.03","2.98","-0.08","0.25","-0.18","0.49","0.00","-0.07","0.21","2.61","0.14","0.19","0.13","0.62","-0.14","0.33","0.56","0.09","0.18","0.09","0.33","0.11","-0.01","-0.02"
"2004 APR","76.0","78.2","107.4","391.3","79.2","331.5","99.7","91.1","70.4","94.3","83.7","91.6","21.7","83.3","68.3","59.2","56.7","84.6","97.1","84.8","100.8","88.1","101.2","-0.2","-1.6","0.1","-0.2","0.3","-2.0","1.1","-1.8","-0.1","-1.0","-2.5","0.8","-0.3","0.4","0.8","0.0","-1.4","-0.4","0.7","-0.5","3.5","2.7","-2.7","2.1","-11.1","2.0","-3.4","3.7","-2.0","-3.9","0.1","2.4","-1.2","-1.0","4.7","6.8","-1.4","1.6","9.4","5.7","1.8","1.1","3.5","8.1","3.1","11.2","0.2","-3.2","0.6","-0.2","1.3","-3.6","-1.3","-0.4","0.2","0.9","0.7","2.1","0.6","-1.5","-0.8","-1.6","3.2","0.9","-0.3","0.0","1.9","4.0","34.1","2.7","-9.6","1.4","-8.0","3.6","-1.3","-5.7","2.4","3.2","0.7","2.8","4.6","9.1","-1.8","1.9","9.0","4.4","2.3","1.4","4.3","8.6","1.5","-0.7","-0.19","-0.01","0.02","0.00","0.04","-0.02","0.01","-0.11","-0.08","-0.12","-0.11","0.02","-0.02","0.03","0.10","0.00","-0.06","-0.02","0.04","-0.03","0.05","0.04","0.00","2.09","-0.11","0.35","-0.06","0.48","-0.02","-0.05","0.01","1.85","-0.14","-0.05","0.13","0.43","-0.09","0.21","0.59","0.23","0.10","0.06","0.23","0.11","0.05","0.01","0.23","-0.03","0.10","0.00","0.16","-0.04","-0.02","-0.02","0.18","0.10","0.03","0.06","0.04","-0.10","-0.10","-0.11","0.13","0.05","-0.02","0.00","0.03","0.06","0.03","2.67","-0.09","0.24","-0.14","0.46","-0.02","-0.08","0.15","2.39","0.09","0.12","0.12","0.56","-0.12","0.26","0.56","0.18","0.12","0.08","0.28","0.12","0.02","0.00"
"2004 MAY","76.3","77.5","106.3","385.5","78.7","323.1","97.6","89.9","71.0","95.8","86.4","91.5","22.0","84.7","68.7","60.3","57.0","85.0","97.1","84.6","101.8","84.8","100.0","0.5","-0.9","-1.0","-1.5","-0.7","-2.5","-2.2","-1.4","0.9","1.7","3.3","-0.2","1.2","1.7","0.7","1.8","0.6","0.5","0.0","-0.2","1.0","-3.8","-1.1","2.7","-11.7","2.0","-4.3","4.5","-7.7","-6.2","-2.1","3.5","2.3","3.2","3.5","7.2","-1.3","1.6","12.9","6.3","2.8","0.7","3.0","10.0","-0.5","6.7","0.2","-3.7","0.0","0.1","0.5","-4.6","0.2","-2.4","0.5","0.6","-0.1","1.3","1.1","1.0","-0.1","0.4","3.1","0.3","-0.5","-0.6","2.9","2.4","19.3","2.7","-10.8","1.7","-5.4","3.7","-3.3","-5.5","0.3","3.3","1.2","2.1","4.5","8.7","-1.5","1.6","10.8","5.7","2.2","1.0","3.6","8.9","1.2","5.0","0.46","-0.01","-0.17","-0.02","-0.09","-0.03","-0.03","-0.08","0.72","0.20","0.14","0.00","0.08","0.11","0.09","0.12","0.02","0.03","0.00","-0.02","0.02","-0.06","0.00","2.74","-0.11","0.34","-0.07","0.58","-0.09","-0.08","-0.13","2.64","0.28","0.14","0.10","0.45","-0.09","0.21","0.80","0.25","0.15","0.04","0.20","0.14","-0.01","0.01","0.23","-0.03","0.01","0.00","0.06","-0.05","0.00","-0.15","0.41","0.07","0.00","0.04","0.07","0.07","-0.01","0.02","0.13","0.01","-0.03","-0.04","0.04","0.03","0.02","2.67","-0.10","0.28","-0.09","0.48","-0.04","-0.07","0.02","2.47","0.14","0.09","0.12","0.54","-0.10","0.22","0.67","0.23","0.12","0.06","0.23","0.12","0.02","0.01"
"2004 JUN","76.5","77.3","106.0","403.3","78.2","308.7","98.4","89.4","71.4","96.4","87.7","91.9","22.4","85.8","68.9","59.4","56.9","85.1","97.0","84.6","102.8","85.9","99.0","0.2","-0.3","-0.3","4.6","-0.7","-4.5","0.9","-0.6","0.4","0.6","1.5","0.5","2.2","1.3","0.3","-1.5","-0.2","0.1","-0.1","0.0","1.0","1.3","-1.1","2.3","-11.4","0.9","1.9","2.8","-12.9","-6.4","-3.2","3.2","1.9","4.1","4.7","9.1","-0.8","1.4","8.8","4.3","2.8","0.4","2.5","11.2","0.2","0.0","0.4","-3.6","-0.6","0.8","-0.4","-5.9","0.3","-3.6","1.0","0.7","0.0","0.6","2.5","2.7","0.8","1.5","1.6","0.0","-0.1","-0.9","4.7","1.4","5.2","2.4","-11.4","1.6","-2.0","3.7","-7.6","-5.5","-1.7","3.0","1.0","2.1","4.3","7.7","-1.1","1.5","10.4","5.4","2.5","0.7","3.0","9.8","0.9","5.8","0.24","0.00","-0.05","0.07","-0.09","-0.05","0.01","-0.03","0.33","0.07","0.07","0.01","0.15","0.09","0.03","-0.11","-0.01","0.00","-0.01","0.00","0.01","0.02","0.00","2.30","-0.11","0.15","0.03","0.36","-0.16","-0.08","-0.20","2.45","0.23","0.18","0.12","0.58","-0.05","0.19","0.55","0.17","0.15","0.02","0.16","0.15","0.00","0.00","0.36","-0.03","-0.11","0.01","-0.06","-0.07","0.00","-0.23","0.72","0.08","0.00","0.02","0.16","0.17","0.11","0.10","0.07","0.00","0.00","-0.06","0.07","0.02","0.01","2.38","-0.11","0.28","-0.03","0.47","-0.09","-0.07","-0.11","2.32","0.12","0.09","0.12","0.49","-0.08","0.20","0.65","0.22","0.13","0.04","0.19","0.13","0.01","0.01"
"2004 JUL","76.5","77.0","105.4","400.4","77.9","309.0","95.3","89.1","71.4","96.1","87.9","92.0","22.7","86.8","68.1","60.5","56.6","85.2","97.0","84.7","100.7","85.3","104.2","-0.1","-0.4","-0.5","-0.7","-0.3","0.1","-3.2","-0.2","0.1","-0.3","0.1","0.0","0.9","1.2","-1.2","2.0","-0.5","0.2","0.0","0.2","-2.1","-0.7","5.3","1.8","-10.7","-0.3","-0.6","1.6","-11.9","-8.4","-3.4","2.9","0.4","4.6","3.4","11.6","-1.2","0.5","9.0","4.0","2.6","0.6","2.2","7.1","0.3","0.3","0.5","-2.8","-1.3","1.5","-1.1","-6.7","-1.5","-3.4","1.3","1.4","2.5","0.9","3.4","3.6","0.8","1.9","0.1","0.3","0.1","-0.6","2.8","-1.5","0.1","2.3","-11.3","0.8","-1.0","3.0","-10.9","-7.0","-2.9","3.2","1.5","4.0","3.9","9.3","-1.1","1.1","10.2","4.9","2.8","0.6","2.6","9.4","0.0","2.2","-0.06","0.00","-0.09","-0.01","-0.04","0.00","-0.04","-0.01","0.05","-0.04","0.01","0.00","0.06","0.08","-0.16","0.13","-0.02","0.01","0.00","0.01","-0.03","-0.01","0.01","1.83","-0.10","-0.06","-0.01","0.20","-0.14","-0.11","-0.21","2.19","0.05","0.20","0.09","0.72","-0.09","0.06","0.57","0.16","0.14","0.03","0.14","0.10","0.01","0.00","0.54","-0.02","-0.22","0.02","-0.15","-0.08","-0.02","-0.21","0.99","0.17","0.11","0.03","0.22","0.23","0.11","0.13","0.00","0.01","0.01","-0.04","0.04","-0.02","0.00","2.29","-0.11","0.14","-0.02","0.38","-0.13","-0.09","-0.18","2.43","0.18","0.17","0.10","0.58","-0.08","0.15","0.64","0.20","0.14","0.03","0.17","0.13","0.00","0.00"
"2004 AUG","76.4","76.0","103.9","384.1","76.9","307.2","94.8","89.1","71.5","96.0","84.5","91.6","23.0","90.0","67.8","60.7","56.6","85.3","97.4","85.0","95.2","84.8","101.8","-0.2","-1.2","-1.4","-4.1","-1.2","-0.6","-0.5","-0.1","0.1","-0.1","-3.8","-0.4","1.6","3.6","-0.4","0.2","0.0","0.1","0.4","0.3","-5.5","-0.5","-2.3","1.6","-10.8","-1.8","-4.1","0.5","-13.4","-10.1","-3.3","2.9","2.0","-0.1","3.3","11.7","3.9","-0.2","8.7","1.5","2.4","1.0","1.8","0.2","0.2","1.9","0.4","-2.1","-1.8","1.6","-1.6","-6.9","-2.5","-2.3","1.1","1.1","1.6","0.6","4.2","4.7","0.0","1.0","-0.6","0.4","0.2","-0.1","-0.5","-1.0","-0.1","1.9","-11.0","-0.4","-0.9","1.6","-12.7","-8.3","-3.3","3.0","1.4","2.8","3.8","10.8","0.6","0.6","8.8","3.3","2.6","0.7","2.2","6.1","0.3","0.7","-0.16","-0.01","-0.23","-0.06","-0.16","-0.01","-0.01","0.00","0.09","-0.01","-0.17","-0.01","0.11","0.24","-0.05","0.02","0.00","0.01","0.02","0.02","-0.08","-0.01","0.00","1.61","-0.10","-0.30","-0.07","0.06","-0.16","-0.13","-0.21","2.21","0.24","-0.01","0.09","0.74","0.26","-0.02","0.55","0.06","0.12","0.05","0.12","0.00","0.00","0.00","0.40","-0.02","-0.30","0.02","-0.21","-0.08","-0.03","-0.14","0.85","0.13","0.07","0.02","0.27","0.30","0.00","0.07","-0.03","0.02","0.01","-0.01","-0.01","-0.02","0.00","1.91","-0.10","-0.07","-0.02","0.21","-0.15","-0.11","-0.21","2.28","0.17","0.12","0.10","0.68","0.04","0.08","0.56","0.13","0.13","0.04","0.14","0.08","0.00","0.00"
"2004 SEP","76.6","74.2","103.6","351.0","77.6","295.8","95.3","88.8","71.9","96.7","84.9","92.5","23.3","93.0","67.8","60.3","56.3","85.7","96.6","85.3","96.0","86.6","95.1","0.3","-2.4","-0.3","-8.6","0.9","-3.7","0.5","-0.3","0.5","0.7","0.4","0.9","1.1","3.3","-0.1","-0.6","-0.5","0.4","-0.8","0.3","0.9","2.1","-6.6","1.4","-12.0","-2.3","-9.4","0.9","-18.1","-9.4","-3.5","2.8","1.2","0.9","4.1","14.0","6.5","-1.1","4.8","1.4","2.4","0.4","1.4","-0.3","2.4","11.7","0.3","-2.5","-2.1","-3.8","-1.5","-5.3","-3.5","-1.2","0.9","0.8","-0.2","0.4","4.4","6.3","-1.1","1.5","-0.6","0.6","-0.1","0.4","-4.4","-0.8","0.3","1.6","-11.2","-1.5","-4.6","1.0","-14.5","-9.3","-3.4","2.9","1.2","1.8","3.6","12.4","3.0","-0.3","7.5","2.3","2.5","0.7","1.8","2.3","1.0","4.2","0.31","-0.02","-0.06","-0.13","0.11","-0.04","0.01","-0.02","0.40","0.08","0.02","0.03","0.08","0.23","-0.01","-0.04","-0.02","0.02","-0.04","0.02","0.01","0.03","-0.01","1.42","-0.11","-0.39","-0.15","0.11","-0.22","-0.12","-0.21","2.12","0.14","0.04","0.11","0.87","0.44","-0.15","0.32","0.06","0.12","0.02","0.09","0.00","0.03","0.01","0.26","-0.02","-0.36","-0.06","-0.20","-0.06","-0.04","-0.07","0.70","0.09","-0.01","0.01","0.29","0.42","-0.14","0.10","-0.03","0.03","0.00","0.03","-0.07","-0.01","0.00","1.62","-0.10","-0.25","-0.07","0.13","-0.18","-0.12","-0.21","2.17","0.14","0.08","0.10","0.78","0.21","-0.04","0.48","0.09","0.13","0.04","0.12","0.03","0.01","0.01"
"2004 OCT","76.9","72.5","103.7","370.1","77.3","293.1","94.8","88.3","72.2","96.7","88.0","92.7","23.1","95.2","67.5","60.6","56.7","85.8","98.0","85.5","97.5","87.3","99.6","0.4","-2.3","0.1","5.4","-0.4","-0.9","-0.5","-0.6","0.5","0.0","3.7","0.3","-1.0","2.4","-0.4","0.5","0.7","0.1","1.4","0.2","1.5","0.8","4.8","1.3","-13.2","-3.8","-8.5","-1.3","-19.2","-8.9","-3.9","3.0","1.5","4.9","4.8","10.6","10.4","-1.6","2.2","1.7","2.9","1.6","1.1","0.8","2.9","31.9","0.2","-3.9","-2.1","-7.1","-1.2","-4.8","-2.2","-0.8","0.8","0.4","-1.8","0.5","3.5","8.1","-1.3","0.8","-0.5","0.6","0.3","0.7","-5.4","1.0","-2.2","1.4","-12.0","-2.7","-7.3","0.0","-16.9","-9.5","-3.6","2.9","1.6","1.9","4.0","12.1","6.9","-1.0","5.2","1.5","2.6","1.0","1.5","0.2","1.9","13.8","0.38","-0.02","0.02","0.08","-0.05","-0.01","-0.01","-0.04","0.42","0.00","0.16","0.01","-0.07","0.17","-0.05","0.03","0.03","0.01","0.07","0.01","0.02","0.01","0.01","1.25","-0.12","-0.66","-0.14","-0.16","-0.23","-0.11","-0.24","2.26","0.18","0.21","0.13","0.67","0.70","-0.22","0.15","0.07","0.15","0.09","0.07","0.01","0.04","0.03","0.22","-0.03","-0.34","-0.11","-0.15","-0.05","-0.03","-0.05","0.64","0.04","-0.08","0.01","0.23","0.54","-0.17","0.05","-0.02","0.03","0.01","0.05","-0.08","0.01","0.00","1.43","-0.11","-0.45","-0.12","0.00","-0.21","-0.12","-0.22","2.20","0.18","0.08","0.11","0.76","0.47","-0.13","0.34","0.06","0.13","0.06","0.10","0.00","0.03","0.02"
"2004 NOV","76.9","72.8","104.3","378.3","77.9","284.6","95.2","88.3","72.2","96.3","88.7","94.1","23.3","95.6","66.9","60.7","56.9","85.4","97.1","85.7","98.0","86.3","89.7","0.1","0.4","0.6","2.2","0.8","-2.9","0.4","0.0","0.0","-0.4","0.8","1.5","1.1","0.4","-0.8","0.1","0.3","-0.4","-0.8","0.3","0.5","-1.1","-10.0","1.7","-12.0","-2.1","-4.3","0.1","-17.2","-6.4","-4.1","3.2","3.8","5.5","8.0","10.2","11.5","-2.6","1.1","3.2","2.2","0.3","1.0","-0.9","3.9","31.7","0.5","-4.7","-1.2","-7.4","-0.1","-5.6","-1.2","-0.8","1.0","0.4","0.6","1.4","2.3","8.1","-1.3","0.5","-0.1","0.5","0.1","0.8","-2.4","1.6","-6.7","1.5","-12.4","-2.7","-7.4","-0.1","-18.2","-8.2","-3.8","3.0","2.2","3.8","5.6","11.6","9.4","-1.8","2.7","2.1","2.5","0.8","1.2","-0.1","3.1","24.3","0.08","0.00","0.10","0.03","0.09","-0.03","0.00","0.00","-0.02","-0.05","0.04","0.04","0.08","0.03","-0.11","0.01","0.01","-0.02","-0.05","0.02","0.01","-0.02","-0.01","1.70","-0.11","-0.35","-0.07","0.01","-0.20","-0.08","-0.26","2.41","0.44","0.24","0.21","0.66","0.77","-0.36","0.08","0.13","0.11","0.02","0.06","-0.01","0.06","0.03","0.47","-0.04","-0.20","-0.12","-0.01","-0.06","-0.01","-0.05","0.75","0.05","0.03","0.04","0.16","0.55","-0.17","0.04","0.00","0.03","0.01","0.05","-0.03","0.02","-0.01","1.46","-0.11","-0.46","-0.12","-0.01","-0.22","-0.11","-0.24","2.26","0.25","0.16","0.15","0.73","0.64","-0.24","0.18","0.08","0.13","0.04","0.08","0.00","0.04","0.03"
"2004 DEC","77.0","75.8","103.8","369.4","77.8","279.8","95.5","88.8","72.2","96.6","88.6","93.8","23.3","96.6","67.0","60.0","57.1","85.2","97.0","85.9","98.7","84.8","85.4","0.0","4.2","-0.5","-2.3","-0.2","-1.7","0.3","0.6","0.0","0.2","-0.1","-0.3","-0.1","1.1","0.0","-1.1","0.4","-0.3","-0.1","0.2","0.7","-1.7","-4.8","1.2","-7.5","-2.3","-5.2","0.0","-21.2","-3.8","-4.3","2.6","2.4","5.2","6.8","6.3","14.8","-2.2","-1.7","2.8","1.5","-0.3","0.9","1.6","1.8","14.9","0.6","-2.7","-0.4","-1.6","0.2","-6.0","0.0","-0.6","0.9","0.3","3.1","1.6","1.1","6.5","-1.1","-0.2","0.7","0.1","0.4","0.8","0.8","0.7","-8.8","1.4","-10.9","-2.8","-6.0","-0.4","-19.2","-6.4","-4.1","2.9","2.6","5.2","6.5","9.0","12.2","-2.1","0.5","2.5","2.2","0.5","1.0","0.5","2.9","26.0","0.01","0.03","-0.08","-0.03","-0.03","-0.02","0.00","0.04","0.02","0.03","-0.01","-0.01","0.00","0.08","0.01","-0.08","0.02","-0.01","-0.01","0.01","0.01","-0.02","-0.01","1.23","-0.07","-0.39","-0.08","0.00","-0.25","-0.05","-0.26","1.95","0.27","0.22","0.18","0.42","0.97","-0.29","-0.12","0.11","0.08","-0.02","0.06","0.02","0.03","0.01","0.60","-0.02","-0.06","-0.02","0.03","-0.06","0.00","-0.04","0.71","0.03","0.14","0.04","0.07","0.45","-0.15","-0.01","0.03","0.00","0.02","0.05","0.01","0.01","-0.01","1.39","-0.10","-0.47","-0.09","-0.05","-0.23","-0.08","-0.25","2.20","0.30","0.22","0.17","0.58","0.81","-0.29","0.04","0.10","0.11","0.03","0.07","0.01","0.04","0.03"
"2005 JAN","77.8","80.2","104.7","365.4","78.6","274.0","99.4","89.9","73.0","97.5","89.8","94.2","23.3","98.6","67.8","61.9","56.9","86.1","96.9","86.2","99.7","85.4","83.3","1.0","5.8","0.9","-1.1","1.1","-2.1","4.1","1.2","1.0","1.0","1.3","0.5","-0.2","2.1","1.2","3.2","-0.4","1.1","-0.1","0.3","1.0","0.7","-2.5","2.5","-1.7","-2.4","-6.3","-0.3","-21.1","0.6","-4.3","4.1","3.0","4.8","2.1","9.1","20.0","-0.9","5.3","5.0","1.7","-0.7","0.8","4.3","2.3","-0.3","0.8","2.8","0.5","0.7","1.0","-6.5","1.8","0.3","0.9","0.3","3.8","1.9","0.8","4.5","-0.7","0.5","0.8","0.0","-0.3","0.8","2.7","-0.8","-12.9","1.8","-7.1","-2.3","-5.2","0.0","-19.9","-3.2","-4.2","3.3","3.1","5.2","5.6","8.5","15.4","-1.9","1.5","3.6","1.8","-0.2","0.9","1.6","2.7","14.4","1.05","0.05","0.14","-0.02","0.13","-0.02","0.05","0.07","0.79","0.11","0.06","0.01","-0.01","0.17","0.16","0.21","-0.02","0.06","0.00","0.02","0.01","0.01","0.00","2.45","-0.02","-0.39","-0.11","-0.03","-0.28","0.01","-0.28","3.13","0.35","0.21","0.06","0.54","1.39","-0.12","0.35","0.19","0.09","-0.04","0.05","0.06","0.03","0.00","0.80","0.02","0.08","0.01","0.12","-0.07","0.02","0.02","0.67","0.04","0.16","0.05","0.05","0.35","-0.09","0.03","0.03","0.00","-0.02","0.05","0.04","-0.01","-0.02","1.79","-0.06","-0.37","-0.09","-0.01","-0.27","-0.04","-0.27","2.50","0.35","0.22","0.15","0.51","1.09","-0.25","0.10","0.14","0.09","-0.01","0.06","0.02","0.04","0.01"
"2005 FEB","77.7","83.5","104.5","361.3","78.5","277.7","98.2","90.7","72.9","97.9","87.6","94.3","23.5","98.1","67.9","60.5","56.4","86.2","97.4","86.5","98.7","84.2","100.2","-0.1","4.0","-0.2","-1.1","-0.2","1.4","-1.1","0.9","-0.2","0.4","-2.4","0.1","1.1","-0.5","0.2","-2.2","-0.9","0.1","0.5","0.4","-1.0","-1.4","20.2","2.3","3.5","-2.6","-7.0","-0.9","-17.9","0.9","-3.3","3.8","3.3","1.5","4.5","10.0","19.6","-0.2","3.7","0.5","1.3","0.1","1.2","-0.3","-1.9","2.3","0.9","9.1","0.5","-0.3","0.9","-4.8","2.8","1.5","0.8","0.8","1.7","1.1","0.6","3.4","0.2","0.4","0.3","0.3","-0.1","0.8","1.9","-2.2","-5.5","2.0","-1.9","-2.4","-6.1","-0.4","-20.1","-0.8","-4.0","3.5","2.9","3.8","4.4","8.4","18.1","-1.1","2.4","2.7","1.5","-0.3","1.0","1.9","0.7","5.1","-0.07","0.03","-0.04","-0.02","-0.02","0.01","-0.01","0.05","-0.12","0.05","-0.11","0.00","0.07","-0.04","0.03","-0.15","-0.03","0.00","0.03","0.03","-0.01","-0.02","0.02","2.26","0.03","-0.44","-0.12","-0.11","-0.23","0.01","-0.22","2.88","0.38","0.07","0.12","0.60","1.36","-0.02","0.24","0.02","0.07","0.00","0.09","0.00","-0.03","0.00","0.87","0.07","0.07","0.00","0.10","-0.05","0.03","0.09","0.63","0.09","0.07","0.03","0.04","0.27","0.03","0.03","0.01","0.01","-0.01","0.06","0.03","-0.03","-0.01","1.98","-0.02","-0.41","-0.10","-0.05","-0.27","-0.01","-0.26","2.65","0.33","0.17","0.12","0.51","1.27","-0.14","0.16","0.11","0.08","-0.02","0.07","0.03","0.01","0.01"
"2005 MAR","77.3","84.2","102.5","362.8","76.8","266.9","98.1","91.2","72.6","95.2","86.9","95.3","24.1","98.1","67.8","59.1","56.7","86.4","97.3","87.0","99.5","83.5","127.2","-0.5","0.8","-1.9","0.4","-2.2","-3.9","-0.1","0.5","-0.4","-2.8","-0.9","1.0","2.3","-0.1","-0.2","-2.4","0.4","0.2","-0.1","0.5","0.9","-0.9","27.0","1.5","5.8","-4.4","-7.5","-2.8","-21.1","-0.5","-1.8","3.0","-0.1","1.2","4.8","10.6","18.3","0.0","-0.2","-1.4","1.7","0.9","2.1","2.2","-2.7","22.3","0.9","12.1","0.0","-2.5","0.4","-4.5","3.6","2.4","0.8","0.3","-0.4","1.1","1.7","2.6","1.0","0.1","-0.5","0.9","-0.2","1.0","1.2","-2.0","13.1","2.1","2.5","-3.1","-6.9","-1.3","-20.1","0.3","-3.1","3.7","2.1","2.5","3.8","9.9","19.3","-0.3","2.9","1.3","1.6","0.1","1.4","2.1","-0.8","8.8","-0.54","0.01","-0.30","0.01","-0.26","-0.04","0.00","0.03","-0.29","-0.33","-0.04","0.03","0.14","-0.01","-0.03","-0.16","0.02","0.01","0.00","0.03","0.01","-0.01","0.04","1.52","0.05","-0.74","-0.13","-0.34","-0.28","-0.01","-0.12","2.32","-0.01","0.05","0.13","0.65","1.28","0.01","-0.01","-0.06","0.09","0.05","0.14","0.03","-0.04","0.03","0.85","0.09","-0.01","-0.04","0.05","-0.05","0.04","0.14","0.62","0.04","-0.02","0.03","0.11","0.21","0.13","0.01","-0.02","0.05","-0.01","0.07","0.02","-0.03","0.02","2.08","0.02","-0.52","-0.12","-0.16","-0.26","0.00","-0.20","2.78","0.24","0.11","0.10","0.60","1.34","-0.04","0.19","0.05","0.08","0.00","0.09","0.03","-0.01","0.01"
"2005 APR","78.4","83.3","105.7","364.5","79.6","275.8","99.0","91.4","73.5","99.8","87.4","94.3","24.1","98.9","68.2","60.4","56.8","87.2","97.3","87.6","99.7","84.4","136.0","1.5","-1.0","3.1","0.5","3.7","3.3","0.9","0.2","1.3","4.9","0.6","-1.0","0.1","0.8","0.6","2.2","0.2","0.9","0.0","0.7","0.1","1.1","6.9","3.2","6.5","-1.6","-6.9","0.5","-16.8","-0.7","0.3","4.5","5.9","4.4","2.9","11.0","18.7","-0.1","2.0","0.2","3.1","0.2","3.3","-1.1","-4.2","34.4","0.8","9.6","-0.1","-2.2","0.3","-2.1","1.9","2.3","0.7","0.9","-2.0","0.6","2.5","1.5","1.1","-1.3","-0.7","1.1","0.3","1.3","0.5","-1.7","40.6","2.3","5.3","-2.9","-7.1","-1.0","-18.6","-0.1","-1.6","3.8","3.0","2.4","4.1","10.6","18.9","-0.1","1.8","-0.3","2.0","0.4","2.2","0.2","-3.0","19.9","1.48","-0.01","0.48","0.01","0.43","0.03","0.01","0.01","0.99","0.56","0.02","-0.03","0.01","0.07","0.08","0.15","0.01","0.05","0.00","0.05","0.00","0.02","0.01","3.22","0.06","-0.26","-0.12","0.07","-0.22","-0.01","0.02","3.41","0.68","0.19","0.08","0.67","1.32","-0.02","0.13","0.01","0.16","0.01","0.23","-0.02","-0.07","0.05","0.76","0.08","-0.01","-0.04","0.03","-0.02","0.02","0.14","0.55","0.10","-0.09","0.02","0.16","0.12","0.14","-0.09","-0.03","0.06","0.02","0.09","0.01","-0.03","0.05","2.33","0.05","-0.48","-0.12","-0.13","-0.24","0.00","-0.10","2.87","0.35","0.10","0.11","0.64","1.32","-0.01","0.12","-0.01","0.11","0.02","0.15","0.00","-0.05","0.03"
"2005 MAY","78.0","82.4","104.7","360.8","78.8","267.1","101.0","91.2","73.2","97.9","86.2","95.5","23.8","100.3","68.3","58.9","56.9","87.4","95.9","88.1","101.5","84.1","138.6","-0.5","-1.1","-0.9","-1.0","-1.0","-3.2","2.0","-0.2","-0.4","-1.9","-1.4","1.2","-1.1","1.4","0.1","-2.5","0.2","0.2","-1.4","0.6","1.8","-0.3","1.9","2.2","6.3","-1.5","-6.4","0.2","-17.3","3.6","1.5","3.0","2.2","-0.3","4.4","8.5","18.5","-0.7","-2.3","-0.2","2.8","-1.3","4.1","-0.3","-0.8","38.5","0.6","4.3","0.0","-0.7","0.2","-2.6","1.7","1.6","0.6","0.3","-2.1","1.0","2.7","1.3","0.8","-2.2","-0.1","1.3","-0.3","1.6","1.2","-1.0","49.4","2.3","6.2","-2.5","-6.9","-0.7","-18.5","0.8","0.0","3.5","2.7","1.8","4.0","10.1","18.5","-0.2","-0.2","-0.5","2.5","-0.1","3.2","0.2","-2.6","31.7","-0.51","-0.01","-0.14","-0.02","-0.12","-0.03","0.03","-0.01","-0.34","-0.22","-0.06","0.03","-0.07","0.12","0.01","-0.16","0.01","0.01","-0.08","0.04","0.03","-0.01","0.00","2.22","0.05","-0.25","-0.11","0.02","-0.22","0.04","0.09","2.33","0.25","-0.01","0.12","0.52","1.31","-0.09","-0.16","-0.01","0.15","-0.07","0.28","-0.01","-0.01","0.05","0.57","0.04","0.00","-0.01","0.02","-0.03","0.02","0.10","0.44","0.04","-0.09","0.03","0.17","0.11","0.10","-0.14","0.00","0.07","-0.02","0.11","0.02","-0.01","0.06","2.32","0.05","-0.42","-0.12","-0.08","-0.24","0.01","0.00","2.69","0.31","0.08","0.11","0.61","1.30","-0.03","-0.01","-0.02","0.13","0.00","0.22","0.00","-0.04","0.05"
"2005 JUN","78.5","82.8","105.6","350.1","80.1","269.4","99.8","90.8","73.7","99.0","86.8","94.0","24.5","100.3","68.2","60.2","57.3","87.3","95.7","88.5","102.4","85.9","109.2","0.6","0.5","0.9","-3.0","1.6","0.9","-1.2","-0.4","0.6","1.1","0.7","-1.5","2.6","0.0","-0.1","2.2","0.7","-0.1","-0.2","0.5","0.8","2.2","-21.2","2.6","7.1","-0.3","-13.2","2.5","-12.7","1.4","1.6","3.2","2.7","-1.1","2.3","9.0","17.0","-1.0","1.4","0.7","2.6","-1.3","4.7","-0.5","0.0","10.4","0.9","0.3","1.4","-1.3","2.0","-0.8","1.4","0.6","0.9","2.1","-1.5","0.0","2.1","1.6","0.6","-1.1","0.6","1.2","-0.9","1.7","1.9","0.5","23.6","2.7","6.6","-1.2","-8.9","1.1","-15.7","1.4","1.1","3.6","3.6","1.0","3.2","9.5","18.1","-0.6","0.4","0.2","2.8","-0.8","4.0","-0.6","-1.7","27.9","0.59","0.00","0.14","-0.05","0.19","0.01","-0.02","-0.03","0.47","0.13","0.03","-0.04","0.17","0.00","-0.01","0.14","0.03","-0.01","-0.01","0.03","0.01","0.03","-0.04","2.57","0.06","-0.06","-0.23","0.30","-0.15","0.02","0.10","2.47","0.31","-0.05","0.06","0.56","1.22","-0.14","0.09","0.03","0.14","-0.07","0.32","-0.01","0.00","0.01","0.94","0.00","0.22","-0.02","0.23","-0.01","0.02","0.04","0.68","0.24","-0.06","0.00","0.14","0.13","0.07","-0.07","0.02","0.06","-0.05","0.12","0.03","0.01","0.03","2.67","0.06","-0.19","-0.15","0.13","-0.19","0.02","0.07","2.74","0.41","0.04","0.09","0.58","1.28","-0.08","0.02","0.01","0.15","-0.04","0.27","-0.01","-0.03","0.04"
"2005 JUL","79.0","83.9","104.6","335.9","79.4","267.6","101.3","90.2","74.4","99.5","86.8","94.7","25.1","103.2","69.3","59.7","58.5","88.1","95.7","88.7","103.9","87.7","99.9","0.6","1.4","-0.9","-4.0","-0.8","-0.7","1.5","-0.7","1.0","0.5","0.0","0.7","2.4","2.9","1.6","-0.9","2.1","0.9","0.0","0.2","1.5","2.1","-8.6","3.3","9.1","-0.7","-16.1","2.0","-13.4","6.3","1.2","4.2","3.5","-1.2","3.0","10.6","18.9","1.7","-1.4","3.4","3.3","-1.3","4.6","3.2","2.8","-4.2","0.9","-0.7","0.7","-3.8","1.5","-2.0","2.3","-0.4","1.0","1.2","-0.8","0.1","2.3","3.0","0.9","-0.7","1.7","1.1","-1.6","1.6","3.3","2.2","-4.3","2.7","7.5","-0.9","-12.0","1.5","-14.5","3.7","1.4","3.5","2.8","-0.9","3.2","9.4","18.1","0.0","-0.8","1.3","2.9","-1.3","4.5","0.8","0.7","14.7","0.62","0.01","-0.15","-0.06","-0.10","-0.01","0.02","-0.04","0.80","0.05","0.00","0.02","0.16","0.24","0.20","-0.06","0.08","0.05","0.00","0.01","0.02","0.03","-0.01","3.27","0.07","-0.12","-0.28","0.24","-0.16","0.08","0.07","3.24","0.41","-0.05","0.08","0.67","1.37","0.23","-0.09","0.13","0.18","-0.07","0.32","0.05","0.04","-0.01","0.88","-0.01","0.12","-0.06","0.17","-0.02","0.03","-0.02","0.80","0.14","-0.03","0.00","0.15","0.24","0.12","-0.04","0.07","0.06","-0.09","0.11","0.05","0.03","-0.01","2.69","0.06","-0.14","-0.21","0.19","-0.18","0.05","0.09","2.68","0.32","-0.04","0.09","0.58","1.30","0.00","-0.05","0.05","0.15","-0.07","0.30","0.01","0.01","0.02"
"2005 AUG","79.0","85.0","103.8","313.8","79.3","263.8","101.6","89.8","74.6","100.4","86.7","94.1","24.9","101.8","69.8","61.0","58.2","88.3","95.8","88.7","104.8","87.9","80.9","0.0","1.3","-0.8","-6.6","-0.2","-1.4","0.3","-0.4","0.2","1.0","-0.1","-0.7","-0.6","-1.4","0.7","2.2","-0.6","0.3","0.1","0.0","0.8","0.2","-19.0","3.4","11.8","-0.1","-18.3","3.1","-14.2","7.1","0.8","4.3","4.6","2.6","2.7","8.2","13.1","2.9","0.5","2.8","3.5","-1.6","4.4","10.1","3.6","-20.5","1.2","0.7","0.4","-8.1","1.5","-1.1","1.5","-1.1","1.5","2.1","-0.1","-0.8","3.4","2.7","1.5","1.4","2.1","1.0","-1.1","1.2","3.4","3.8","-27.8","3.1","9.3","-0.4","-15.8","2.5","-13.4","4.9","1.2","3.9","3.6","0.1","2.6","9.2","16.3","1.2","0.2","2.3","3.1","-1.4","4.6","4.1","2.2","-4.9","0.01","0.01","-0.12","-0.09","-0.02","-0.01","0.00","-0.02","0.15","0.11","0.00","-0.02","-0.04","-0.12","0.09","0.14","-0.02","0.01","0.01","0.00","0.01","0.00","-0.03","3.44","0.10","-0.02","-0.31","0.37","-0.17","0.09","0.05","3.31","0.53","0.11","0.07","0.52","0.99","0.37","0.03","0.11","0.18","-0.09","0.30","0.14","0.06","-0.03","1.15","0.01","0.06","-0.13","0.18","-0.01","0.02","-0.07","1.15","0.24","0.00","-0.02","0.22","0.22","0.19","0.09","0.08","0.05","-0.06","0.09","0.05","0.06","-0.05","3.09","0.08","-0.06","-0.27","0.30","-0.16","0.06","0.07","3.01","0.42","0.00","0.07","0.58","1.20","0.16","0.01","0.09","0.17","-0.08","0.31","0.06","0.03","-0.01"
"2005 SEP","79.4","85.2","105.2","331.5","80.5","266.6","97.6","89.6","74.8","100.0","87.2","92.8","25.3","103.2","69.9","61.4","59.9","88.5","94.7","88.6","105.4","84.9","103.0","0.5","0.2","1.4","5.6","1.5","1.1","-3.9","-0.2","0.4","-0.4","0.5","-1.3","1.6","1.4","0.2","0.7","3.1","0.2","-1.2","-0.1","0.6","-3.4","27.2","3.6","14.8","1.6","-5.6","3.7","-9.9","2.5","0.9","4.1","3.4","2.7","0.4","8.6","11.0","3.1","1.8","6.4","3.3","-2.0","3.9","9.8","-1.9","8.3","1.0","2.2","-0.8","-8.8","0.3","-1.8","0.2","-1.4","1.5","1.1","0.1","-0.8","4.0","2.9","2.1","1.4","3.3","1.2","-0.9","0.7","3.5","2.4","-26.1","3.4","11.8","0.2","-13.6","2.9","-12.5","5.3","1.0","4.2","3.8","1.3","2.0","9.1","14.3","2.6","0.3","4.2","3.4","-1.6","4.3","7.6","1.5","-5.8","0.48","0.00","0.21","0.07","0.17","0.01","-0.05","-0.01","0.28","-0.05","0.02","-0.03","0.10","0.12","0.02","0.05","0.12","0.01","-0.06","-0.01","0.01","-0.05","0.03","3.61","0.12","0.25","-0.09","0.44","-0.11","0.03","0.06","3.19","0.40","0.11","0.01","0.56","0.86","0.41","0.12","0.25","0.17","-0.11","0.27","0.14","-0.03","0.01","1.01","0.02","-0.12","-0.13","0.03","-0.02","0.00","-0.08","1.19","0.12","0.01","-0.02","0.26","0.24","0.27","0.09","0.13","0.06","-0.05","0.05","0.05","0.04","-0.05","3.44","0.10","0.04","-0.22","0.35","-0.15","0.06","0.06","3.25","0.45","0.06","0.05","0.58","1.07","0.34","0.02","0.17","0.18","-0.09","0.29","0.11","0.02","-0.01"
"2005 OCT","79.3","84.4","104.5","323.6","80.0","264.5","97.7","89.3","74.8","100.9","88.8","94.5","25.1","100.5","70.0","62.6","60.4","88.9","93.1","88.4","105.9","82.9","108.8","-0.1","-0.9","-0.7","-2.4","-0.6","-0.8","0.1","-0.3","0.0","0.9","1.8","1.8","-0.7","-2.6","0.1","1.9","0.7","0.5","-1.7","-0.3","0.5","-2.4","5.6","3.1","16.4","0.8","-12.6","3.5","-9.8","3.0","1.2","3.6","4.3","0.9","1.9","8.9","5.6","3.7","3.2","6.4","3.6","-5.0","3.4","8.6","-5.0","9.2","0.9","2.2","-0.5","-7.4","0.6","-1.1","-1.7","-1.3","1.3","1.6","1.1","-1.0","2.7","0.5","1.9","3.4","3.4","1.1","-1.3","0.2","2.7","-0.8","-15.8","3.4","14.3","0.8","-12.3","3.4","-11.3","4.2","1.0","4.0","4.1","2.0","1.7","8.6","9.8","3.2","1.8","5.2","3.4","-2.9","3.9","9.5","-1.1","-1.3","-0.12","-0.01","-0.10","-0.03","-0.07","-0.01","0.00","-0.02","0.02","0.10","0.08","0.05","-0.05","-0.22","0.01","0.12","0.03","0.02","-0.09","-0.02","0.01","-0.03","0.01","3.10","0.13","0.13","-0.20","0.42","-0.11","0.04","0.07","2.78","0.50","0.04","0.05","0.57","0.44","0.47","0.21","0.26","0.19","-0.28","0.23","0.12","-0.08","0.01","0.90","0.02","-0.07","-0.11","0.07","-0.01","-0.02","-0.08","1.03","0.19","0.05","-0.03","0.18","0.05","0.24","0.22","0.13","0.06","-0.07","0.01","0.04","-0.01","-0.03","3.38","0.11","0.12","-0.20","0.41","-0.13","0.05","0.06","3.09","0.48","0.09","0.05","0.55","0.76","0.42","0.12","0.21","0.18","-0.16","0.27","0.13","-0.02","0.00"
"2005 NOV","80.1","84.1","105.8","319.7","81.1","276.5","99.0","89.5","75.6","102.2","89.1","95.3","25.5","102.4","69.9","64.0","62.1","89.2","94.3","88.4","104.0","82.9","134.0","1.0","-0.3","1.3","-1.2","1.3","4.5","1.4","0.2","1.0","1.3","0.4","0.8","1.4","1.9","0.0","2.4","2.9","0.3","1.3","0.0","-1.9","0.0","23.2","4.0","15.6","1.4","-15.5","4.0","-2.8","4.0","1.3","4.7","6.1","0.4","1.3","9.2","7.2","4.5","5.6","9.1","4.3","-2.9","3.1","6.1","-4.0","49.4","0.9","0.8","0.5","-2.5","1.1","0.8","-2.8","-0.9","1.2","1.4","1.8","0.0","2.0","0.3","1.2","3.9","4.9","1.1","-1.8","-0.2","1.4","-4.2","19.2","3.6","15.6","1.3","-11.3","3.7","-7.5","3.2","1.1","4.1","4.6","1.3","1.2","8.9","7.9","3.8","3.5","7.3","3.7","-3.3","3.5","8.1","-3.6","21.5","1.00","0.00","0.19","-0.02","0.15","0.04","0.02","0.01","0.79","0.16","0.02","0.02","0.10","0.15","-0.01","0.16","0.12","0.02","0.07","0.00","-0.03","0.00","0.03","4.04","0.12","0.23","-0.25","0.48","-0.03","0.05","0.08","3.61","0.70","0.02","0.04","0.59","0.57","0.57","0.37","0.36","0.23","-0.16","0.21","0.09","-0.06","0.06","0.95","0.01","0.07","-0.04","0.14","0.01","-0.03","-0.05","0.92","0.16","0.08","0.00","0.13","0.02","0.16","0.25","0.19","0.06","-0.10","-0.01","0.02","-0.06","0.03","3.58","0.12","0.20","-0.18","0.45","-0.08","0.04","0.07","3.19","0.53","0.06","0.03","0.57","0.62","0.48","0.23","0.29","0.20","-0.18","0.24","0.11","-0.06","0.03"
"2005 DEC","80.7","84.4","109.6","329.1","84.6","276.9","99.7","89.7","75.8","103.0","90.1","94.0","26.0","101.0","70.2","64.0","61.9","89.3","93.7","88.7","105.6","83.9","129.8","0.8","0.3","3.6","2.9","4.4","0.2","0.8","0.2","0.2","0.8","1.2","-1.4","2.2","-1.4","0.4","0.0","-0.3","0.2","-0.7","0.3","1.6","1.3","-3.1","4.8","11.3","5.6","-10.9","8.8","-1.0","4.5","1.0","4.9","6.7","1.7","0.2","11.7","4.5","4.8","6.7","8.3","4.8","-3.4","3.2","7.0","-1.1","51.9","1.1","-0.5","2.0","-0.9","2.7","2.5","-1.3","-0.4","1.1","2.1","2.8","0.8","1.8","-1.4","0.5","4.7","4.4","0.9","-1.8","-0.2","0.4","-4.2","31.3","4.0","14.4","2.6","-13.0","5.4","-4.6","3.8","1.2","4.4","5.7","1.0","1.1","9.9","5.8","4.3","5.2","8.0","4.2","-3.8","3.3","7.2","-3.4","35.6","0.77","0.00","0.56","0.04","0.52","0.00","0.01","0.01","0.19","0.10","0.05","-0.04","0.15","-0.12","0.05","0.00","-0.01","0.01","-0.03","0.02","0.02","0.02","-0.01","4.83","0.09","0.89","-0.17","1.05","-0.01","0.05","0.06","3.79","0.77","0.07","0.01","0.75","0.36","0.61","0.44","0.33","0.25","-0.19","0.22","0.10","-0.02","0.06","1.13","0.00","0.31","-0.01","0.32","0.02","-0.02","-0.02","0.85","0.24","0.12","0.02","0.12","-0.12","0.07","0.30","0.18","0.05","-0.10","-0.01","0.01","-0.06","0.04","3.99","0.11","0.41","-0.21","0.65","-0.05","0.05","0.07","3.39","0.66","0.04","0.03","0.64","0.46","0.55","0.34","0.32","0.22","-0.21","0.22","0.10","-0.05","0.05"
"2006 JAN","80.4","85.3","108.0","342.2","82.5","285.5","95.8","90.2","75.6","103.8","88.9","96.9","25.7","99.1","70.1","64.4","60.1","88.6","94.5","89.1","105.1","86.0","122.7","-0.4","1.1","-1.5","4.0","-2.4","3.1","-4.0","0.6","-0.2","0.7","-1.4","3.1","-1.4","-1.8","-0.1","0.5","-3.0","-0.8","0.9","0.4","-0.5","2.5","-5.4","3.4","6.3","3.1","-6.3","5.0","4.2","-3.6","0.4","3.6","6.4","-1.0","2.8","10.4","0.6","3.5","4.0","5.5","2.9","-2.5","3.4","5.4","0.7","47.3","1.5","-0.3","3.1","2.3","3.5","5.5","-0.8","0.2","1.2","2.6","2.1","1.7","2.5","-1.0","0.3","4.0","3.1","0.6","-0.4","0.2","-0.5","-1.1","32.0","4.1","10.9","3.4","-11.0","5.9","0.1","1.6","0.9","4.4","6.4","0.4","1.4","10.4","4.0","4.2","5.4","7.7","4.0","-3.0","3.2","6.2","-1.5","49.5","-0.37","0.01","-0.24","0.07","-0.29","0.04","-0.05","0.04","-0.17","0.08","-0.06","0.08","-0.09","-0.14","-0.01","0.03","-0.12","-0.04","0.05","0.03","-0.01","0.04","-0.01","3.36","0.04","0.50","-0.12","0.58","0.05","-0.05","0.03","2.77","0.71","-0.04","0.08","0.61","0.04","0.44","0.27","0.22","0.15","-0.15","0.23","0.08","0.01","0.06","1.47","0.00","0.50","0.04","0.41","0.06","-0.01","0.02","0.96","0.29","0.09","0.05","0.16","-0.08","0.04","0.27","0.13","0.03","-0.02","0.01","-0.01","-0.02","0.04","4.07","0.06","0.55","-0.22","0.69","0.00","0.02","0.06","3.37","0.71","0.02","0.04","0.62","0.32","0.54","0.36","0.30","0.21","-0.17","0.22","0.09","-0.02","0.06"
"2006 FEB","80.3","85.6","108.1","325.0","83.3","293.5","94.0","90.5","75.4","104.2","89.6","92.9","25.6","97.0","70.3","65.0","60.3","88.7","93.7","89.1","104.0","85.0","100.8","-0.1","0.4","0.1","-5.0","0.9","2.8","-1.9","0.3","-0.2","0.4","0.8","-4.1","-0.2","-2.1","0.3","1.1","0.5","0.1","-0.8","0.1","-1.0","-1.3","-17.8","3.3","2.6","3.5","-10.1","6.1","5.7","-4.4","-0.2","3.5","6.4","2.3","-1.5","8.9","-1.1","3.5","7.4","7.0","2.9","-3.8","3.0","5.4","0.8","0.7","1.1","0.7","3.2","2.2","3.7","6.0","-1.6","0.7","0.7","2.6","1.4","0.4","2.0","-3.0","0.4","2.9","-0.1","0.1","-0.1","0.6","-0.2","1.7","2.2","3.8","6.6","4.1","-9.1","6.6","2.9","-1.2","0.4","4.0","6.5","1.0","0.5","10.3","1.3","3.9","6.0","6.9","3.5","-3.2","3.2","6.0","0.2","31.4","-0.15","0.00","0.02","-0.09","0.11","0.03","-0.02","0.02","-0.19","0.05","0.03","-0.12","-0.01","-0.17","0.03","0.07","0.02","0.01","-0.04","0.00","-0.02","-0.02","-0.03","3.27","0.02","0.57","-0.19","0.71","0.07","-0.06","-0.02","2.70","0.72","0.10","-0.04","0.53","-0.09","0.45","0.49","0.27","0.15","-0.22","0.21","0.08","0.01","0.00","1.10","0.00","0.51","0.04","0.43","0.07","-0.02","0.05","0.54","0.30","0.06","0.01","0.12","-0.24","0.05","0.19","0.00","0.00","0.00","0.04","0.00","0.02","0.00","3.81","0.04","0.66","-0.18","0.77","0.04","-0.02","0.02","3.08","0.73","0.04","0.01","0.62","0.10","0.50","0.40","0.27","0.19","-0.19","0.22","0.09","0.00","0.04"
"2006 MAR","80.6","85.5","109.4","318.0","84.8","302.2","92.4","90.7","75.6","105.2","91.1","92.0","25.4","96.2","70.8","65.6","60.8","88.9","93.5","88.6","104.8","85.8","95.6","0.4","-0.1","1.2","-2.2","1.8","3.0","-1.7","0.2","0.2","0.9","1.7","-0.9","-0.8","-0.8","0.6","0.9","0.8","0.3","-0.3","-0.5","0.8","1.0","-5.2","4.2","1.6","6.7","-12.3","10.4","13.2","-5.9","-0.6","4.2","10.5","4.8","-3.4","5.7","-1.8","4.4","11.0","7.3","3.0","-3.9","1.9","5.3","2.8","-24.8","0.5","1.4","1.7","1.3","2.0","7.7","-4.8","1.1","0.2","2.3","0.6","-0.7","0.2","-3.8","0.5","2.3","-1.7","-0.4","0.2","0.5","-0.5","2.8","-14.3","3.6","3.5","4.4","-9.6","7.1","7.7","-4.6","-0.1","3.8","7.8","2.0","-0.7","8.3","-0.8","3.8","7.4","6.6","2.9","-3.4","2.7","5.4","1.4","2.7","0.39","0.00","0.19","-0.04","0.21","0.04","-0.02","0.01","0.19","0.10","0.07","-0.02","-0.05","-0.06","0.08","0.06","0.03","0.01","-0.01","-0.04","0.01","0.01","-0.01","4.24","0.01","1.07","-0.24","1.19","0.16","-0.08","-0.04","3.19","1.15","0.20","-0.10","0.35","-0.15","0.57","0.71","0.29","0.16","-0.23","0.13","0.08","0.04","-0.04","0.50","0.01","0.28","0.02","0.24","0.09","-0.06","0.07","0.15","0.26","0.02","-0.02","0.01","-0.30","0.07","0.15","-0.07","-0.02","0.01","0.04","-0.01","0.04","-0.02","3.62","0.02","0.71","-0.19","0.83","0.09","-0.06","-0.01","2.89","0.86","0.09","-0.02","0.50","-0.06","0.49","0.49","0.26","0.16","-0.20","0.19","0.08","0.02","0.00"
"2006 APR","80.2","84.9","109.3","311.0","85.2","296.5","91.1","90.5","75.3","104.6","91.9","93.5","25.0","94.9","70.8","65.9","59.2","89.1","92.8","87.8","105.7","85.3","99.2","-0.4","-0.7","-0.1","-2.2","0.5","-1.9","-1.4","-0.2","-0.5","-0.6","0.9","1.6","-1.7","-1.4","0.1","0.5","-2.6","0.1","-0.8","-0.9","0.9","-0.5","3.8","2.3","1.9","3.4","-14.7","7.0","7.5","-8.1","-1.0","2.4","4.7","5.1","-0.8","3.8","-4.0","3.8","9.1","4.3","2.2","-4.7","0.3","6.0","1.1","-27.0","0.0","0.9","1.1","-3.8","2.0","6.3","-5.8","0.8","-0.3","1.6","1.7","-2.7","-1.4","-4.7","0.8","2.2","-2.0","-0.1","-0.9","-0.2","-0.1","1.3","-23.5","3.3","2.0","4.5","-12.4","7.8","8.7","-6.1","-0.6","3.3","7.2","4.1","-1.9","6.1","-2.3","3.9","9.2","6.2","2.7","-4.1","1.7","5.6","1.6","-18.6","-0.40","0.00","-0.02","-0.04","0.06","-0.02","-0.02","-0.01","-0.36","-0.07","0.04","0.04","-0.11","-0.11","0.01","0.03","-0.10","0.01","-0.04","-0.06","0.01","-0.01","0.00","2.32","0.01","0.55","-0.28","0.82","0.09","-0.11","-0.07","1.81","0.53","0.21","-0.02","0.23","-0.32","0.49","0.59","0.17","0.12","-0.27","0.02","0.09","0.02","-0.05","-0.01","0.01","0.17","-0.06","0.24","0.08","-0.07","0.05","-0.23","0.18","0.07","-0.07","-0.09","-0.38","0.10","0.15","-0.08","-0.01","-0.05","-0.01","0.00","0.02","-0.04","3.27","0.01","0.73","-0.24","0.91","0.11","-0.08","-0.04","2.56","0.80","0.17","-0.05","0.37","-0.19","0.50","0.60","0.24","0.14","-0.24","0.12","0.08","0.02","-0.03"
"2006 MAY","80.6","84.7","110.4","298.2","87.0","293.3","90.3","90.5","75.6","105.6","92.6","93.1","25.4","95.0","71.0","65.8","59.8","89.1","93.4","87.4","105.9","85.4","104.3","0.5","-0.3","1.0","-4.1","2.1","-1.1","-0.8","0.0","0.4","1.0","0.8","-0.5","1.5","0.1","0.2","-0.2","1.0","0.1","0.7","-0.5","0.1","0.1","5.1","3.3","2.7","5.4","-17.4","10.3","9.8","-10.6","-0.8","3.2","7.8","7.5","-2.5","6.6","-5.3","3.9","11.7","5.1","2.0","-2.6","-0.8","4.3","1.6","-24.7","0.1","-0.1","1.0","-6.9","2.6","4.2","-5.5","0.4","-0.2","1.4","2.6","-1.8","-2.0","-3.7","0.9","2.1","-1.3","0.2","-0.8","-1.1","0.5","0.6","-15.3","3.3","2.1","5.2","-14.8","9.2","10.2","-8.2","-0.8","3.2","7.6","5.8","-2.3","5.4","-3.7","4.1","10.6","5.6","2.4","-3.8","0.5","5.2","1.8","-25.5","0.46","0.00","0.17","-0.07","0.26","-0.01","-0.01","0.00","0.30","0.11","0.04","-0.01","0.10","0.01","0.02","-0.01","0.04","0.00","0.04","-0.03","0.00","0.00","0.01","3.32","0.02","0.87","-0.33","1.21","0.12","-0.14","-0.05","2.47","0.87","0.31","-0.07","0.40","-0.43","0.51","0.75","0.20","0.11","-0.15","-0.06","0.06","0.02","-0.05","0.06","0.00","0.17","-0.12","0.31","0.05","-0.07","0.03","-0.13","0.16","0.11","-0.05","-0.13","-0.29","0.12","0.14","-0.05","0.01","-0.04","-0.08","0.01","0.01","-0.02","3.29","0.01","0.83","-0.29","1.07","0.12","-0.11","-0.05","2.49","0.85","0.24","-0.06","0.33","-0.30","0.52","0.68","0.22","0.13","-0.22","0.03","0.07","0.03","-0.05"
"2006 JUN","80.8","84.7","111.0","290.4","87.4","292.9","96.8","90.3","75.7","104.4","94.5","92.6","25.7","95.1","71.2","66.2","60.0","89.4","93.0","87.5","103.3","85.1","100.4","0.2","0.0","0.6","-2.6","0.4","-0.1","7.2","-0.2","0.1","-1.1","2.0","-0.5","1.4","0.2","0.4","0.6","0.4","0.4","-0.4","0.1","-2.4","-0.4","-3.7","2.9","2.3","5.1","-17.1","9.1","8.7","-3.0","-0.6","2.7","5.4","8.9","-1.5","5.3","-5.2","4.4","10.0","4.8","2.5","-2.8","-1.2","0.9","-1.0","-8.0","0.2","-0.9","1.6","-8.7","3.6","0.2","-1.4","-0.1","-0.1","0.4","3.5","-0.9","-0.8","-2.5","0.8","1.5","-1.2","0.5","-0.9","-1.5","0.3","-0.4","-4.8","2.8","2.3","4.6","-16.4","8.8","8.7","-7.2","-0.8","2.8","6.0","7.2","-1.6","5.2","-4.8","4.1","10.2","4.7","2.2","-3.4","-0.6","3.7","0.6","-20.8","0.19","0.00","0.09","-0.04","0.05","0.00","0.08","-0.01","0.11","-0.13","0.09","-0.01","0.09","0.01","0.05","0.04","0.01","0.02","-0.02","0.01","-0.04","-0.01","0.00","2.91","0.01","0.82","-0.32","1.07","0.10","-0.04","-0.04","2.10","0.60","0.37","-0.04","0.32","-0.42","0.57","0.65","0.19","0.13","-0.16","-0.08","0.01","-0.02","-0.01","0.19","-0.01","0.26","-0.15","0.43","0.00","-0.02","0.00","-0.06","0.05","0.15","-0.03","-0.05","-0.19","0.11","0.10","-0.05","0.03","-0.05","-0.11","0.00","-0.01","-0.01","2.85","0.01","0.75","-0.31","1.03","0.10","-0.10","-0.05","2.13","0.67","0.30","-0.05","0.32","-0.39","0.52","0.66","0.18","0.12","-0.19","-0.04","0.05","0.01","-0.04"
"2006 JUL","80.3","84.6","109.9","286.9","86.9","286.1","92.7","90.0","75.3","103.9","92.3","91.7","25.7","95.3","70.8","66.0","59.7","89.4","92.7","87.7","101.7","84.5","98.9","-0.5","-0.1","-1.0","-1.2","-0.5","-2.3","-4.2","-0.3","-0.5","-0.4","-2.3","-0.9","-0.3","0.1","-0.6","-0.4","-0.6","0.0","-0.4","0.2","-1.6","-0.7","-1.5","1.7","0.8","5.1","-14.6","9.4","6.9","-8.4","-0.2","1.2","4.4","6.3","-3.1","2.5","-7.7","2.2","10.5","2.0","1.5","-3.2","-1.1","-2.1","-3.7","-1.0","0.3","-0.8","1.4","-8.2","3.2","-2.2","0.9","-0.3","0.1","0.0","2.5","-0.4","0.9","-1.0","0.5","0.7","-0.5","0.5","-0.3","-1.1","-1.2","-0.4","2.7","2.6","1.9","5.2","-16.4","9.6","8.5","-7.4","-0.5","2.4","5.9","7.5","-2.4","4.7","-6.1","3.5","10.7","4.0","2.0","-2.9","-1.0","1.0","-1.0","-12.7","-0.54","0.00","-0.16","-0.02","-0.06","-0.03","-0.05","-0.02","-0.36","-0.05","-0.10","-0.02","-0.02","0.01","-0.08","-0.03","-0.02","0.00","-0.02","0.02","-0.02","-0.01","0.00","1.73","0.00","0.80","-0.26","1.10","0.08","-0.11","-0.01","0.94","0.50","0.26","-0.09","0.16","-0.64","0.28","0.67","0.08","0.08","-0.18","-0.07","-0.03","-0.06","0.00","0.28","0.00","0.23","-0.14","0.39","-0.03","0.01","-0.02","0.08","0.00","0.11","-0.01","0.06","-0.07","0.06","0.05","-0.02","0.03","-0.02","-0.08","-0.02","-0.01","0.00","2.65","0.01","0.83","-0.30","1.13","0.10","-0.10","-0.04","1.83","0.65","0.31","-0.07","0.29","-0.50","0.45","0.69","0.16","0.11","-0.16","-0.07","0.01","-0.02","-0.02"
"2006 AUG","80.6","84.1","110.7","294.0","87.3","296.5","91.9","90.0","75.5","104.1","91.5","91.9","26.2","95.8","70.9","65.8","60.4","89.6","92.4","87.7","101.6","86.1","95.2","0.3","-0.6","0.7","2.5","0.4","3.7","-0.9","0.0","0.3","0.2","-0.8","0.2","2.2","0.5","0.2","-0.3","1.2","0.2","-0.3","0.0","-0.1","1.9","-3.8","2.1","-1.0","6.6","-6.3","10.0","12.4","-9.6","0.2","1.3","3.6","5.5","-2.3","5.3","-5.9","1.6","7.8","3.8","1.5","-3.6","-1.2","-3.0","-2.0","17.6","0.1","-0.7","0.8","-6.0","1.8","-1.9","2.8","-0.5","0.0","-0.9","1.0","-0.9","2.4","0.0","0.2","0.3","0.2","0.5","-0.5","-0.4","-3.1","-0.3","-1.5","2.2","0.7","5.6","-12.9","9.5","9.3","-7.0","-0.2","1.8","4.5","6.9","-2.3","4.3","-6.3","2.7","9.4","3.6","1.8","-3.2","-1.1","-1.4","-2.2","1.5","0.34","0.00","0.11","0.04","0.05","0.04","-0.01","0.00","0.23","0.02","-0.04","0.01","0.14","0.04","0.02","-0.02","0.05","0.01","-0.02","0.00","0.00","0.03","-0.01","2.06","-0.01","1.05","-0.10","1.16","0.14","-0.13","0.01","1.03","0.41","0.23","-0.06","0.33","-0.48","0.21","0.51","0.15","0.08","-0.20","-0.08","-0.04","-0.03","0.02","0.12","0.00","0.13","-0.10","0.22","-0.02","0.03","-0.03","0.03","-0.11","0.04","-0.02","0.15","0.00","0.02","0.02","0.01","0.03","-0.03","-0.02","-0.05","0.00","0.00","2.23","0.00","0.89","-0.23","1.11","0.11","-0.09","-0.01","1.35","0.50","0.29","-0.06","0.27","-0.51","0.35","0.61","0.14","0.10","-0.18","-0.08","-0.02","-0.03","0.00"
"2006 SEP","80.9","82.9","110.9","291.9","87.5","299.4","91.2","90.2","75.8","104.5","91.8","91.2","26.5","97.7","70.9","66.3","59.3","89.7","93.0","87.2","103.3","85.6","103.8","0.3","-1.5","0.2","-0.7","0.3","1.0","-0.8","0.3","0.3","0.4","0.3","-0.8","0.9","2.0","0.0","0.9","-1.8","0.1","0.7","-0.6","1.6","-0.6","9.1","1.9","-2.7","5.4","-11.9","8.8","12.3","-6.6","0.6","1.3","4.5","5.3","-1.8","4.6","-5.4","1.4","8.0","-1.0","1.4","-1.8","-1.6","-2.0","0.8","0.8","0.1","-1.1","0.2","-3.0","0.9","-0.1","-0.9","-0.4","0.1","-0.6","-1.2","-1.5","2.9","1.3","-0.2","0.0","0.2","0.4","-0.4","-0.1","-2.6","0.2","-2.0","1.9","-1.0","5.7","-11.1","9.4","10.5","-8.2","0.2","1.3","4.2","5.7","-2.4","4.1","-6.3","1.8","8.8","1.6","1.5","-2.8","-1.3","-2.4","-1.6","5.0","0.30","-0.01","0.03","-0.01","0.04","0.01","-0.01","0.02","0.26","0.05","0.02","-0.02","0.06","0.15","0.00","0.06","-0.07","0.00","0.04","-0.04","0.02","-0.01","0.01","1.88","-0.02","0.86","-0.21","1.03","0.14","-0.08","0.04","1.01","0.50","0.22","-0.05","0.29","-0.44","0.19","0.52","-0.04","0.07","-0.10","-0.11","-0.03","0.01","0.00","0.07","-0.01","0.04","-0.05","0.11","0.00","-0.01","-0.02","0.06","-0.07","-0.05","-0.04","0.18","0.10","-0.02","0.00","0.01","0.02","-0.02","0.00","-0.04","0.00","0.00","1.89","-0.01","0.90","-0.19","1.10","0.12","-0.11","0.01","0.99","0.47","0.24","-0.07","0.26","-0.52","0.23","0.57","0.06","0.08","-0.16","-0.09","-0.04","-0.03","0.01"
"2006 OCT","80.4","81.0","109.4","285.9","86.6","285.9","91.0","90.4","75.4","104.0","90.3","88.7","26.4","98.7","70.1","66.0","60.4","89.3","92.3","86.5","102.0","86.7","104.2","-0.6","-2.3","-1.3","-2.1","-1.0","-4.5","-0.2","0.2","-0.5","-0.5","-1.7","-2.7","-0.1","1.0","-1.1","-0.4","1.8","-0.4","-0.8","-0.8","-1.2","1.3","0.4","1.4","-4.0","4.7","-11.7","8.2","8.1","-6.8","1.2","0.8","3.1","1.7","-6.1","5.3","-1.9","0.2","5.6","0.1","0.5","-0.9","-2.1","-3.7","4.6","-4.2","0.0","-2.4","-0.1","-0.4","0.0","1.1","-2.1","0.0","0.1","-0.4","-2.1","-2.0","3.0","2.4","-0.5","0.1","0.3","0.2","-0.5","-0.5","-1.3","1.4","-0.2","1.8","-2.6","5.6","-10.0","9.0","10.9","-7.7","0.7","1.1","3.7","4.2","-3.4","5.1","-4.4","1.1","7.1","0.9","1.1","-2.1","-1.6","-2.9","1.1","3.6","-0.59","-0.01","-0.21","-0.03","-0.13","-0.06","0.00","0.02","-0.38","-0.06","-0.07","-0.07","0.00","0.08","-0.14","-0.03","0.07","-0.02","-0.04","-0.06","-0.02","0.02","0.00","1.40","-0.02","0.75","-0.20","0.96","0.09","-0.09","0.08","0.61","0.35","0.07","-0.17","0.33","-0.15","0.03","0.37","0.00","0.03","-0.05","-0.15","-0.06","0.07","-0.01","0.04","-0.01","-0.02","-0.01","0.01","0.01","-0.02","0.00","0.08","-0.05","-0.09","-0.05","0.19","0.18","-0.06","0.00","0.01","0.01","-0.03","-0.03","-0.02","0.02","0.00","1.78","-0.02","0.88","-0.17","1.05","0.13","-0.10","0.04","0.88","0.42","0.17","-0.09","0.32","-0.36","0.14","0.47","0.04","0.06","-0.12","-0.11","-0.04","0.02","0.00"
"2006 NOV","80.8","79.2","110.3","284.5","87.4","293.1","91.6","90.8","75.8","103.9","90.6","89.8","26.6","102.6","70.1","64.6","60.6","89.2","92.5","86.4","102.4","88.6","110.7","0.5","-2.1","0.8","-0.5","0.9","2.5","0.6","0.4","0.4","0.0","0.4","1.2","0.6","4.0","-0.1","-2.2","0.4","-0.1","0.3","-0.1","0.3","2.1","6.2","0.9","-5.8","4.3","-11.0","7.8","6.0","-7.5","1.4","0.2","1.7","1.7","-5.7","4.5","0.1","0.2","0.8","-2.3","0.1","-1.9","-2.3","-1.5","6.9","-17.4","0.1","-4.1","-0.3","-1.0","0.0","0.3","-2.7","0.4","0.2","0.0","-2.0","-2.3","2.4","4.4","-0.9","-0.5","0.1","-0.1","-0.1","-1.1","0.3","2.0","8.2","1.4","-4.2","4.8","-11.5","8.3","8.8","-7.0","1.1","0.8","3.1","2.9","-4.6","4.8","-2.4","0.6","4.8","-1.1","0.7","-1.5","-2.0","-2.4","4.1","-7.8","0.48","-0.01","0.14","-0.01","0.11","0.03","0.01","0.02","0.33","0.00","0.02","0.03","0.04","0.31","-0.01","-0.16","0.02","0.00","0.01","-0.01","0.00","0.03","0.01","0.88","-0.04","0.68","-0.18","0.91","0.07","-0.10","0.09","0.15","0.19","0.07","-0.16","0.28","0.01","0.02","0.06","-0.10","0.00","-0.10","-0.16","-0.02","0.10","-0.03","0.11","-0.02","-0.05","-0.02","0.00","0.00","-0.03","0.03","0.16","0.00","-0.09","-0.06","0.15","0.33","-0.11","-0.03","0.01","-0.01","0.00","-0.07","0.00","0.03","0.01","1.38","-0.03","0.76","-0.20","0.97","0.10","-0.09","0.07","0.59","0.35","0.12","-0.13","0.30","-0.19","0.08","0.32","-0.05","0.03","-0.08","-0.14","-0.04","0.06","-0.01"
"2006 DEC","81.5","77.7","110.0","267.2","88.1","288.6","90.8","91.0","76.7","104.1","91.3","89.6","27.0","107.6","70.1","66.6","61.2","89.3","93.4","87.1","100.6","88.9","105.3","0.9","-2.0","-0.3","-6.1","0.9","-1.6","-0.8","0.2","1.2","0.2","0.8","-0.2","1.3","4.9","0.0","3.2","0.9","0.0","0.9","0.8","-1.7","0.4","-4.8","1.0","-7.9","0.3","-18.8","4.2","4.2","-9.0","1.4","1.1","1.1","1.3","-4.6","3.6","6.6","-0.1","4.0","-1.1","0.0","-0.3","-1.8","-4.8","6.0","-18.8","0.3","-5.4","-0.5","-4.0","0.1","-1.6","-0.9","0.7","0.5","-0.1","-1.2","-2.4","2.1","7.0","-1.1","-0.4","1.6","-0.3","0.0","-1.0","-0.5","3.1","7.5","1.1","-5.9","3.1","-13.9","6.7","6.1","-7.8","1.4","0.7","2.0","1.6","-5.5","4.5","1.6","0.1","3.5","-1.1","0.2","-1.0","-2.1","-3.3","5.8","-14.0","0.86","-0.01","-0.05","-0.09","0.11","-0.02","-0.01","0.01","0.91","0.02","0.03","-0.01","0.09","0.39","0.00","0.21","0.04","0.00","0.05","0.05","-0.02","0.01","-0.01","0.97","-0.05","0.06","-0.32","0.51","0.05","-0.11","0.09","0.87","0.12","0.06","-0.13","0.23","0.52","-0.02","0.27","-0.04","0.00","-0.02","-0.13","-0.07","0.09","-0.03","0.32","-0.03","-0.09","-0.06","0.02","-0.02","-0.01","0.05","0.39","-0.01","-0.05","-0.06","0.14","0.52","-0.14","-0.03","0.06","-0.02","0.00","-0.07","-0.01","0.05","0.01","1.08","-0.04","0.49","-0.23","0.79","0.07","-0.10","0.09","0.55","0.22","0.07","-0.15","0.28","0.13","0.01","0.23","-0.05","0.01","-0.06","-0.14","-0.05","0.09","-0.02"
"2007 JAN","81.5","76.1","109.9","276.2","87.5","286.8","92.8","91.0","76.7","103.3","89.6","89.7","27.2","110.9","69.8","66.0","62.5","89.2","92.2","88.1","94.2","86.4","104.6","0.0","-2.0","-0.1","3.4","-0.7","-0.6","2.2","0.0","0.1","-0.8","-1.9","0.1","0.9","3.1","-0.5","-0.9","2.2","0.0","-1.2","1.2","-6.3","-2.8","-0.7","1.4","-10.7","1.8","-19.3","6.0","0.5","-3.1","0.8","1.4","-0.5","0.8","-7.4","6.0","11.9","-0.5","2.6","4.1","0.7","-2.4","-1.0","-10.4","0.4","-14.8","0.8","-6.0","-0.2","-5.0","0.6","-1.5","0.4","0.8","1.0","-0.4","-0.8","-1.0","2.1","9.9","-1.0","-0.5","2.4","-0.3","0.2","0.1","-3.2","2.1","5.7","1.1","-8.2","2.1","-16.5","6.0","3.5","-6.6","1.2","0.9","0.8","1.3","-5.9","4.7","6.1","-0.2","2.5","0.2","0.2","-1.5","-1.7","-5.6","4.4","-17.0","0.01","-0.01","-0.02","0.06","-0.08","-0.01","0.03","0.00","0.04","-0.09","-0.07","0.00","0.06","0.29","-0.06","-0.06","0.09","0.00","-0.07","0.08","-0.09","-0.04","0.00","1.36","-0.07","0.28","-0.42","0.65","0.01","-0.04","0.05","1.09","-0.05","0.03","-0.21","0.35","1.04","-0.07","0.17","0.16","0.04","-0.14","-0.07","-0.15","0.01","-0.03","0.76","-0.04","-0.04","-0.09","0.07","-0.02","0.01","0.05","0.79","-0.04","-0.03","-0.03","0.13","0.85","-0.12","-0.03","0.09","-0.02","0.01","0.01","-0.05","0.03","0.01","1.07","-0.05","0.33","-0.34","0.65","0.05","-0.09","0.08","0.71","0.08","0.05","-0.17","0.27","0.54","-0.02","0.17","0.01","0.01","-0.09","-0.12","-0.08","0.07","-0.03"
"2007 FEB","81.9","75.0","108.8","283.1","86.0","284.6","94.0","90.9","77.4","103.8","90.1","90.9","27.3","113.9","69.6","67.7","63.7","89.0","93.2","89.0","96.5","85.3","90.2","0.5","-1.5","-1.0","2.5","-1.7","-0.8","1.3","-0.1","0.9","0.5","0.5","1.3","0.3","2.7","-0.2","2.6","1.9","-0.2","1.1","0.9","2.4","-1.3","-13.8","2.1","-12.5","0.6","-12.9","3.2","-3.0","0.0","0.5","2.6","-0.4","0.5","-2.1","6.5","17.4","-1.0","4.2","5.6","0.4","-0.5","-0.2","-7.3","0.4","-10.6","1.2","-5.9","-0.6","-4.1","0.0","-2.1","1.4","0.5","1.7","-0.4","-0.6","0.2","2.5","11.2","-0.8","1.7","3.9","-0.2","0.3","1.6","-5.3","-0.1","-5.8","1.5","-10.4","0.9","-17.0","4.5","0.5","-4.1","0.9","1.7","0.0","0.9","-4.7","5.3","11.9","-0.6","3.6","2.8","0.3","-1.1","-1.0","-7.5","2.3","-15.1","0.55","-0.01","-0.15","0.04","-0.20","-0.01","0.02","0.00","0.71","0.05","0.02","0.03","0.02","0.26","-0.03","0.18","0.07","-0.01","0.06","0.07","0.03","-0.02","-0.02","2.06","-0.08","0.10","-0.26","0.35","-0.05","0.00","0.03","2.01","-0.05","0.02","-0.06","0.38","1.49","-0.13","0.28","0.22","0.02","-0.03","-0.01","-0.11","0.01","-0.01","1.17","-0.04","-0.09","-0.07","0.00","-0.03","0.02","0.03","1.27","-0.04","-0.03","0.00","0.15","0.98","-0.10","0.12","0.15","-0.01","0.02","0.11","-0.08","0.00","-0.01","1.46","-0.07","0.15","-0.36","0.49","0.01","-0.06","0.06","1.32","0.01","0.04","-0.13","0.31","1.03","-0.07","0.24","0.11","0.02","-0.06","-0.07","-0.11","0.03","-0.02"
"2007 MAR","82.1","74.0","108.6","283.1","86.0","282.4","92.4","90.7","77.7","104.4","91.3","91.1","27.9","113.6","69.7","68.3","63.3","89.4","93.5","88.9","94.9","84.3","79.4","0.2","-1.3","-0.2","0.0","0.0","-0.8","-1.7","-0.2","0.4","0.6","1.4","0.2","2.3","-0.2","0.2","0.8","-0.7","0.4","0.3","-0.1","-1.6","-1.1","-11.9","1.9","-13.5","-0.8","-11.0","1.4","-6.5","0.1","0.0","2.7","-0.8","0.3","-1.1","9.7","18.1","-1.5","4.0","4.1","0.5","0.0","0.3","-9.4","-1.7","-16.9","1.2","-5.4","-0.7","0.6","-1.0","-1.6","2.2","0.1","1.7","-0.2","-0.4","1.3","3.0","9.6","-0.6","2.4","4.0","0.0","0.3","2.3","-6.4","-3.1","-14.4","1.8","-12.2","0.6","-14.5","3.5","-3.1","-1.0","0.4","2.2","-0.6","0.5","-3.6","7.4","15.7","-1.0","3.6","4.6","0.5","-1.0","-0.3","-9.0","-0.3","-14.1","0.22","-0.01","-0.04","0.00","0.00","-0.01","-0.02","-0.01","0.28","0.06","0.06","0.00","0.14","-0.02","0.02","0.05","-0.03","0.02","0.02","-0.01","-0.02","-0.02","-0.01","1.89","-0.09","-0.12","-0.22","0.16","-0.10","0.00","0.00","2.09","-0.09","0.01","-0.03","0.56","1.53","-0.19","0.27","0.16","0.03","0.00","0.02","-0.14","-0.03","-0.02","1.18","-0.03","-0.12","0.01","-0.12","-0.02","0.03","0.01","1.33","-0.02","-0.02","0.03","0.18","0.86","-0.07","0.17","0.16","0.00","0.01","0.16","-0.09","-0.05","-0.02","1.77","-0.08","0.09","-0.30","0.39","-0.05","-0.01","0.03","1.73","-0.06","0.02","-0.10","0.43","1.35","-0.13","0.24","0.18","0.03","-0.06","-0.02","-0.13","0.00","-0.02"
"2007 APR","82.3","73.5","107.5","278.1","85.5","272.1","92.3","90.7","78.1","103.5","91.3","91.2","28.6","120.1","70.0","67.2","63.2","89.3","92.8","88.5","96.6","83.3","72.5","0.3","-0.6","-1.0","-1.7","-0.6","-3.6","-0.2","0.0","0.6","-0.9","-0.1","0.2","2.4","5.7","0.4","-1.5","-0.2","-0.1","-0.8","-0.5","1.8","-1.3","-8.7","2.6","-13.5","-1.6","-10.6","0.4","-8.2","1.4","0.2","3.8","-1.0","-0.6","-2.4","14.4","26.5","-1.2","2.0","6.7","0.3","0.0","0.7","-8.6","-2.4","-26.9","1.1","-4.6","-1.6","2.0","-2.1","-3.4","1.3","-0.2","1.8","0.1","0.4","1.5","3.7","8.3","-0.3","3.1","3.1","0.0","0.5","1.8","-3.1","-4.2","-24.5","2.2","-13.1","-0.6","-11.5","1.7","-5.9","0.5","0.3","3.0","-0.8","0.1","-1.9","10.2","20.6","-1.2","3.4","5.4","0.4","-0.2","0.3","-8.5","-1.2","-18.1","0.31","0.00","-0.15","-0.03","-0.06","-0.05","0.00","0.00","0.46","-0.10","0.00","0.00","0.15","0.56","0.05","-0.10","-0.01","-0.01","-0.04","-0.03","0.02","-0.02","-0.01","2.61","-0.09","-0.25","-0.21","0.04","-0.12","0.02","0.02","2.93","-0.12","-0.03","-0.07","0.82","2.22","-0.15","0.14","0.26","0.02","0.00","0.05","-0.13","-0.04","-0.04","1.09","-0.03","-0.25","0.03","-0.24","-0.05","0.02","-0.01","1.38","0.01","0.02","0.04","0.22","0.77","-0.04","0.21","0.12","0.00","0.03","0.12","-0.04","-0.06","-0.04","2.18","-0.09","-0.09","-0.23","0.18","-0.09","0.01","0.02","2.34","-0.08","0.00","-0.05","0.59","1.74","-0.16","0.23","0.21","0.02","-0.01","0.02","-0.12","-0.02","-0.02"
"2007 MAY","82.7","73.0","109.9","286.5","87.1","288.5","92.2","90.1","78.3","103.6","92.0","90.9","29.3","120.7","69.8","67.2","63.4","89.2","93.3","87.8","96.0","83.4","73.6","0.5","-0.7","2.2","3.0","1.9","6.0","-0.1","-0.6","0.3","0.1","0.8","-0.4","2.5","0.5","-0.3","0.0","0.4","-0.1","0.6","-0.7","-0.6","0.2","1.5","2.6","-13.8","-0.5","-3.9","0.1","-1.6","2.1","-0.4","3.7","-1.9","-0.7","-2.3","15.5","27.2","-1.6","2.1","6.0","0.1","-0.1","0.5","-9.3","-2.4","-29.4","1.0","-3.7","-0.8","2.6","-1.2","-2.0","-0.2","-0.5","1.5","0.1","1.3","1.1","5.3","6.6","0.0","1.2","1.3","0.1","0.3","0.4","-1.3","-3.7","-24.8","2.4","-13.6","-0.9","-8.6","0.6","-5.5","1.2","0.0","3.4","-1.2","-0.4","-1.9","13.2","23.9","-1.4","2.7","5.6","0.3","0.0","0.5","-9.1","-2.2","-24.6","0.49","0.00","0.33","0.05","0.21","0.08","0.00","-0.04","0.20","0.01","0.03","-0.01","0.16","0.06","-0.03","0.00","0.02","-0.01","0.03","-0.05","-0.01","0.00","0.00","2.63","-0.09","-0.08","-0.07","0.01","-0.02","0.03","-0.02","2.82","-0.22","-0.03","-0.06","0.89","2.26","-0.21","0.15","0.23","0.00","0.00","0.03","-0.14","-0.04","-0.04","0.96","-0.02","-0.13","0.04","-0.13","-0.03","0.00","-0.03","1.14","0.01","0.05","0.03","0.32","0.64","0.00","0.08","0.05","0.01","0.02","0.03","-0.02","-0.06","-0.03","2.38","-0.09","-0.15","-0.17","0.07","-0.08","0.02","0.00","2.62","-0.14","-0.01","-0.05","0.76","2.00","-0.18","0.18","0.22","0.02","0.00","0.03","-0.13","-0.03","-0.03"
"2007 JUN","82.9","72.8","108.4","270.0","86.4","289.6","90.1","89.3","78.8","104.1","92.4","93.2","29.7","122.9","69.7","67.6","63.5","89.3","93.0","87.6","96.8","84.4","81.1","0.2","-0.2","-1.3","-5.8","-0.8","0.4","-2.2","-0.9","0.6","0.5","0.4","2.5","1.4","1.8","-0.2","0.5","0.1","0.1","-0.4","-0.2","0.8","1.2","10.1","2.6","-14.0","-2.4","-7.0","-1.1","-1.1","-6.9","-1.1","4.1","-0.3","-2.2","0.7","15.4","29.2","-2.2","2.0","5.8","-0.2","-0.1","0.1","-6.4","-0.8","-19.3","1.0","-2.6","-0.5","-0.9","-0.2","-0.4","-1.7","-0.9","1.5","-0.1","1.7","1.3","6.3","7.5","0.2","0.0","0.3","0.0","0.0","-0.8","1.3","-2.0","-17.1","2.6","-13.7","-1.5","-7.2","-0.2","-3.7","-1.3","-0.4","3.9","-1.1","-1.2","-1.4","15.1","27.6","-1.7","2.1","6.2","0.1","0.0","0.5","-8.1","-1.9","-25.2","0.17","0.00","-0.21","-0.10","-0.08","0.01","-0.03","-0.05","0.44","0.06","0.02","0.07","0.09","0.18","-0.02","0.04","0.00","0.00","-0.02","-0.01","0.01","0.02","0.01","2.61","-0.09","-0.38","-0.13","-0.12","-0.02","-0.10","-0.07","3.16","-0.03","-0.09","0.02","0.90","2.43","-0.28","0.14","0.22","-0.01","0.00","0.01","-0.09","-0.01","-0.03","1.02","-0.01","-0.07","-0.02","-0.02","-0.01","-0.02","-0.06","1.17","-0.01","0.07","0.04","0.39","0.73","0.02","0.00","0.01","0.00","0.00","-0.06","0.02","-0.03","-0.02","2.62","-0.09","-0.24","-0.14","-0.02","-0.05","-0.02","-0.03","2.97","-0.12","-0.05","-0.04","0.87","2.30","-0.21","0.14","0.24","0.00","0.00","0.03","-0.12","-0.03","-0.03"
"2007 JUL","82.9","73.0","107.9","274.6","85.8","285.5","90.4","88.7","79.0","103.9","92.2","91.3","30.0","126.3","69.6","68.0","63.7","89.0","91.9","87.8","94.1","83.2","78.9","0.1","0.2","-0.5","1.7","-0.7","-1.4","0.3","-0.7","0.2","-0.2","-0.1","-2.1","0.8","2.8","-0.1","0.7","0.4","-0.3","-1.1","0.2","-2.7","-1.4","-2.6","3.2","-13.7","-1.9","-4.3","-1.3","-0.2","-2.5","-1.5","4.8","0.0","0.0","-0.5","16.7","32.6","-1.7","3.1","6.8","-0.5","-0.8","0.1","-7.4","-1.5","-20.2","0.9","-1.6","0.4","-1.6","0.7","2.9","-2.2","-1.5","1.2","0.0","1.4","0.8","6.1","6.4","-0.1","-0.2","0.3","-0.1","-0.5","-1.1","-0.4","-0.7","-3.5","2.8","-13.8","-1.6","-5.1","-0.8","-1.0","-2.5","-1.0","4.2","-0.7","-1.0","-0.7","15.8","29.6","-1.8","2.4","6.2","-0.2","-0.3","0.3","-7.7","-1.6","-23.0","0.07","0.00","-0.07","0.03","-0.08","-0.02","0.00","-0.05","0.19","-0.02","-0.01","-0.05","0.05","0.29","-0.02","0.05","0.02","-0.02","-0.06","0.02","-0.04","-0.02","0.00","3.24","-0.09","-0.30","-0.08","-0.15","0.00","-0.03","-0.10","3.73","0.00","0.00","-0.01","0.97","2.73","-0.22","0.21","0.26","-0.03","-0.05","0.01","-0.11","-0.02","-0.03","0.91","-0.01","0.06","-0.03","0.08","0.04","-0.03","-0.10","0.96","0.00","0.06","0.02","0.38","0.64","-0.01","-0.01","0.01","-0.01","-0.03","-0.08","-0.01","-0.01","0.00","2.83","-0.09","-0.25","-0.09","-0.09","-0.01","-0.03","-0.06","3.24","-0.08","-0.04","-0.02","0.92","2.48","-0.24","0.17","0.24","-0.01","-0.02","0.02","-0.11","-0.02","-0.03"
"2007 AUG","83.5","73.1","109.4","266.1","88.1","281.0","90.8","88.1","79.5","104.8","93.7","92.2","30.1","127.3","69.8","68.2","64.6","88.9","91.7","88.2","95.8","84.4","88.3","0.7","0.1","1.4","-3.1","2.7","-1.6","0.4","-0.6","0.6","0.9","1.6","1.0","0.5","0.8","0.3","0.2","1.3","-0.1","-0.2","0.4","1.8","1.5","11.9","3.6","-13.1","-1.1","-9.5","0.9","-5.2","-1.2","-2.0","5.2","0.7","2.4","0.3","14.8","33.0","-1.6","3.7","6.9","-0.8","-0.7","0.6","-5.7","-2.0","-7.2","0.9","-0.7","-0.1","-4.4","0.7","1.5","-2.0","-2.0","1.3","0.5","1.3","1.3","4.6","6.2","-0.2","0.5","1.0","-0.3","-1.1","-0.6","-0.3","0.4","10.1","3.1","-13.6","-1.8","-6.9","-0.5","-2.2","-3.6","-1.5","4.7","0.2","0.0","0.2","15.6","31.6","-1.8","3.0","6.5","-0.5","-0.5","0.3","-6.5","-1.4","-15.7","0.66","0.00","0.22","-0.05","0.29","-0.02","0.01","-0.04","0.48","0.10","0.06","0.03","0.03","0.09","0.04","0.02","0.05","0.00","-0.01","0.03","0.02","0.02","0.01","3.58","-0.08","-0.18","-0.17","0.10","-0.08","-0.02","-0.13","3.98","0.08","0.10","0.01","0.88","2.77","-0.20","0.25","0.27","-0.04","-0.04","0.04","-0.08","-0.03","-0.01","0.87","0.00","-0.01","-0.08","0.07","0.02","-0.03","-0.13","1.01","0.05","0.05","0.03","0.29","0.63","-0.03","0.04","0.04","-0.01","-0.06","-0.04","0.00","0.01","0.01","3.14","-0.09","-0.29","-0.13","-0.06","-0.03","-0.05","-0.10","3.62","0.02","0.00","0.00","0.92","2.64","-0.23","0.20","0.25","-0.03","-0.03","0.02","-0.09","-0.02","-0.02"
"2007 SEP","83.7","73.1","108.3","258.5","87.4","277.6","90.6","88.1","79.8","105.9","93.5","92.5","30.5","128.6","69.9","68.2","64.6","88.3","91.7","88.5","97.5","85.8","93.1","0.2","0.1","-1.0","-2.9","-0.8","-1.2","-0.2","-0.1","0.5","1.0","-0.1","0.4","1.2","1.0","0.1","0.0","0.1","-0.7","0.0","0.4","1.8","1.6","5.4","3.5","-11.8","-2.3","-11.5","-0.2","-7.3","-0.6","-2.4","5.3","1.4","1.9","1.4","15.1","31.7","-1.5","2.8","9.0","-1.6","-1.4","1.5","-5.6","0.1","-10.3","0.9","-0.1","0.0","-4.2","0.9","-0.7","-1.0","-1.9","1.3","1.1","1.4","0.2","3.3","5.1","-0.1","1.2","1.5","-0.6","-1.3","0.2","-0.6","0.9","14.6","3.4","-12.9","-1.8","-8.4","-0.2","-4.3","-1.4","-2.0","5.1","0.7","1.4","0.4","15.5","32.4","-1.6","3.2","7.6","-0.9","-1.0","0.8","-6.2","-1.1","-12.6","0.20","0.00","-0.15","-0.05","-0.09","-0.02","0.00","0.00","0.35","0.11","-0.01","0.01","0.08","0.11","0.01","0.00","0.00","-0.04","0.00","0.03","0.02","0.02","0.01","3.47","-0.07","-0.36","-0.21","-0.02","-0.11","-0.01","-0.15","4.07","0.15","0.08","0.04","0.90","2.71","-0.19","0.19","0.34","-0.08","-0.08","0.11","-0.08","0.00","-0.01","0.86","0.00","-0.01","-0.07","0.09","-0.01","-0.01","-0.12","0.99","0.12","0.06","0.01","0.21","0.53","-0.01","0.08","0.06","-0.03","-0.07","0.02","-0.01","0.01","0.01","3.43","-0.08","-0.28","-0.15","-0.02","-0.06","-0.02","-0.13","3.92","0.08","0.06","0.01","0.92","2.74","-0.20","0.22","0.29","-0.05","-0.06","0.05","-0.09","-0.02","-0.02"
"2007 OCT","83.6","74.1","108.8","269.7","87.4","271.6","91.2","88.6","79.6","105.6","93.6","93.6","29.9","128.0","70.4","67.1","63.6","88.0","91.6","88.9","100.8","84.4","99.6","-0.1","1.3","0.4","4.3","0.1","-2.2","0.6","0.6","-0.3","-0.3","0.1","1.2","-1.8","-0.5","0.7","-1.6","-1.7","-0.4","-0.1","0.5","3.4","-1.6","7.0","4.0","-8.5","-0.6","-5.6","1.0","-5.0","0.3","-2.1","5.5","1.6","3.7","5.5","13.1","29.8","0.3","1.6","5.2","-1.5","-0.8","2.9","-1.2","-2.7","-4.4","0.9","0.6","0.1","-4.4","1.4","-3.9","0.0","-1.2","1.2","1.6","1.5","1.1","1.7","3.8","0.5","0.3","1.1","-0.8","-1.2","0.9","2.5","1.4","20.3","3.7","-11.2","-1.3","-8.9","0.6","-5.8","-0.5","-2.2","5.3","1.2","2.6","2.4","14.3","31.4","-0.9","2.7","7.0","-1.3","-1.0","1.7","-4.2","-1.5","-7.3","-0.11","0.01","0.06","0.07","0.01","-0.03","0.01","0.03","-0.20","-0.03","0.00","0.03","-0.12","-0.05","0.09","-0.11","-0.07","-0.02","-0.01","0.03","0.04","-0.02","0.01","3.98","-0.05","-0.10","-0.10","0.11","-0.07","0.00","-0.13","4.27","0.18","0.15","0.14","0.79","2.58","0.04","0.11","0.21","-0.08","-0.04","0.20","-0.02","-0.04","-0.01","0.87","0.00","0.02","-0.07","0.15","-0.06","0.00","-0.08","0.92","0.17","0.06","0.03","0.11","0.40","0.06","0.02","0.05","-0.04","-0.06","0.06","0.03","0.02","0.02","3.68","-0.07","-0.21","-0.16","0.06","-0.09","-0.01","-0.14","4.10","0.14","0.11","0.06","0.86","2.69","-0.12","0.19","0.27","-0.07","-0.06","0.11","-0.06","-0.02","-0.01"
"2007 NOV","84.1","76.6","109.3","264.9","88.2","274.5","90.8","89.0","80.1","105.9","94.8","93.4","30.3","130.6","70.6","66.7","64.5","88.0","91.2","89.3","101.8","87.4","95.0","0.6","3.5","0.5","-1.8","0.9","1.1","-0.5","0.5","0.6","0.3","1.2","-0.2","1.4","2.0","0.3","-0.7","1.4","0.0","-0.4","0.4","0.9","3.6","-4.6","4.1","-3.3","-0.9","-6.9","1.0","-6.4","-0.8","-2.0","5.7","1.9","4.6","4.0","14.0","27.4","0.7","3.3","6.3","-1.4","-1.5","3.3","-0.6","-1.3","-14.2","0.8","2.2","0.2","-2.2","1.1","-3.8","0.5","-0.2","1.0","1.5","1.3","1.0","1.1","2.8","0.8","-0.9","0.4","-1.1","-0.8","1.2","4.7","2.2","15.9","3.8","-7.9","-1.3","-8.0","0.6","-6.2","-0.4","-2.1","5.5","1.6","3.4","3.6","14.1","29.6","-0.1","2.6","6.8","-1.5","-1.2","2.6","-2.5","-1.3","-9.7","0.59","0.02","0.08","-0.03","0.10","0.01","-0.01","0.03","0.46","0.03","0.05","-0.01","0.09","0.22","0.04","-0.04","0.06","0.00","-0.02","0.02","0.01","0.05","-0.01","4.09","-0.02","-0.15","-0.12","0.11","-0.09","-0.01","-0.13","4.38","0.21","0.18","0.10","0.84","2.46","0.09","0.22","0.25","-0.07","-0.08","0.23","-0.01","-0.02","-0.02","0.79","0.01","0.03","-0.04","0.12","-0.05","0.01","-0.01","0.76","0.16","0.05","0.03","0.07","0.30","0.10","-0.06","0.02","-0.06","-0.04","0.08","0.06","0.03","0.02","3.85","-0.05","-0.20","-0.14","0.07","-0.09","0.00","-0.14","4.24","0.18","0.14","0.10","0.84","2.58","-0.02","0.17","0.27","-0.08","-0.07","0.18","-0.04","-0.02","-0.01"
"2007 DEC","84.4","81.6","109.6","267.6","88.8","270.2","88.9","89.4","80.4","106.1","96.0","92.7","30.9","130.9","70.8","68.4","64.2","89.0","89.3","89.4","100.8","89.4","87.1","0.4","6.5","0.2","1.0","0.6","-1.6","-2.1","0.4","0.4","0.2","1.3","-0.8","1.8","0.2","0.3","2.6","-0.4","1.2","-2.1","0.2","-1.0","2.2","-8.3","3.6","5.0","-0.4","0.1","0.8","-6.4","-2.1","-1.8","4.9","1.9","5.1","3.4","14.5","21.6","1.0","2.7","4.9","-0.3","-4.4","2.7","0.2","0.5","-17.2","0.8","6.0","0.6","0.4","1.2","-3.3","-0.3","0.8","0.8","1.0","1.8","1.3","0.7","1.9","1.2","-1.1","-0.4","-0.5","-1.2","1.2","5.5","3.1","8.2","3.9","-2.4","-0.6","-4.2","0.9","-5.9","-0.9","-1.9","5.4","1.8","4.5","4.3","13.9","26.1","0.7","2.5","5.5","-1.1","-2.2","3.0","-0.5","-1.2","-12.0","0.42","0.04","0.04","0.02","0.07","-0.02","-0.03","0.03","0.32","0.02","0.05","-0.02","0.12","0.02","0.04","0.17","-0.02","0.06","-0.11","0.01","-0.01","0.03","-0.01","3.64","0.03","-0.06","0.00","0.09","-0.09","-0.03","-0.11","3.78","0.21","0.20","0.09","0.88","2.02","0.12","0.19","0.19","-0.01","-0.25","0.18","0.00","0.01","-0.02","0.78","0.03","0.09","0.01","0.14","-0.05","0.00","0.05","0.61","0.10","0.07","0.04","0.04","0.20","0.14","-0.07","-0.02","-0.02","-0.07","0.08","0.07","0.04","0.01","3.90","-0.01","-0.10","-0.07","0.10","-0.09","-0.01","-0.13","4.14","0.20","0.18","0.11","0.84","2.35","0.09","0.17","0.22","-0.06","-0.13","0.20","-0.01","-0.02","-0.02"
"2008 JAN","84.4","86.8","108.9","254.2","88.8","262.4","91.3","89.1","80.5","105.2","96.6","94.7","30.8","131.8","70.5","68.1","66.4","87.0","92.0","89.4","99.7","86.5","78.7","0.0","6.4","-0.6","-5.0","0.0","-2.9","2.7","-0.3","0.1","-0.8","0.7","2.2","-0.2","0.7","-0.4","-0.5","3.4","-2.3","3.1","0.0","-1.0","-3.2","-9.7","3.6","14.0","-0.9","-8.0","1.5","-8.5","-1.6","-2.0","4.9","1.9","7.8","5.5","13.2","18.8","1.1","3.1","6.2","-2.5","-0.2","1.4","5.9","0.1","-24.8","0.9","11.3","0.4","-1.0","1.1","-2.8","-0.6","1.0","0.9","0.3","2.3","0.9","1.7","2.4","0.9","-0.2","1.2","-0.4","-0.9","0.9","2.8","3.5","-7.2","3.8","5.1","-0.7","-5.0","1.1","-7.1","-1.5","-1.9","5.2","1.9","5.8","4.3","13.9","22.5","0.9","3.0","5.8","-1.4","-2.1","2.5","1.7","-0.2","-18.6","0.00","0.04","-0.09","-0.08","0.00","-0.04","0.03","-0.02","0.06","-0.09","0.03","0.06","-0.01","0.07","-0.05","-0.04","0.14","-0.11","0.17","0.00","-0.01","-0.05","-0.01","3.62","0.09","-0.14","-0.14","0.17","-0.13","-0.02","-0.14","3.79","0.22","0.31","0.15","0.77","1.55","0.14","0.21","0.25","-0.13","-0.01","0.10","0.08","0.00","-0.04","0.86","0.07","0.06","-0.02","0.12","-0.04","-0.01","0.07","0.67","0.03","0.09","0.02","0.11","0.22","0.11","-0.01","0.05","-0.02","-0.05","0.06","0.04","0.05","-0.01","3.78","0.03","-0.11","-0.09","0.12","-0.11","-0.02","-0.13","3.97","0.22","0.23","0.12","0.80","1.79","0.12","0.21","0.23","-0.07","-0.12","0.17","0.02","0.00","-0.03"
"2008 FEB","85.0","91.7","110.7","256.0","91.1","255.8","90.6","89.2","80.9","107.1","99.3","94.9","31.5","125.5","70.9","67.3","68.3","88.3","94.2","89.7","100.1","88.4","74.5","0.7","5.6","1.6","0.7","2.6","-2.5","-0.8","0.0","0.5","1.7","2.8","0.2","2.4","-4.7","0.6","-1.1","2.8","1.5","2.4","0.4","0.3","2.1","-5.3","3.8","22.3","1.7","-9.6","6.0","-10.1","-3.6","-1.9","4.5","3.2","10.3","4.4","15.6","10.2","1.9","-0.7","7.2","-0.8","1.1","0.9","3.8","3.6","-17.3","1.0","16.2","0.9","-1.9","2.1","-4.3","-0.7","0.8","0.9","0.3","3.5","1.0","2.8","0.2","0.7","0.9","3.2","0.0","0.4","0.7","0.2","2.6","-16.5","3.7","13.6","0.2","-5.9","2.7","-8.3","-2.4","-1.9","4.8","2.3","7.7","4.4","14.4","16.8","1.3","1.7","6.1","-1.2","-1.2","1.6","3.2","1.4","-19.9","0.67","0.04","0.25","0.01","0.28","-0.03","-0.01","0.00","0.38","0.19","0.12","0.01","0.15","-0.45","0.07","-0.08","0.12","0.07","0.14","0.03","0.00","0.03","-0.01","3.75","0.14","0.27","-0.17","0.64","-0.15","-0.05","-0.13","3.46","0.36","0.41","0.12","0.91","0.86","0.24","-0.05","0.29","-0.04","0.06","0.06","0.05","0.06","-0.02","1.00","0.10","0.13","-0.03","0.23","-0.06","-0.01","0.05","0.73","0.03","0.14","0.03","0.18","0.02","0.08","0.06","0.13","0.00","0.02","0.05","0.00","0.04","-0.02","3.67","0.09","0.02","-0.10","0.30","-0.13","-0.03","-0.13","3.67","0.26","0.31","0.12","0.84","1.38","0.17","0.12","0.25","-0.06","-0.07","0.12","0.04","0.02","-0.03"
"2008 MAR","84.0","93.9","107.3","249.5","87.4","265.0","88.2","88.9","80.2","105.7","96.6","94.1","31.4","124.3","71.0","68.2","66.0","88.4","91.2","90.1","99.2","85.2","76.3","-1.1","2.4","-3.1","-2.5","-4.0","3.6","-2.7","-0.3","-0.9","-1.3","-2.8","-0.9","-0.3","-1.0","0.1","1.3","-3.3","0.1","-3.2","0.4","-0.9","-3.6","2.4","2.3","26.9","-1.2","-11.9","1.7","-6.2","-4.6","-2.0","3.2","1.2","5.8","3.3","12.6","9.4","1.8","-0.1","4.4","-1.2","-2.5","1.4","4.5","1.0","-3.9","0.5","17.2","-0.2","-5.3","1.1","-4.1","-0.3","0.1","0.6","0.1","2.9","1.4","2.9","-2.0","0.3","0.6","4.4","-0.5","2.0","0.6","-1.4","-0.4","-18.5","3.2","21.0","-0.1","-9.8","3.0","-8.3","-3.3","-2.0","4.2","2.1","7.9","4.4","13.8","12.8","1.6","0.7","5.9","-1.5","-0.6","1.2","4.7","1.6","-16.3","-1.14","0.02","-0.47","-0.04","-0.44","0.05","-0.04","-0.02","-0.67","-0.15","-0.12","-0.02","-0.02","-0.09","0.01","0.09","-0.14","0.00","-0.18","0.03","-0.01","-0.06","0.00","2.34","0.17","-0.19","-0.22","0.18","-0.09","-0.06","-0.13","2.48","0.14","0.23","0.09","0.75","0.78","0.22","-0.01","0.18","-0.06","-0.15","0.09","0.06","0.02","0.00","0.54","0.11","-0.03","-0.09","0.12","-0.06","0.00","0.01","0.46","0.01","0.12","0.04","0.18","-0.19","0.04","0.04","0.18","-0.03","0.11","0.04","-0.02","-0.01","-0.02","3.24","0.13","-0.02","-0.18","0.33","-0.12","-0.04","-0.13","3.24","0.24","0.32","0.12","0.81","1.06","0.20","0.05","0.24","-0.08","-0.03","0.08","0.06","0.02","-0.02"
"2008 APR","84.7","93.6","109.8","245.9","89.8","273.9","90.1","87.8","80.8","108.7","99.7","91.5","32.4","124.9","70.9","67.4","66.9","87.7","90.7","90.3","101.4","87.3","86.5","0.9","-0.3","2.3","-1.4","2.7","3.4","2.2","-1.2","0.8","2.9","3.2","-2.7","3.0","0.5","-0.1","-1.2","1.3","-0.8","-0.5","0.2","2.2","2.5","13.2","2.9","27.4","2.1","-11.6","5.1","0.6","-2.3","-3.2","3.4","5.1","9.2","0.4","13.2","4.0","1.3","0.2","5.9","-1.8","-2.2","2.0","5.0","4.9","19.2","0.3","13.9","0.0","-4.5","0.9","-1.5","-0.8","-0.6","0.4","1.3","2.9","-0.1","3.6","-4.7","0.4","-0.2","3.1","0.1","1.4","0.8","-0.5","-0.9","-9.0","3.0","25.5","0.9","-11.0","4.2","-5.3","-3.5","-2.4","3.7","3.2","8.4","2.7","13.8","7.8","1.6","-0.2","5.8","-1.3","-1.2","1.4","4.4","3.2","-2.0","0.86","0.00","0.35","-0.02","0.29","0.05","0.03","-0.08","0.60","0.33","0.13","-0.07","0.20","0.04","-0.02","-0.08","0.05","-0.04","-0.03","0.01","0.03","0.04","0.01","2.91","0.17","0.32","-0.21","0.54","0.01","-0.03","-0.21","2.63","0.57","0.37","0.01","0.80","0.35","0.16","0.02","0.24","-0.10","-0.13","0.14","0.07","0.07","0.02","0.33","0.09","0.00","-0.07","0.10","-0.02","-0.01","-0.04","0.28","0.15","0.12","0.00","0.23","-0.44","0.05","-0.01","0.13","0.01","0.08","0.05","-0.01","-0.01","-0.01","3.00","0.16","0.13","-0.20","0.46","-0.08","-0.05","-0.16","2.85","0.36","0.33","0.07","0.82","0.66","0.21","-0.01","0.24","-0.07","-0.07","0.10","0.06","0.05","0.00"
"2008 MAY","83.9","93.4","108.7","252.8","89.6","248.0","88.5","87.2","80.0","106.4","96.7","92.1","32.2","125.8","70.6","66.3","66.1","87.0","88.8","90.4","97.3","84.7","94.0","-1.0","-0.3","-0.9","2.8","-0.3","-9.5","-1.8","-0.7","-1.0","-2.2","-3.0","0.6","-0.7","0.7","-0.4","-1.7","-1.2","-0.8","-2.1","0.2","-4.0","-3.1","8.7","1.4","27.9","-1.0","-11.7","2.9","-14.1","-4.0","-3.3","2.1","2.7","5.1","1.3","9.7","4.2","1.1","-1.4","4.2","-2.5","-4.9","3.0","1.4","1.5","27.7","-0.5","8.0","-1.0","-3.8","-0.7","-0.2","-1.5","-1.4","-0.3","0.7","0.3","-1.6","3.0","-3.4","0.1","-0.9","0.1","-0.5","-1.7","0.8","-0.9","-2.7","6.8","2.2","27.4","-0.1","-11.7","3.2","-6.7","-3.7","-2.8","2.9","3.0","6.7","1.6","11.8","5.8","1.4","-0.4","4.8","-1.8","-3.2","2.1","3.6","2.5","13.8","-0.98","0.00","-0.14","0.04","-0.03","-0.13","-0.02","-0.05","-0.79","-0.25","-0.13","0.02","-0.05","0.06","-0.05","-0.11","-0.05","-0.04","-0.12","0.01","-0.06","-0.05","0.01","1.40","0.17","-0.16","-0.21","0.31","-0.21","-0.05","-0.22","1.61","0.31","0.20","0.03","0.60","0.37","0.15","-0.10","0.17","-0.13","-0.28","0.21","0.02","0.02","0.03","-0.46","0.06","-0.16","-0.06","-0.08","0.00","-0.02","-0.09","-0.26","0.08","0.01","-0.04","0.19","-0.32","0.01","-0.06","0.00","-0.02","-0.10","0.06","-0.01","-0.04","0.01","2.22","0.17","-0.01","-0.21","0.34","-0.10","-0.05","-0.19","2.24","0.34","0.27","0.04","0.72","0.50","0.18","-0.03","0.19","-0.10","-0.19","0.15","0.05","0.04","0.01"
"2008 JUN","83.8","93.6","108.5","252.6","89.1","249.3","89.6","86.4","79.9","105.0","96.4","91.4","32.4","128.5","71.1","65.5","64.5","86.7","89.3","90.4","95.4","84.8","102.2","-0.1","0.3","-0.2","-0.1","-0.5","0.5","1.3","-0.9","0.0","-1.4","-0.3","-0.7","0.9","2.2","0.7","-1.2","-2.3","-0.3","0.6","-0.1","-2.0","0.2","8.7","1.1","28.5","0.1","-6.4","3.1","-13.9","-0.6","-3.3","1.5","0.8","4.4","-1.9","9.2","4.5","2.0","-3.1","1.7","-2.8","-3.9","3.1","-1.4","0.5","26.0","-0.4","3.0","0.0","-1.1","0.5","-1.5","-0.7","-2.2","-0.3","0.7","0.1","-3.0","3.4","-0.7","0.1","-2.1","-1.6","-0.8","-3.1","0.7","-1.7","-1.3","23.1","1.8","27.9","0.4","-10.0","3.7","-9.3","-2.3","-3.2","2.3","2.9","6.2","-0.1","10.7","4.2","1.5","-1.4","3.9","-2.4","-3.7","2.7","1.6","2.3","24.4","-0.12","0.00","-0.04","0.00","-0.06","0.01","0.02","-0.06","-0.03","-0.15","-0.01","-0.02","0.06","0.20","0.08","-0.08","-0.10","-0.01","0.03","0.00","-0.03","0.00","0.01","1.11","0.17","0.01","-0.11","0.33","-0.21","-0.01","-0.22","1.14","0.09","0.18","-0.05","0.58","0.41","0.25","-0.21","0.07","-0.15","-0.23","0.22","-0.02","0.01","0.03","-0.38","0.02","0.00","-0.02","0.05","-0.02","-0.01","-0.14","-0.26","0.08","0.00","-0.08","0.22","-0.06","0.01","-0.14","-0.07","-0.04","-0.18","0.05","-0.02","-0.02","0.02","1.80","0.17","0.06","-0.18","0.40","-0.14","-0.03","-0.22","1.79","0.32","0.25","0.00","0.66","0.37","0.19","-0.10","0.16","-0.12","-0.21","0.19","0.02","0.03","0.03"
"2008 JUL","83.3","94.3","109.2","239.1","90.1","253.1","92.7","85.5","79.3","102.6","94.5","90.7","32.6","125.1","70.5","64.9","65.5","86.5","89.3","90.0","97.9","85.5","93.6","-0.6","0.7","0.7","-5.3","1.2","1.5","3.4","-1.0","-0.9","-2.2","-2.0","-0.7","0.6","-2.6","-0.8","-0.9","1.5","-0.3","0.0","-0.4","2.7","0.7","-8.4","0.4","29.1","1.2","-12.9","5.1","-11.3","2.5","-3.6","0.4","-1.2","2.4","-0.6","9.0","-1.0","1.3","-4.6","2.7","-2.8","-2.8","2.5","4.0","2.7","18.6","-1.1","0.8","-0.4","-0.9","0.2","-5.6","0.7","-2.6","-1.1","-2.3","-2.7","-2.2","2.0","1.2","-0.3","-3.0","-2.5","-1.5","-3.1","0.3","-3.4","-2.3","22.1","1.0","28.5","0.1","-10.4","3.7","-13.1","-0.7","-3.4","1.3","0.8","4.0","-0.4","9.3","2.5","1.5","-3.0","2.9","-2.7","-3.9","2.9","1.3","1.6","24.0","-0.62","0.00","0.10","-0.09","0.13","0.02","0.04","-0.07","-0.67","-0.25","-0.08","-0.02","0.04","-0.24","-0.10","-0.06","0.06","-0.01","0.00","-0.03","0.04","0.01","-0.01","0.41","0.18","0.19","-0.23","0.54","-0.17","0.03","-0.23","0.28","-0.14","0.10","-0.02","0.57","-0.09","0.17","-0.31","0.11","-0.14","-0.16","0.17","0.05","0.04","0.02","-1.08","0.01","-0.06","-0.01","0.02","-0.08","0.01","-0.16","-0.86","-0.27","-0.11","-0.06","0.13","0.11","-0.03","-0.20","-0.11","-0.08","-0.18","0.02","-0.05","-0.03","0.02","0.97","0.17","0.01","-0.18","0.39","-0.20","-0.01","-0.22","1.01","0.09","0.16","-0.01","0.58","0.23","0.19","-0.21","0.12","-0.14","-0.22","0.20","0.02","0.02","0.03"
"2008 AUG","83.1","94.7","109.0","243.4","89.1","249.4","98.8","84.3","79.1","101.7","94.4","91.6","33.0","123.0","70.9","64.8","65.2","86.9","88.7","89.8","96.7","84.4","96.7","-0.3","0.4","-0.2","1.8","-1.1","-1.5","6.6","-1.4","-0.2","-0.9","0.0","0.9","1.2","-1.7","0.6","-0.2","-0.4","0.4","-0.7","-0.2","-1.2","-1.3","3.4","-0.5","29.6","-0.4","-8.5","1.2","-11.2","8.8","-4.3","-0.5","-3.0","0.8","-0.7","9.7","-3.4","1.6","-4.9","1.0","-2.3","-3.3","1.8","1.0","-0.1","9.6","-1.0","0.6","0.3","-1.8","0.6","-4.4","5.3","-2.9","-1.1","-3.6","-2.6","-1.4","2.2","0.4","0.0","-3.3","-1.9","-1.1","-1.2","-0.2","-2.6","-1.0","13.9","0.3","29.1","0.3","-9.3","3.1","-12.2","3.6","-3.7","0.5","-1.2","2.5","-1.1","9.3","0.0","1.6","-4.2","1.8","-2.6","-3.3","2.5","1.2","1.0","17.8","-0.28","0.00","-0.03","0.03","-0.13","-0.02","0.09","-0.09","-0.16","-0.10","0.00","0.03","0.08","-0.15","0.08","-0.01","-0.02","0.02","-0.04","-0.02","-0.02","-0.02","0.00","-0.53","0.18","-0.06","-0.14","0.13","-0.16","0.11","-0.28","-0.35","-0.34","0.03","-0.02","0.61","-0.32","0.20","-0.34","0.04","-0.12","-0.19","0.12","0.01","0.00","0.01","-0.99","0.00","0.04","-0.03","0.06","-0.06","0.07","-0.19","-0.85","-0.41","-0.11","-0.04","0.15","0.04","0.01","-0.22","-0.08","-0.05","-0.07","-0.02","-0.04","-0.01","0.02","0.33","0.17","0.05","-0.16","0.33","-0.18","0.05","-0.24","0.36","-0.13","0.10","-0.03","0.59","0.00","0.21","-0.29","0.07","-0.13","-0.19","0.17","0.02","0.02","0.02"
"2008 SEP","82.1","94.4","108.4","258.0","88.8","238.6","93.6","82.8","78.1","97.9","93.4","90.9","32.5","120.2","70.8","64.3","64.5","86.8","88.2","89.7","94.0","83.7","96.2","-1.2","-0.3","-0.5","6.0","-0.4","-4.3","-5.2","-1.8","-1.3","-3.7","-1.1","-0.7","-1.5","-2.2","-0.2","-0.8","-1.1","-0.1","-0.6","-0.1","-2.8","-0.8","-0.5","-1.9","29.2","0.0","-0.2","1.6","-14.1","3.2","-6.0","-2.2","-7.5","-0.2","-1.7","6.9","-6.5","1.4","-5.7","-0.2","-1.7","-3.8","1.4","-3.6","-2.4","3.4","-1.6","1.0","-0.1","-1.4","-0.2","-3.9","6.3","-3.4","-1.8","-5.6","-3.6","-0.7","1.3","-2.8","-0.1","-2.6","-1.1","-0.5","-0.9","-0.6","-1.8","-1.3","1.4","-0.7","29.3","0.3","-7.3","2.6","-12.2","4.8","-4.6","-0.8","-4.0","1.0","-1.0","8.5","-3.7","1.4","-5.1","1.2","-2.2","-3.3","1.9","0.4","0.0","10.1","-1.19","0.00","-0.08","0.09","-0.04","-0.06","-0.07","-0.11","-0.98","-0.40","-0.05","-0.02","-0.10","-0.20","-0.02","-0.05","-0.05","-0.01","-0.03","0.00","-0.04","-0.01","0.00","-1.90","0.17","0.01","0.00","0.17","-0.20","0.04","-0.39","-1.68","-0.86","-0.01","-0.05","0.44","-0.61","0.17","-0.39","-0.01","-0.09","-0.22","0.09","-0.05","-0.04","0.00","-1.60","0.01","-0.02","-0.02","-0.02","-0.05","0.08","-0.21","-1.38","-0.63","-0.15","-0.02","0.09","-0.26","-0.02","-0.17","-0.05","-0.02","-0.05","-0.04","-0.02","-0.02","0.00","-0.68","0.18","0.04","-0.12","0.28","-0.18","0.06","-0.30","-0.59","-0.45","0.04","-0.03","0.54","-0.34","0.18","-0.35","0.05","-0.12","-0.19","0.13","0.01","0.00","0.01"
"2008 OCT","81.9","94.4","108.2","241.1","89.1","256.6","90.3","81.7","77.9","96.0","91.7","89.6","33.3","117.8","70.4","65.7","65.2","87.2","88.8","90.2","93.6","82.6","100.3","-0.2","-0.1","-0.2","-6.6","0.4","7.5","-3.5","-1.3","-0.2","-2.0","-1.8","-1.4","2.3","-2.0","-0.6","2.2","1.1","0.4","0.7","0.5","-0.4","-1.3","4.2","-2.0","27.4","-0.5","-10.6","1.9","-5.5","-1.1","-7.8","-2.1","-9.1","-2.1","-4.3","11.4","-8.0","0.0","-2.1","2.7","-0.9","-3.0","1.4","-7.1","-2.1","0.7","-1.6","0.8","-0.3","-0.3","-0.7","-0.8","4.4","-4.0","-1.7","-5.8","-2.8","-0.8","1.7","-4.8","0.0","-0.9","-0.6","0.2","-0.6","-0.4","-2.1","-1.7","1.2","-1.5","28.7","-0.3","-6.5","1.6","-10.3","3.6","-6.0","-1.6","-6.6","-0.5","-2.2","9.3","-6.0","1.0","-4.3","1.1","-1.6","-3.4","1.5","-3.3","-1.5","4.4","-0.24","0.00","-0.03","-0.11","0.04","0.10","-0.05","-0.08","-0.14","-0.21","-0.07","-0.04","0.16","-0.18","-0.08","0.14","0.05","0.02","0.04","0.04","-0.01","-0.02","0.01","-2.03","0.17","-0.08","-0.18","0.20","-0.08","-0.01","-0.50","-1.62","-1.03","-0.08","-0.12","0.71","-0.74","0.00","-0.14","0.11","-0.05","-0.17","0.10","-0.10","-0.03","0.00","-1.59","0.01","-0.04","0.00","-0.08","-0.01","0.06","-0.25","-1.31","-0.65","-0.11","-0.02","0.12","-0.44","0.00","-0.06","-0.02","0.01","-0.03","-0.03","-0.03","-0.03","0.00","-1.49","0.17","-0.04","-0.11","0.17","-0.15","0.05","-0.39","-1.22","-0.74","-0.02","-0.06","0.59","-0.55","0.13","-0.29","0.05","-0.08","-0.19","0.11","-0.05","-0.02","0.01"
"2008 NOV","80.8","93.4","104.3","234.8","85.7","246.9","87.4","79.5","77.4","94.0","90.2","88.9","34.2","114.4","70.9","64.5","63.8","87.9","88.1","89.8","92.2","82.6","95.9","-1.3","-1.0","-3.6","-2.6","-3.8","-3.8","-3.2","-2.7","-0.7","-2.2","-1.6","-0.8","2.7","-2.8","0.8","-1.8","-2.1","0.8","-0.8","-0.4","-1.6","0.0","-4.3","-3.9","21.9","-4.6","-11.4","-2.9","-10.1","-3.8","-10.7","-3.3","-11.3","-4.8","-4.8","12.8","-12.4","0.5","-3.3","-1.0","-0.1","-3.3","0.6","-9.4","-5.5","1.0","-2.2","-0.1","-1.8","-0.2","-1.8","-1.3","-3.5","-4.8","-2.0","-6.9","-3.5","-1.5","2.0","-6.4","-0.2","-0.4","-0.8","0.6","-0.8","-0.1","-3.5","-2.3","0.0","-2.6","26.1","-1.7","-7.5","0.2","-9.9","-0.5","-8.2","-2.5","-9.3","-2.4","-3.6","10.3","-9.0","0.6","-3.7","0.5","-0.9","-3.4","1.1","-6.8","-3.4","1.6","-1.29","-0.01","-0.56","-0.04","-0.43","-0.05","-0.04","-0.16","-0.54","-0.23","-0.07","-0.02","0.19","-0.25","0.10","-0.12","-0.09","0.04","-0.04","-0.03","-0.02","0.00","-0.01","-3.86","0.14","-0.69","-0.19","-0.31","-0.14","-0.05","-0.69","-2.59","-1.27","-0.20","-0.13","0.81","-1.16","0.06","-0.22","-0.04","-0.01","-0.19","0.04","-0.13","-0.08","0.00","-2.15","0.00","-0.27","0.00","-0.20","-0.02","-0.05","-0.30","-1.58","-0.76","-0.14","-0.04","0.14","-0.58","-0.02","-0.02","-0.03","0.03","-0.05","-0.01","-0.05","-0.03","0.00","-2.60","0.16","-0.26","-0.12","0.02","-0.14","-0.01","-0.53","-1.97","-1.05","-0.10","-0.10","0.65","-0.84","0.08","-0.25","0.02","-0.05","-0.19","0.08","-0.09","-0.05","0.00"
"2008 DEC","80.4","92.7","103.9","234.0","85.1","243.7","90.0","77.0","77.2","91.7","88.8","89.0","34.4","116.5","71.0","64.2","63.6","88.2","88.3","89.3","92.1","83.2","88.0","-0.5","-0.8","-0.4","-0.3","-0.7","-1.3","3.0","-3.1","-0.3","-2.4","-1.5","0.0","0.4","1.8","0.1","-0.5","-0.4","0.4","0.2","-0.6","-0.1","0.6","-8.2","-4.7","13.6","-5.2","-12.6","-4.1","-9.8","1.2","-13.8","-4.0","-13.6","-7.5","-4.0","11.3","-11.0","0.3","-6.2","-0.9","-0.9","-1.1","-0.1","-8.6","-7.0","1.0","-2.1","-1.0","-3.1","-4.1","-3.0","0.8","-6.1","-5.7","-1.6","-6.8","-4.1","-2.1","3.8","-5.3","0.0","0.2","-1.3","1.2","-0.4","-0.1","-3.8","-2.0","-0.8","-3.5","20.8","-3.4","-11.5","-1.7","-8.5","-1.2","-10.8","-3.1","-11.3","-4.8","-4.3","11.8","-10.5","0.3","-3.9","0.3","-0.7","-2.5","0.7","-8.4","-4.9","0.9","-0.46","-0.01","-0.06","-0.01","-0.08","-0.02","0.04","-0.19","-0.20","-0.25","-0.06","0.00","0.03","0.15","0.01","-0.04","-0.01","0.02","0.01","-0.04","0.00","0.01","-0.01","-4.71","0.09","-0.79","-0.21","-0.45","-0.14","0.02","-0.89","-3.09","-1.53","-0.30","-0.11","0.72","-1.03","0.04","-0.42","-0.04","-0.05","-0.06","-0.01","-0.12","-0.11","0.00","-2.12","-0.01","-0.48","-0.06","-0.34","0.01","-0.08","-0.35","-1.28","-0.74","-0.17","-0.06","0.26","-0.48","0.00","0.01","-0.05","0.06","-0.02","0.00","-0.05","-0.03","0.00","-3.54","0.13","-0.52","-0.19","-0.19","-0.12","-0.02","-0.70","-2.44","-1.28","-0.20","-0.12","0.75","-0.98","0.04","-0.26","0.01","-0.03","-0.14","0.05","-0.12","-0.08","0.00"
"2009 JAN","79.7","92.5","101.3","235.6","82.4","238.1","88.3","74.5","76.9","92.7","89.0","85.7","33.8","113.4","71.9","63.1","62.0","88.6","88.1","88.4","95.1","86.3","82.9","-0.9","-0.2","-2.5","0.7","-3.2","-2.3","-1.9","-3.3","-0.4","1.1","0.2","-3.7","-1.7","-2.6","1.3","-1.6","-2.6","0.4","-0.1","-1.1","3.3","3.8","-5.9","-5.6","6.6","-7.1","-7.4","-7.3","-9.3","-3.4","-16.4","-4.4","-11.9","-7.8","-9.5","9.7","-13.9","1.9","-7.3","-6.7","1.8","-4.2","-1.1","-4.6","-0.3","5.3","-2.4","-1.7","-5.0","-5.1","-5.2","-2.1","-6.0","-7.1","-1.5","-5.9","-4.1","-3.1","3.5","-4.6","0.8","-1.6","-2.9","1.5","-0.5","-0.8","-1.8","0.6","-9.0","-4.7","13.7","-5.6","-10.5","-4.8","-9.7","-2.0","-13.6","-3.9","-12.3","-6.7","-6.1","11.3","-12.4","0.9","-5.6","-2.9","0.2","-2.9","-0.2","-7.6","-4.3","2.3","-0.91","0.00","-0.39","0.01","-0.34","-0.04","-0.03","-0.20","-0.31","0.11","0.01","-0.10","-0.11","-0.21","0.17","-0.11","-0.11","0.02","-0.01","-0.08","0.04","0.06","-0.01","-5.57","0.04","-1.10","-0.15","-0.76","-0.16","-0.04","-1.10","-3.42","-1.34","-0.32","-0.25","0.56","-1.22","0.25","-0.50","-0.27","0.09","-0.25","-0.08","-0.06","0.00","0.01","-2.44","-0.01","-0.79","-0.11","-0.56","-0.04","-0.08","-0.46","-1.19","-0.63","-0.17","-0.08","0.22","-0.38","0.10","-0.11","-0.12","0.08","-0.03","-0.06","-0.02","0.01","-0.01","-4.71","0.09","-0.88","-0.23","-0.50","-0.17","-0.03","-0.91","-3.02","-1.39","-0.27","-0.16","0.65","-1.08","0.12","-0.38","-0.11","0.01","-0.17","-0.01","-0.11","-0.07","0.00"
"2009 FEB","79.6","91.9","101.3","234.4","82.6","232.2","90.1","72.6","76.9","91.3","86.2","85.7","34.0","118.4","71.8","63.5","61.5","88.7","88.0","87.9","95.4","85.9","77.2","-0.1","-0.7","0.1","-0.5","0.3","-2.5","2.0","-2.5","0.1","-1.5","-3.2","0.0","0.7","4.3","-0.1","0.5","-0.8","0.2","-0.2","-0.5","0.3","-0.4","-6.8","-6.3","0.2","-8.5","-8.4","-9.3","-9.2","-0.6","-18.6","-4.9","-14.7","-13.2","-9.7","7.9","-5.7","1.3","-5.7","-9.9","0.5","-6.6","-2.1","-4.7","-2.7","3.6","-2.0","-1.8","-4.5","-4.1","-5.1","-3.8","-1.1","-8.1","-1.0","-4.3","-4.1","-3.4","2.1","-1.2","1.2","-2.0","-3.4","1.4","-0.3","-1.6","1.0","2.6","-15.1","-5.5","6.5","-6.9","-9.5","-6.9","-9.4","-1.0","-16.3","-4.4","-13.4","-9.6","-7.8","9.6","-10.3","1.2","-6.4","-5.9","0.5","-4.0","-1.1","-6.0","-3.4","3.2","-0.10","-0.01","0.01","-0.01","0.04","-0.04","0.03","-0.15","0.05","-0.16","-0.13","0.00","0.05","0.35","-0.01","0.04","-0.03","0.01","-0.01","-0.04","0.00","-0.01","-0.01","-6.29","0.00","-1.33","-0.18","-0.99","-0.15","-0.01","-1.23","-3.73","-1.67","-0.55","-0.26","0.46","-0.47","0.16","-0.38","-0.41","0.03","-0.40","-0.14","-0.06","-0.04","0.00","-2.03","-0.01","-0.71","-0.09","-0.55","-0.06","-0.01","-0.51","-0.79","-0.45","-0.16","-0.09","0.14","-0.10","0.16","-0.13","-0.14","0.07","-0.02","-0.11","0.01","0.04","-0.02","-5.53","0.04","-1.08","-0.20","-0.73","-0.16","-0.01","-1.09","-3.41","-1.52","-0.39","-0.20","0.56","-0.88","0.15","-0.44","-0.24","0.02","-0.24","-0.07","-0.08","-0.05","0.00"
"2009 MAR","79.0","91.1","100.8","226.6","82.6","227.5","91.5","71.8","76.3","88.4","84.0","86.5","34.0","117.4","71.6","62.2","60.6","88.8","90.6","87.7","91.5","84.7","78.9","-0.8","-0.8","-0.5","-3.3","0.0","-2.0","1.6","-1.2","-0.8","-3.1","-2.6","1.0","0.0","-0.8","-0.3","-2.0","-1.4","0.0","3.0","-0.2","-4.1","-1.4","2.2","-5.9","-3.0","-6.0","-9.2","-5.5","-14.1","3.8","-19.3","-4.8","-16.3","-13.1","-8.0","8.2","-5.5","0.8","-8.8","-8.2","0.5","-0.7","-2.6","-7.8","-0.5","3.4","-2.0","-1.8","-4.1","-1.9","-4.7","-6.6","0.8","-8.1","-1.0","-3.3","-4.3","-3.6","-0.1","0.1","1.4","-2.9","-4.5","1.1","0.5","-2.0","1.5","3.4","-15.9","-5.9","1.1","-7.2","-8.3","-7.4","-10.9","-0.1","-18.1","-4.7","-14.3","-11.4","-9.1","8.6","-8.5","1.3","-7.3","-8.3","0.9","-3.9","-1.9","-5.7","-1.2","4.1","-0.77","-0.01","-0.08","-0.07","0.00","-0.03","0.02","-0.07","-0.61","-0.32","-0.10","0.03","0.00","-0.07","-0.05","-0.14","-0.05","0.00","0.18","-0.01","-0.06","-0.02","0.00","-5.94","-0.02","-0.93","-0.19","-0.57","-0.24","0.05","-1.29","-3.69","-1.85","-0.54","-0.21","0.49","-0.46","0.11","-0.61","-0.33","0.02","-0.04","-0.18","-0.11","-0.01","0.00","-1.96","-0.01","-0.65","-0.04","-0.50","-0.11","0.01","-0.50","-0.79","-0.35","-0.17","-0.09","0.00","0.01","0.19","-0.20","-0.18","0.06","0.03","-0.14","0.02","0.05","-0.02","-5.93","0.01","-1.12","-0.17","-0.77","-0.19","0.00","-1.21","-3.61","-1.62","-0.47","-0.24","0.50","-0.72","0.17","-0.50","-0.34","0.05","-0.23","-0.13","-0.08","-0.02","0.00"
"2009 APR","79.5","90.2","101.8","234.1","83.2","225.1","93.2","71.2","76.9","89.3","82.7","86.5","34.1","117.7","72.7","63.0","63.1","90.0","87.6","88.0","97.0","86.2","84.9","0.7","-1.0","0.9","3.3","0.7","-1.0","1.8","-0.7","0.7","1.0","-1.5","0.0","0.4","0.2","1.5","1.4","4.1","1.3","-3.3","0.3","6.0","1.7","7.5","-6.1","-3.7","-7.3","-4.8","-7.4","-17.8","3.4","-18.9","-4.8","-17.9","-17.0","-5.5","5.4","-5.8","2.5","-6.5","-5.6","2.6","-3.4","-2.5","-4.3","-1.3","-1.8","-1.1","-2.0","-1.8","-1.3","-1.9","-6.0","3.4","-6.7","-0.6","-3.4","-5.7","-1.8","-0.2","2.6","1.0","-1.6","-2.2","1.1","0.6","-1.4","1.6","1.9","-9.7","-6.1","-2.2","-7.3","-7.5","-7.4","-13.8","2.2","-18.9","-4.8","-16.3","-14.5","-7.7","7.1","-5.7","1.5","-7.0","-7.9","1.2","-3.6","-2.4","-5.6","-1.6","1.6","0.66","-0.01","0.14","0.07","0.07","-0.02","0.03","-0.04","0.57","0.10","-0.06","0.00","0.03","0.02","0.21","0.09","0.16","0.07","-0.20","0.02","0.08","0.03","0.01","-6.12","-0.03","-1.14","-0.10","-0.78","-0.32","0.04","-1.24","-3.72","-2.07","-0.72","-0.14","0.33","-0.48","0.33","-0.44","-0.23","0.13","-0.20","-0.17","-0.06","-0.02","0.00","-1.15","-0.02","-0.28","-0.03","-0.19","-0.10","0.05","-0.40","-0.45","-0.35","-0.23","-0.05","-0.01","0.21","0.14","-0.11","-0.09","0.06","0.04","-0.10","0.02","0.03","-0.01","-6.12","-0.02","-1.14","-0.15","-0.78","-0.24","0.03","-1.25","-3.71","-1.86","-0.60","-0.20","0.42","-0.47","0.20","-0.48","-0.32","0.06","-0.22","-0.16","-0.08","-0.02","0.00"
"2009 MAY","78.8","89.0","100.3","231.8","81.7","224.7","92.8","71.5","76.1","88.2","81.1","87.0","33.6","114.6","72.3","62.6","62.9","90.2","87.3","88.1","89.4","86.4","86.6","-1.0","-1.3","-1.4","-1.0","-1.8","-0.2","-0.4","0.3","-1.0","-1.2","-1.9","0.5","-1.7","-2.6","-0.5","-0.6","-0.4","0.3","-0.4","0.0","-7.9","0.3","2.0","-6.1","-4.7","-7.7","-8.3","-8.8","-9.4","4.9","-18.0","-4.8","-17.1","-16.1","-5.6","4.4","-8.9","2.4","-5.5","-4.8","3.7","-1.7","-2.6","-8.1","2.0","-7.9","-1.0","-2.5","-1.2","-1.6","-1.0","-5.1","3.4","-4.3","-0.7","-3.5","-6.2","-0.1","-0.5","0.4","0.8","-1.5","-0.2","1.3","0.4","-0.6","-1.7","0.7","0.9","-6.1","-3.8","-7.0","-7.4","-7.2","-13.9","4.0","-18.7","-4.8","-17.1","-15.4","-6.4","6.0","-6.7","1.9","-6.9","-6.2","2.3","-1.9","-2.6","-6.7","0.0","-2.5","-0.97","-0.01","-0.22","-0.02","-0.19","0.00","-0.01","0.02","-0.76","-0.12","-0.07","0.01","-0.11","-0.22","-0.08","-0.04","-0.02","0.02","-0.02","0.00","-0.11","0.00","0.00","-6.11","-0.03","-1.21","-0.17","-0.94","-0.15","0.06","-1.18","-3.68","-1.95","-0.66","-0.14","0.26","-0.75","0.30","-0.37","-0.20","0.19","-0.10","-0.18","-0.11","0.03","-0.01","-1.02","-0.02","-0.18","-0.03","-0.11","-0.08","0.05","-0.25","-0.56","-0.37","-0.24","0.00","-0.03","0.03","0.12","-0.10","-0.01","0.07","0.02","-0.05","-0.02","0.01","0.00","-6.06","-0.03","-1.09","-0.15","-0.76","-0.24","0.05","-1.24","-3.70","-1.96","-0.64","-0.17","0.36","-0.56","0.25","-0.47","-0.25","0.12","-0.11","-0.17","-0.09","0.00","0.00"
"2009 JUN","79.1","87.6","101.3","235.9","82.1","227.8","94.8","72.1","76.3","88.3","82.2","85.0","33.6","113.4","72.3","64.4","62.4","90.6","89.3","88.1","88.7","84.4","81.8","0.4","-1.6","1.0","1.8","0.6","1.4","2.2","0.8","0.3","0.2","1.4","-2.3","0.1","-1.0","0.0","2.8","-0.9","0.4","2.3","0.0","-0.7","-2.3","-5.5","-5.6","-6.5","-6.6","-6.6","-7.8","-8.6","5.8","-16.6","-4.5","-15.8","-14.7","-7.0","3.5","-11.7","1.7","-1.7","-3.4","4.5","0.0","-2.5","-6.9","-0.5","-20.0","-0.4","-3.2","0.0","0.7","-0.2","-2.9","4.1","-1.8","-0.3","-2.4","-5.1","0.2","-0.5","-1.0","0.9","0.7","2.4","1.8","-0.9","0.1","-2.4","0.0","5.9","-6.0","-5.0","-7.2","-6.6","-8.0","-12.1","4.7","-17.8","-4.7","-17.0","-16.0","-6.0","4.4","-8.8","2.2","-4.6","-4.6","3.6","-1.7","-2.5","-6.4","0.0","-10.4","0.39","-0.01","0.15","0.04","0.06","0.02","0.03","0.05","0.21","0.02","0.05","-0.06","0.00","-0.08","0.01","0.19","-0.04","0.03","0.14","0.00","-0.01","-0.04","-0.01","-5.63","-0.05","-1.03","-0.14","-0.83","-0.14","0.08","-1.08","-3.46","-1.78","-0.60","-0.18","0.22","-1.01","0.23","-0.11","-0.13","0.23","0.00","-0.17","-0.09","-0.01","-0.03","-0.40","-0.02","0.00","0.02","-0.03","-0.05","0.06","-0.11","-0.27","-0.25","-0.20","0.01","-0.04","-0.08","0.13","0.05","0.09","0.10","-0.06","0.00","-0.03","0.00","0.01","-5.96","-0.04","-1.13","-0.14","-0.85","-0.20","0.06","-1.17","-3.62","-1.94","-0.66","-0.15","0.27","-0.74","0.29","-0.31","-0.19","0.18","-0.10","-0.17","-0.09","0.00","-0.01"
"2009 JUL","79.5","86.1","101.7","237.6","82.0","234.5","96.1","72.6","76.7","88.8","83.7","83.4","34.1","114.2","72.7","64.6","62.1","91.3","88.3","87.7","93.5","87.0","82.6","0.5","-1.7","0.4","0.7","-0.2","2.9","1.3","0.7","0.5","0.5","1.8","-1.9","1.6","0.7","0.5","0.3","-0.4","0.7","-1.1","-0.5","5.3","3.1","1.0","-4.6","-8.7","-6.9","-0.6","-9.0","-7.4","3.7","-15.1","-3.2","-13.4","-11.4","-8.1","4.6","-8.8","3.1","-0.5","-5.2","5.5","-1.2","-2.6","-4.5","1.8","-11.7","-0.4","-3.9","-0.2","1.5","-1.1","0.3","3.3","0.3","-0.4","-1.3","-2.3","-1.3","-0.9","-3.2","0.6","1.6","1.1","1.8","-0.5","0.0","-4.3","0.4","4.1","-5.4","-6.6","-7.1","-5.3","-8.6","-8.4","4.8","-16.6","-4.2","-15.5","-14.1","-6.9","4.2","-9.8","2.4","-2.6","-4.4","4.6","-1.0","-2.6","-6.5","1.1","-13.4","0.46","-0.01","0.06","0.02","-0.02","0.05","0.02","0.04","0.37","0.06","0.07","-0.05","0.11","0.05","0.07","0.02","-0.02","0.04","-0.07","-0.03","0.07","0.05","0.00","-4.60","-0.06","-1.09","-0.01","-0.97","-0.12","0.05","-0.98","-2.47","-1.49","-0.46","-0.21","0.28","-0.74","0.40","-0.03","-0.21","0.28","-0.07","-0.18","-0.06","0.03","-0.02","-0.37","-0.03","-0.03","0.03","-0.11","0.01","0.05","0.02","-0.33","-0.13","-0.09","-0.03","-0.06","-0.27","0.08","0.11","0.05","0.10","-0.03","0.00","-0.06","0.01","0.00","-5.45","-0.05","-1.11","-0.11","-0.91","-0.14","0.06","-1.08","-3.21","-1.74","-0.58","-0.18","0.25","-0.83","0.31","-0.17","-0.18","0.23","-0.06","-0.18","-0.09","0.02","-0.02"
"2009 AUG","79.0","84.7","99.7","213.8","81.8","226.4","94.7","72.7","76.5","89.4","84.4","82.3","33.8","113.8","72.6","63.2","61.3","91.5","88.6","87.5","90.6","89.1","73.4","-0.6","-1.6","-2.0","-10.0","-0.2","-3.4","-1.5","0.2","-0.3","0.6","0.8","-1.3","-1.0","-0.4","0.0","-2.2","-1.4","0.3","0.4","-0.2","-3.1","2.4","-11.1","-4.9","-10.5","-8.5","-12.2","-8.2","-9.2","-4.1","-13.8","-3.3","-12.1","-10.7","-10.2","2.2","-7.5","2.4","-2.5","-6.1","5.4","-0.1","-2.5","-6.3","5.6","-24.1","0.1","-4.4","-0.1","-0.8","-0.6","1.7","2.9","1.4","0.1","0.3","1.0","-3.6","-0.2","-2.4","0.5","2.3","-0.5","1.7","0.3","-0.2","-1.8","1.2","-5.0","-5.0","-8.6","-7.3","-6.5","-8.3","-8.4","1.6","-15.1","-3.7","-13.8","-12.3","-8.4","3.4","-9.4","2.4","-1.6","-4.9","5.1","-0.4","-2.6","-5.9","2.3","-18.7","-0.55","-0.01","-0.31","-0.21","-0.02","-0.06","-0.02","0.01","-0.24","0.06","0.03","-0.03","-0.07","-0.03","-0.01","-0.15","-0.06","0.01","0.02","-0.01","-0.04","0.04","-0.01","-4.86","-0.08","-1.35","-0.25","-0.87","-0.15","-0.06","-0.88","-2.56","-1.33","-0.43","-0.27","0.14","-0.62","0.31","-0.17","-0.25","0.27","-0.01","-0.17","-0.09","0.09","-0.03","0.09","-0.03","-0.01","-0.02","-0.06","0.03","0.04","0.08","0.05","0.03","0.04","-0.09","-0.02","-0.20","0.07","0.16","-0.02","0.09","0.02","-0.02","-0.02","0.02","-0.01","-5.03","-0.06","-1.16","-0.13","-0.89","-0.14","0.02","-0.98","-2.83","-1.54","-0.50","-0.22","0.21","-0.79","0.31","-0.10","-0.20","0.26","-0.03","-0.18","-0.08","0.03","-0.02"
"2009 SEP","79.2","83.6","100.1","209.6","82.5","224.4","96.2","72.1","76.7","90.6","86.3","81.9","33.9","115.6","72.7","62.0","61.4","91.5","88.3","87.5","88.4","91.2","67.1","0.2","-1.4","0.4","-2.0","0.8","-0.9","1.6","-0.9","0.3","1.4","2.2","-0.4","0.4","1.6","0.1","-1.9","0.2","0.0","-0.4","0.0","-2.5","2.4","-8.6","-3.5","-11.5","-7.7","-18.8","-7.1","-6.0","2.8","-12.9","-1.8","-7.5","-7.6","-9.9","4.2","-3.9","2.6","-3.6","-4.8","5.4","0.1","-2.5","-6.0","9.0","-30.3","0.1","-4.6","-0.6","-5.8","-0.3","1.1","2.2","1.2","0.2","1.1","3.4","-4.2","0.5","-0.6","0.4","-0.1","-1.9","1.3","0.4","-0.6","-1.0","4.0","-11.9","-4.3","-10.3","-7.7","-10.7","-8.1","-7.5","0.7","-13.9","-2.8","-11.1","-9.9","-9.4","3.7","-6.7","2.7","-2.2","-5.4","5.4","-0.4","-2.5","-5.6","5.4","-22.1","0.24","-0.01","0.06","-0.04","0.08","-0.01","0.02","-0.05","0.24","0.14","0.09","-0.01","0.03","0.13","0.01","-0.13","0.01","0.00","-0.02","0.00","-0.03","0.04","-0.01","-3.49","-0.09","-1.22","-0.41","-0.76","-0.09","0.04","-0.82","-1.37","-0.80","-0.31","-0.26","0.26","-0.32","0.35","-0.24","-0.20","0.28","0.01","-0.17","-0.08","0.14","-0.04","0.11","-0.03","-0.10","-0.12","-0.03","0.02","0.03","0.07","0.17","0.11","0.13","-0.11","0.03","-0.05","0.05","-0.01","-0.08","0.07","0.02","-0.04","-0.01","0.06","-0.01","-4.32","-0.08","-1.22","-0.22","-0.87","-0.12","0.01","-0.89","-2.13","-1.21","-0.40","-0.24","0.23","-0.56","0.35","-0.15","-0.22","0.28","-0.02","-0.17","-0.08","0.08","-0.03"
"2009 OCT","79.4","82.1","100.1","220.0","82.3","216.3","96.2","71.1","77.0","91.6","87.1","82.7","34.8","115.3","72.6","62.6","61.1","90.5","88.0","87.6","89.4","90.4","68.3","0.2","-1.7","0.0","5.0","-0.3","-3.6","0.0","-1.4","0.4","1.0","1.0","1.0","2.8","-0.3","-0.1","1.0","-0.4","-1.1","-0.3","0.1","1.2","-0.9","1.8","-3.1","-13.0","-7.5","-8.8","-7.6","-15.7","6.5","-13.0","-1.2","-4.7","-5.0","-7.7","4.6","-2.1","3.2","-4.7","-6.3","3.9","-0.9","-2.9","-4.5","9.4","-31.9","0.1","-4.6","-1.1","-8.8","0.3","-2.9","1.2","-0.1","0.4","2.3","4.3","-3.3","1.2","0.7","0.3","-2.0","-1.9","0.5","0.0","-0.4","-1.2","5.0","-16.8","-3.8","-11.7","-7.9","-13.4","-7.6","-10.4","1.6","-13.2","-2.1","-8.2","-7.8","-9.3","3.7","-4.5","2.7","-3.6","-5.7","4.9","-0.3","-2.6","-5.6","8.0","-28.8","0.21","-0.01","0.00","0.09","-0.03","-0.06","0.00","-0.08","0.30","0.11","0.04","0.02","0.19","-0.02","-0.01","0.07","-0.02","-0.06","-0.02","0.01","0.02","-0.02","0.00","-3.06","-0.10","-1.20","-0.18","-0.83","-0.27","0.09","-0.82","-0.94","-0.49","-0.20","-0.20","0.30","-0.17","0.42","-0.32","-0.26","0.20","-0.05","-0.20","-0.06","0.14","-0.04","0.11","-0.03","-0.18","-0.18","0.03","-0.05","0.02","-0.01","0.33","0.23","0.16","-0.08","0.08","0.06","0.05","-0.14","-0.08","0.03","0.00","-0.03","-0.02","0.08","-0.02","-3.81","-0.09","-1.26","-0.28","-0.82","-0.17","0.02","-0.84","-1.62","-0.88","-0.31","-0.24","0.23","-0.37","0.36","-0.24","-0.23","0.25","-0.02","-0.18","-0.08","0.12","-0.04"
"2009 NOV","79.5","80.9","100.1","215.2","82.8","212.9","96.2","70.8","77.1","93.0","87.2","84.6","35.3","114.8","73.0","61.5","61.1","90.3","88.4","87.8","85.8","88.3","75.8","0.1","-1.5","0.0","-2.1","0.6","-1.5","0.1","-0.4","0.2","1.6","0.0","2.3","1.2","-0.4","0.4","-1.8","-0.1","-0.3","0.4","0.2","-4.0","-2.3","11.0","-1.7","-13.5","-4.0","-8.3","-3.4","-13.8","10.1","-11.0","-0.3","-1.0","-3.4","-4.9","3.0","0.3","2.9","-4.7","-4.3","2.8","0.3","-2.3","-6.9","6.8","-21.0","0.2","-4.6","-0.8","-6.2","0.6","-5.1","1.0","-1.6","0.6","3.2","4.1","-0.5","2.5","1.3","0.3","-3.1","-1.1","-0.4","-0.6","-0.1","-3.4","3.6","-11.2","-2.8","-12.6","-6.4","-12.1","-6.1","-11.9","6.4","-12.3","-1.1","-4.4","-5.4","-7.5","3.9","-1.9","2.9","-4.3","-5.2","4.0","-0.2","-2.5","-5.8","8.4","-27.8","0.11","-0.01","0.00","-0.04","0.06","-0.02","0.00","-0.02","0.14","0.17","0.00","0.06","0.08","-0.03","0.06","-0.12","0.00","-0.02","0.03","0.02","-0.05","-0.04","0.01","-1.69","-0.10","-0.63","-0.17","-0.36","-0.23","0.13","-0.68","-0.27","-0.10","-0.13","-0.13","0.21","0.03","0.39","-0.32","-0.18","0.15","0.02","-0.16","-0.09","0.10","-0.03","0.20","-0.03","-0.12","-0.12","0.07","-0.08","0.02","-0.09","0.45","0.33","0.15","-0.01","0.17","0.10","0.04","-0.22","-0.05","-0.02","-0.03","-0.01","-0.05","0.06","-0.01","-2.75","-0.10","-1.02","-0.25","-0.65","-0.20","0.09","-0.78","-0.86","-0.47","-0.22","-0.20","0.25","-0.16","0.39","-0.29","-0.21","0.21","-0.01","-0.18","-0.08","0.13","-0.04"
"2009 DEC","79.8","79.3","99.9","210.8","82.3","217.4","96.6","71.4","77.6","95.3","88.6","84.8","34.9","114.6","72.8","63.0","61.5","90.0","88.8","88.0","83.7","88.8","92.7","0.5","-1.9","-0.2","-2.1","-0.5","2.1","0.4","0.8","0.6","2.4","1.7","0.2","-0.9","-0.1","-0.2","2.4","0.7","-0.4","0.5","0.2","-2.5","0.6","22.3","-0.8","-14.4","-3.8","-9.9","-3.3","-10.8","7.4","-7.4","0.5","3.9","-0.2","-4.7","1.7","-1.6","2.6","-1.8","-3.3","2.0","0.6","-1.5","-9.1","6.8","5.3","0.4","-4.7","-0.5","-2.3","0.4","-5.6","0.7","-2.0","0.8","4.1","3.4","1.8","3.2","0.4","0.2","-1.4","-0.6","-1.3","0.0","0.3","-5.0","0.1","6.1","-1.8","-13.6","-5.2","-9.0","-4.8","-13.5","8.0","-10.5","-0.4","-0.7","-2.9","-5.8","3.1","-1.1","2.9","-3.7","-4.7","2.9","0.0","-2.2","-6.8","7.7","-16.7","0.48","-0.01","-0.03","-0.04","-0.05","0.03","0.01","0.05","0.48","0.26","0.07","0.01","-0.06","-0.01","-0.02","0.16","0.03","-0.02","0.03","0.02","-0.03","0.01","0.02","-0.76","-0.11","-0.60","-0.20","-0.34","-0.18","0.10","-0.45","0.40","0.40","-0.01","-0.12","0.11","-0.13","0.36","-0.12","-0.14","0.11","0.04","-0.10","-0.12","0.11","0.01","0.41","-0.03","-0.07","-0.04","0.04","-0.09","0.01","-0.11","0.63","0.42","0.13","0.05","0.22","0.03","0.03","-0.10","-0.02","-0.07","0.00","0.02","-0.07","0.00","0.01","-1.84","-0.10","-0.81","-0.18","-0.51","-0.23","0.11","-0.65","-0.27","-0.07","-0.11","-0.15","0.21","-0.09","0.39","-0.25","-0.19","0.15","0.00","-0.16","-0.09","0.12","-0.02"
"2010 JAN","79.2","77.5","99.0","216.7","80.5","232.2","90.5","72.2","76.9","93.6","84.9","82.1","35.1","110.8","72.9","62.4","64.6","88.6","89.1","88.1","85.5","85.5","93.1","-0.8","-2.3","-0.9","2.8","-2.2","6.8","-6.3","1.2","-0.8","-1.8","-4.2","-3.1","0.5","-3.3","0.2","-0.9","5.1","-1.5","0.3","0.1","2.2","-3.7","0.4","-0.6","-16.2","-2.3","-8.0","-2.2","-2.5","2.6","-3.1","0.1","1.0","-4.6","-4.1","4.0","-2.3","1.5","-1.1","4.3","0.0","1.1","-0.3","-10.1","-0.9","12.3","0.4","-5.1","-0.3","-0.1","-0.4","-0.7","-1.3","-0.7","0.7","3.8","1.1","1.9","2.8","-1.3","0.4","-0.5","1.9","-1.7","0.5","0.5","-5.0","-3.0","25.3","-1.0","-14.7","-3.4","-8.7","-3.0","-9.1","6.7","-7.2","0.1","1.3","-2.7","-4.6","2.9","-1.2","2.3","-2.5","-1.2","1.6","0.7","-1.3","-8.7","4.2","-1.9","-0.76","-0.02","-0.14","0.04","-0.22","0.13","-0.09","0.06","-0.67","-0.21","-0.17","-0.08","0.03","-0.32","0.02","-0.06","0.20","-0.09","0.02","0.01","0.03","-0.06","0.00","-0.61","-0.13","-0.34","-0.12","-0.22","-0.05","0.03","-0.18","0.05","0.11","-0.19","-0.10","0.24","-0.22","0.18","-0.08","0.17","0.00","0.07","-0.02","-0.14","-0.01","0.01","0.39","-0.04","-0.05","0.00","-0.04","-0.01","-0.02","-0.04","0.52","0.42","0.04","0.04","0.17","-0.12","0.04","-0.03","0.07","-0.10","0.03","0.04","-0.07","-0.05","0.03","-1.02","-0.12","-0.52","-0.13","-0.31","-0.20","0.09","-0.42","0.06","0.14","-0.11","-0.11","0.18","-0.11","0.27","-0.18","-0.05","0.09","0.04","-0.10","-0.12","0.07","0.00"
"2010 FEB","80.5","75.9","100.4","212.2","82.2","229.7","94.2","75.2","78.1","95.5","87.6","87.4","35.5","112.2","73.1","65.6","64.8","88.3","88.9","88.0","88.7","88.0","106.0","1.6","-2.1","1.4","-2.1","2.0","-1.1","4.0","4.2","1.5","2.1","3.2","6.4","0.9","1.2","0.3","5.1","0.3","-0.3","-0.2","-0.1","3.7","2.9","13.8","1.1","-17.4","-1.0","-9.5","-0.5","-1.1","4.6","3.6","1.5","4.7","1.6","2.0","4.2","-5.2","1.9","3.3","5.5","-0.4","1.1","0.2","-7.1","2.4","37.2","0.6","-5.6","-0.4","-0.8","-1.0","3.9","-2.5","2.3","0.8","3.3","0.2","2.0","1.5","-2.3","0.3","2.6","4.0","-2.0","0.8","0.5","-2.2","-2.8","38.2","-0.1","-16.0","-2.4","-9.1","-2.0","-4.9","4.9","-2.4","0.7","3.2","-1.1","-2.3","3.3","-3.0","2.0","0.1","2.1","0.5","0.9","-0.5","-8.8","2.7","17.6","1.59","-0.01","0.21","-0.03","0.20","-0.02","0.05","0.24","1.16","0.24","0.12","0.15","0.06","0.11","0.03","0.35","0.01","-0.02","-0.01","-0.01","0.05","0.05","0.02","1.07","-0.14","-0.15","-0.14","-0.06","-0.02","0.06","0.20","1.16","0.52","0.06","0.05","0.26","-0.51","0.22","0.23","0.22","-0.02","0.07","0.01","-0.10","0.04","0.04","0.64","-0.04","-0.05","-0.01","-0.10","0.08","-0.04","0.12","0.61","0.37","0.01","0.05","0.09","-0.22","0.04","0.18","0.16","-0.11","0.05","0.03","-0.03","-0.05","0.04","-0.10","-0.13","-0.36","-0.13","-0.21","-0.10","0.06","-0.14","0.53","0.35","-0.04","-0.06","0.20","-0.29","0.24","0.01","0.08","0.03","0.06","-0.04","-0.12","0.04","0.02"
"2010 MAR","81.2","74.5","101.5","221.6","83.4","223.5","95.2","75.6","78.7","97.5","89.1","88.3","35.7","112.6","73.5","65.8","65.1","88.2","88.8","89.4","89.1","90.2","109.6","0.8","-1.8","1.1","4.5","1.4","-2.7","1.0","0.5","0.8","2.1","1.7","1.1","0.8","0.3","0.5","0.4","0.4","-0.2","-0.1","1.6","0.5","2.5","3.4","2.7","-18.2","0.6","-2.2","0.9","-1.7","4.0","5.4","3.1","10.3","6.1","2.0","5.0","-4.1","2.7","5.9","7.3","-0.7","-1.9","2.0","-2.6","6.4","38.9","0.9","-5.9","0.2","0.7","-0.5","6.0","-3.2","4.6","0.9","2.4","-0.5","2.3","1.2","-2.6","0.5","3.6","5.9","-2.1","0.6","0.8","1.7","-1.4","30.4","1.1","-17.3","-0.9","-6.6","-0.6","-1.8","3.7","1.9","1.6","5.2","0.9","0.0","4.4","-3.9","2.0","2.7","5.7","-0.4","0.1","0.6","-6.6","2.6","29.2","0.85","-0.01","0.16","0.06","0.14","-0.06","0.01","0.03","0.66","0.24","0.07","0.03","0.05","0.03","0.06","0.03","0.02","-0.01","-0.01","0.12","0.01","0.04","0.00","2.72","-0.14","0.10","-0.03","0.09","-0.04","0.05","0.30","2.46","1.11","0.24","0.05","0.31","-0.41","0.33","0.41","0.29","-0.04","-0.12","0.14","-0.04","0.10","0.04","0.94","-0.04","0.03","0.01","-0.05","0.12","-0.04","0.25","0.69","0.27","-0.02","0.05","0.08","-0.25","0.07","0.25","0.23","-0.12","0.04","0.06","0.02","-0.02","0.03","1.06","-0.14","-0.13","-0.10","-0.06","-0.04","0.05","0.11","1.22","0.58","0.04","0.00","0.27","-0.38","0.24","0.19","0.23","-0.02","0.00","0.04","-0.09","0.04","0.03"
"2010 APR","80.9","73.4","99.6","216.0","81.9","220.6","92.7","76.6","78.6","96.6","89.1","88.7","35.1","111.5","74.3","66.9","63.4","88.5","90.3","89.2","87.5","89.8","112.6","-0.3","-1.5","-1.9","-2.6","-1.8","-1.3","-2.6","1.3","-0.1","-1.0","-0.1","0.5","-1.9","-1.0","1.0","1.7","-2.5","0.4","1.6","-0.3","-1.8","-0.4","2.7","1.7","-18.6","-2.2","-7.8","-1.6","-2.0","-0.5","7.5","2.3","8.2","7.7","2.5","2.7","-5.3","2.2","6.2","0.5","-1.6","3.0","1.3","-9.8","4.2","32.6","1.7","-5.8","0.8","1.1","0.7","1.7","-0.5","6.2","1.6","2.8","2.0","5.1","0.9","-1.2","1.0","6.1","3.3","-1.4","0.6","1.1","4.0","2.0","25.4","1.8","-18.1","-0.8","-6.5","-0.4","-1.6","2.6","5.5","2.3","7.7","5.1","2.2","4.0","-4.9","2.3","5.1","4.4","-0.9","0.7","1.1","-6.5","4.3","36.2","-0.31","-0.01","-0.27","-0.03","-0.18","-0.03","-0.04","0.07","-0.10","-0.11","0.00","0.01","-0.12","-0.09","0.12","0.12","-0.10","0.02","0.10","-0.02","-0.02","-0.01","0.00","1.73","-0.14","-0.33","-0.11","-0.16","-0.04","-0.01","0.41","1.78","0.89","0.29","0.06","0.17","-0.52","0.27","0.43","0.02","-0.09","0.19","0.10","-0.14","0.07","0.04","1.71","-0.04","0.12","0.01","0.08","0.03","-0.01","0.34","1.28","0.31","0.08","0.12","0.05","-0.11","0.12","0.42","0.13","-0.08","0.04","0.08","0.05","0.03","0.03","1.84","-0.14","-0.13","-0.09","-0.04","-0.03","0.04","0.30","1.80","0.84","0.20","0.05","0.25","-0.48","0.27","0.36","0.18","-0.05","0.04","0.08","-0.09","0.07","0.04"
"2010 MAY","81.4","73.0","99.8","212.7","82.5","223.4","89.9","78.2","79.1","98.2","89.9","88.3","35.3","114.2","74.5","65.5","63.5","88.2","91.0","89.9","88.8","89.2","109.5","0.6","-0.6","0.2","-1.5","0.7","1.3","-3.0","2.1","0.6","1.7","0.9","-0.5","0.8","2.5","0.4","-2.1","0.1","-0.4","0.8","0.8","1.5","-0.6","-2.7","3.4","-17.9","-0.5","-8.2","1.0","-0.6","-3.1","9.4","3.9","11.4","10.8","1.5","5.3","-0.3","3.1","4.6","0.9","-2.3","4.2","2.1","-0.6","3.3","26.5","1.7","-5.1","0.5","1.7","1.1","-1.7","-1.3","5.3","1.7","2.8","2.6","4.3","0.6","0.2","1.5","3.8","0.5","-0.8","1.2","1.7","2.9","2.6","13.7","2.6","-18.2","-0.7","-6.1","0.1","-1.4","0.1","7.5","3.1","9.9","8.2","2.0","4.3","-3.3","2.7","5.6","2.8","-1.5","1.7","1.8","-4.5","4.6","32.5","0.63","0.00","0.03","-0.02","0.07","0.02","-0.04","0.12","0.48","0.20","0.04","-0.01","0.05","0.22","0.04","-0.15","0.00","-0.02","0.05","0.05","0.02","-0.01","0.00","3.36","-0.14","-0.08","-0.12","0.10","-0.01","-0.04","0.52","3.06","1.23","0.40","0.04","0.32","-0.03","0.38","0.33","0.04","-0.13","0.27","0.15","-0.01","0.05","0.03","1.66","-0.03","0.08","0.02","0.11","-0.04","-0.02","0.30","1.31","0.32","0.10","0.10","0.04","0.02","0.19","0.27","0.02","-0.04","0.08","0.12","0.04","0.04","0.02","2.60","-0.14","-0.10","-0.09","0.01","-0.03","0.00","0.41","2.43","1.08","0.31","0.05","0.27","-0.32","0.33","0.39","0.12","-0.09","0.11","0.13","-0.06","0.08","0.04"
"2010 JUN","81.5","73.2","98.3","191.9","82.3","216.3","90.2","79.2","79.3","99.9","91.3","87.0","36.0","114.3","74.8","65.7","63.8","88.0","87.7","90.2","87.7","88.3","111.5","0.0","0.2","-1.5","-9.8","-0.3","-3.2","0.3","1.2","0.2","1.7","1.6","-1.4","1.8","0.1","0.4","0.2","0.5","-0.3","-3.6","0.4","-1.3","-1.0","1.8","3.0","-16.5","-2.9","-18.6","0.1","-5.0","-4.8","9.8","3.9","13.1","11.0","2.3","7.1","0.8","3.5","2.0","2.2","-3.0","-1.8","2.5","-1.2","4.6","36.4","1.2","-3.7","-1.0","-4.6","0.2","-3.7","-2.5","4.9","1.4","2.8","3.3","2.4","0.1","1.3","1.8","2.2","-2.0","-0.2","0.8","1.4","0.3","1.4","8.0","2.7","-17.7","-1.9","-11.6","-0.2","-2.6","-2.8","8.9","3.3","10.9","9.9","2.1","5.0","-1.6","2.9","4.3","1.2","-2.3","1.8","2.0","-4.0","4.0","31.7","0.05","0.00","-0.21","-0.13","-0.03","-0.06","0.00","0.07","0.18","0.19","0.07","-0.04","0.11","0.01","0.05","0.02","0.02","-0.01","-0.23","0.03","-0.02","-0.02","0.00","3.01","-0.12","-0.44","-0.27","0.01","-0.10","-0.07","0.55","3.03","1.41","0.42","0.06","0.43","0.08","0.42","0.14","0.09","-0.17","-0.11","0.18","-0.02","0.07","0.04","1.22","-0.02","-0.15","-0.06","0.02","-0.08","-0.03","0.28","1.11","0.33","0.13","0.06","0.00","0.12","0.22","0.16","-0.08","-0.01","0.05","0.10","0.00","0.02","0.01","2.70","-0.14","-0.28","-0.17","-0.02","-0.05","-0.04","0.49","2.62","1.18","0.37","0.05","0.31","-0.16","0.36","0.30","0.05","-0.13","0.11","0.14","-0.06","0.07","0.04"
"2010 JUL","81.6","73.4","97.5","196.0","81.4","213.2","88.9","78.3","79.6","100.7","92.0","88.4","36.1","113.5","75.4","65.5","63.1","88.0","88.3","90.9","91.3","89.2","112.5","0.1","0.4","-0.9","2.1","-1.0","-1.5","-1.5","-1.1","0.4","0.8","0.8","1.7","0.2","-0.7","0.8","-0.3","-1.0","0.0","0.7","0.7","4.1","1.1","0.9","2.7","-14.7","-4.2","-17.5","-0.7","-9.1","-7.5","7.8","3.8","13.3","10.0","6.1","5.6","-0.5","3.8","1.4","1.6","-3.7","0.0","3.7","-2.4","2.6","36.2","0.8","-1.9","-1.9","-7.6","-0.5","-3.1","-4.6","3.6","1.1","3.2","2.8","-0.3","1.0","1.7","1.7","-0.8","-1.6","-0.3","-0.4","1.6","0.9","-0.4","1.6","3.0","-16.4","-2.6","-14.8","0.1","-5.0","-5.2","9.0","3.8","12.6","10.6","3.3","6.0","0.0","3.5","2.7","1.6","-3.0","0.8","2.7","-1.4","3.5","32.9","0.14","0.00","-0.12","0.02","-0.10","-0.03","-0.02","-0.07","0.32","0.09","0.03","0.04","0.02","-0.07","0.10","-0.02","-0.04","0.00","0.04","0.05","0.05","0.02","0.00","2.67","-0.11","-0.63","-0.26","-0.07","-0.19","-0.11","0.43","2.98","1.44","0.38","0.14","0.35","-0.05","0.46","0.10","0.07","-0.21","0.00","0.27","-0.03","0.04","0.04","0.78","-0.01","-0.28","-0.10","-0.05","-0.06","-0.06","0.21","0.87","0.37","0.11","-0.01","0.07","0.16","0.21","-0.06","-0.06","-0.02","-0.02","0.12","0.01","-0.01","0.00","3.01","-0.12","-0.39","-0.22","0.01","-0.10","-0.07","0.50","3.02","1.36","0.40","0.08","0.37","0.00","0.42","0.19","0.07","-0.17","0.05","0.20","-0.02","0.06","0.04"
"2010 AUG","81.7","73.1","97.3","194.0","81.6","212.7","87.0","81.4","79.6","99.9","91.0","88.8","36.1","113.6","75.6","66.8","63.1","87.7","88.8","90.3","88.8","88.6","109.9","0.2","-0.4","-0.2","-1.0","0.2","-0.2","-2.1","4.0","0.0","-0.8","-1.1","0.4","0.1","0.1","0.2","1.9","-0.1","-0.3","0.6","-0.7","-2.6","-0.7","-2.4","3.4","-13.7","-2.4","-9.3","-0.3","-6.1","-8.2","11.9","4.1","11.8","7.8","8.0","6.9","-0.1","4.1","5.6","3.0","-4.2","0.2","3.2","-2.0","-0.5","49.6","0.5","-0.6","-2.6","-10.5","-1.0","-3.8","-4.2","3.7","0.9","2.8","2.4","-0.4","1.9","1.0","1.6","-0.2","-1.1","-0.5","-1.9","1.1","0.9","-1.1","0.7","3.0","-15.0","-3.2","-15.3","-0.3","-6.7","-6.9","9.9","3.9","12.7","9.6","5.4","6.5","0.1","3.8","3.0","2.3","-3.6","-0.5","3.1","-1.9","2.2","40.4","0.17","0.00","-0.03","-0.01","0.02","0.00","-0.03","0.23","-0.03","-0.09","-0.05","0.01","0.01","0.01","0.03","0.14","0.00","-0.02","0.04","-0.05","-0.04","-0.01","0.00","3.42","-0.10","-0.36","-0.12","-0.03","-0.13","-0.11","0.67","3.21","1.29","0.30","0.19","0.42","-0.01","0.50","0.40","0.12","-0.24","0.02","0.23","-0.03","-0.01","0.05","0.51","0.00","-0.38","-0.14","-0.10","-0.08","-0.06","0.21","0.68","0.32","0.09","-0.01","0.12","0.09","0.19","-0.01","-0.04","-0.02","-0.12","0.08","0.01","-0.02","0.00","3.03","-0.11","-0.48","-0.22","-0.03","-0.14","-0.10","0.55","3.07","1.38","0.37","0.13","0.40","0.01","0.46","0.21","0.09","-0.20","-0.03","0.23","-0.03","0.04","0.05"
"2010 SEP","81.9","72.0","96.6","190.6","81.0","214.7","85.7","79.9","80.0","100.0","92.0","91.3","36.8","113.5","75.7","67.8","63.2","87.7","89.1","91.0","89.5","87.7","98.9","0.2","-1.5","-0.7","-1.8","-0.8","0.9","-1.5","-1.8","0.5","0.1","1.1","2.8","2.0","-0.1","0.1","1.6","0.2","-0.1","0.3","0.8","0.7","-1.1","-10.0","3.4","-13.8","-3.5","-9.1","-1.9","-4.3","-10.9","10.8","4.3","10.4","6.7","11.4","8.6","-1.8","4.1","9.3","3.0","-4.2","0.9","4.0","1.3","-3.8","47.3","0.6","-0.5","-2.1","-6.4","-1.0","-3.0","-4.2","2.4","0.9","2.0","1.8","1.8","2.4","0.2","1.4","1.0","-0.7","-0.5","-1.0","1.1","2.1","-0.7","-3.7","3.2","-14.1","-3.4","-12.2","-0.9","-6.5","-8.9","10.2","4.1","11.8","8.1","8.5","7.0","-0.8","4.0","5.4","2.5","-4.0","0.4","3.6","-1.1","-0.6","44.0","0.21","-0.01","-0.10","-0.02","-0.08","0.02","-0.02","-0.11","0.43","0.01","0.04","0.07","0.13","-0.01","0.02","0.11","0.01","0.00","0.02","0.06","0.01","-0.02","-0.02","3.39","-0.10","-0.52","-0.12","-0.19","-0.09","-0.16","0.60","3.41","1.15","0.26","0.27","0.53","-0.18","0.50","0.64","0.12","-0.24","0.06","0.29","0.02","-0.07","0.05","0.56","0.00","-0.31","-0.08","-0.10","-0.06","-0.05","0.14","0.73","0.23","0.07","0.04","0.15","0.02","0.17","0.07","-0.03","-0.03","-0.06","0.08","0.03","-0.01","-0.01","3.16","-0.10","-0.51","-0.17","-0.10","-0.14","-0.13","0.57","3.20","1.29","0.32","0.20","0.43","-0.08","0.49","0.38","0.10","-0.23","0.03","0.27","-0.01","-0.01","0.05"
"2010 OCT","82.2","71.6","97.8","183.5","82.5","222.6","81.5","79.5","80.2","101.1","92.1","91.1","36.9","115.9","76.7","66.0","60.9","88.6","89.4","91.2","87.0","87.5","95.8","0.4","-0.5","1.3","-3.7","1.9","3.7","-4.9","-0.5","0.3","1.0","0.1","-0.2","0.3","2.2","1.3","-2.7","-3.7","1.0","0.3","0.1","-2.8","-0.2","-3.1","3.5","-12.8","-2.3","-16.6","0.2","2.9","-15.2","11.9","4.2","10.4","5.7","10.1","5.9","0.6","5.6","5.4","-0.4","-2.2","1.6","4.1","-2.7","-3.2","40.3","0.5","-1.3","-1.3","-5.4","-0.4","-0.4","-5.5","2.2","0.8","0.7","0.7","2.9","2.3","0.3","1.4","1.9","-1.7","-0.1","0.2","0.5","-0.9","-1.1","-8.7","3.4","-13.5","-2.7","-11.7","-0.6","-2.6","-11.5","11.5","4.2","10.8","6.7","9.8","7.1","-0.5","4.6","6.8","1.9","-3.5","0.9","3.8","-1.1","-2.5","45.8","0.35","0.00","0.18","-0.04","0.18","0.07","-0.06","-0.03","0.20","0.12","0.00","-0.01","0.02","0.20","0.16","-0.19","-0.15","0.05","0.02","0.01","-0.04","0.00","0.00","3.54","-0.09","-0.34","-0.23","0.02","0.06","-0.22","0.65","3.31","1.16","0.23","0.24","0.38","0.05","0.68","0.37","-0.02","-0.12","0.10","0.30","-0.04","-0.05","0.04","0.53","-0.01","-0.19","-0.07","-0.04","-0.01","-0.07","0.13","0.60","0.09","0.03","0.07","0.15","0.02","0.18","0.14","-0.07","0.00","0.01","0.04","-0.01","-0.02","-0.01","3.45","-0.10","-0.41","-0.16","-0.06","-0.05","-0.16","0.64","3.31","1.20","0.26","0.23","0.44","-0.04","0.56","0.47","0.07","-0.20","0.06","0.27","-0.02","-0.04","0.05"
"2010 NOV","81.9","73.1","95.9","175.8","80.8","226.1","80.5","79.3","80.2","101.8","89.8","88.8","37.3","115.2","76.5","65.9","62.3","88.5","90.1","90.4","91.6","86.3","89.4","-0.3","2.2","-1.9","-4.2","-2.1","1.6","-1.2","-0.2","0.0","0.7","-2.5","-2.6","1.1","-0.6","-0.3","-0.1","2.4","-0.1","0.8","-0.9","5.3","-1.3","-6.6","3.1","-9.5","-4.2","-18.3","-2.4","6.2","-16.3","12.1","4.0","9.4","3.0","4.9","5.8","0.3","4.8","7.2","2.0","-2.0","1.9","2.9","6.7","-2.2","18.0","0.5","-1.3","-0.9","-5.5","-0.5","3.3","-6.9","-0.1","0.8","0.8","-0.2","2.6","2.7","0.9","1.4","0.9","-1.9","0.4","1.4","0.4","0.1","-1.8","-14.9","3.3","-12.1","-3.3","-14.7","-1.4","1.5","-14.2","11.6","4.2","10.1","5.1","8.8","6.7","-0.3","4.8","7.3","1.5","-2.8","1.5","3.7","1.7","-3.1","34.5","-0.31","0.01","-0.27","-0.05","-0.21","0.03","-0.01","-0.01","-0.02","0.08","-0.10","-0.06","0.07","-0.06","-0.04","-0.01","0.09","0.00","0.05","-0.07","0.07","-0.02","-0.01","3.10","-0.07","-0.62","-0.24","-0.25","0.12","-0.23","0.65","3.14","1.06","0.12","0.12","0.37","0.03","0.59","0.49","0.08","-0.11","0.12","0.21","0.09","-0.04","0.02","0.50","-0.01","-0.13","-0.06","-0.04","0.06","-0.09","0.00","0.65","0.09","-0.01","0.06","0.17","0.08","0.17","0.06","-0.07","0.02","0.09","0.03","0.00","-0.03","-0.02","3.34","-0.09","-0.49","-0.20","-0.14","0.03","-0.20","0.63","3.29","1.12","0.20","0.21","0.43","-0.03","0.59","0.50","0.06","-0.16","0.09","0.27","0.02","-0.05","0.03"
"2010 DEC","81.2","77.9","95.0","167.5","79.2","244.8","80.9","77.0","79.5","98.2","89.9","84.8","38.9","114.5","76.3","64.5","63.8","88.7","90.1","89.0","92.0","77.6","97.5","-0.9","6.6","-1.0","-4.8","-1.9","8.3","0.5","-2.9","-0.8","-3.5","0.1","-4.5","4.2","-0.6","-0.2","-2.2","2.4","0.2","0.0","-1.5","0.5","-10.1","9.0","1.7","-1.7","-4.9","-20.6","-3.8","12.6","-16.2","7.9","2.5","3.0","1.4","0.0","11.2","-0.2","4.7","2.3","3.7","-1.4","1.4","1.1","9.9","-12.7","5.1","0.0","1.9","-0.9","-9.3","-0.7","8.2","-7.1","-1.6","0.3","0.1","-1.2","-1.5","3.8","1.5","1.2","-1.8","-1.3","0.9","1.2","-0.6","0.3","-5.3","-12.0","2.8","-8.1","-3.8","-18.5","-2.0","7.2","-15.9","10.6","3.6","7.6","3.4","5.0","7.6","0.3","5.0","4.9","1.8","-1.8","1.6","2.7","4.5","-6.0","19.4","-0.93","0.04","-0.14","-0.05","-0.18","0.17","0.01","-0.17","-0.67","-0.43","0.00","-0.11","0.27","-0.06","-0.03","-0.16","0.09","0.01","0.00","-0.11","0.01","-0.16","0.01","1.65","-0.01","-0.73","-0.27","-0.38","0.25","-0.23","0.43","1.97","0.35","0.06","0.00","0.71","-0.02","0.58","0.16","0.15","-0.08","0.09","0.08","0.12","-0.21","0.01","0.03","0.01","-0.13","-0.11","-0.06","0.16","-0.09","-0.09","0.24","0.01","-0.05","-0.04","0.24","0.13","0.15","-0.13","-0.05","0.05","0.08","-0.05","0.00","-0.09","-0.02","2.76","-0.06","-0.56","-0.25","-0.20","0.14","-0.23","0.58","2.80","0.86","0.13","0.12","0.48","0.02","0.61","0.34","0.07","-0.10","0.10","0.20","0.06","-0.10","0.02"
"2011 JAN","81.5","84.5","95.9","176.7","80.0","223.6","89.0","79.8","79.6","99.6","90.4","90.0","37.7","107.4","75.7","65.6","66.5","88.0","90.3","90.5","95.2","87.1","98.9","0.5","8.3","1.0","5.5","0.9","-8.7","10.0","3.7","0.1","1.5","0.6","6.2","-3.0","-6.2","-0.8","1.8","4.2","-0.7","0.3","1.7","3.5","12.3","1.4","2.9","8.9","-3.1","-18.4","-0.7","-3.7","-1.7","10.6","3.5","6.5","6.5","9.6","7.3","-3.1","3.8","5.1","2.9","-0.6","1.4","2.8","11.3","1.9","6.2","-0.5","8.7","-1.7","-8.5","-2.1","6.8","-1.5","-1.9","-0.2","-0.5","-1.8","-2.8","3.7","-1.7","0.2","-2.3","2.9","0.5","1.2","-1.0","5.1","-4.8","-6.2","2.6","-0.9","-4.0","-19.1","-2.3","4.8","-11.6","10.2","3.3","6.3","3.6","4.8","8.1","-0.9","4.4","4.9","2.9","-1.3","1.6","2.3","9.3","-4.4","9.2","0.48","0.06","0.15","0.08","0.10","-0.15","0.13","0.20","0.09","0.17","0.02","0.15","-0.20","-0.59","-0.09","0.12","0.17","-0.04","0.02","0.13","0.05","0.19","0.00","2.92","0.06","-0.48","-0.36","-0.08","-0.06","-0.02","0.54","2.74","0.70","0.25","0.23","0.44","-0.30","0.44","0.36","0.13","-0.04","0.09","0.21","0.15","0.03","0.01","-0.47","0.05","-0.25","-0.14","-0.22","0.10","-0.02","-0.11","-0.16","-0.05","-0.07","-0.07","0.22","-0.16","0.02","-0.17","0.12","0.03","0.07","-0.07","0.07","-0.08","-0.01","2.56","-0.01","-0.64","-0.37","-0.25","0.08","-0.17","0.52","2.61","0.68","0.14","0.12","0.49","-0.09","0.51","0.34","0.12","-0.08","0.10","0.17","0.12","-0.08","0.01"
"2011 FEB","81.9","89.9","93.2","155.4","79.4","214.3","83.6","80.6","80.4","99.8","91.4","92.3","38.6","109.0","76.3","66.5","66.3","88.7","91.8","90.7","95.7","85.3","111.1","0.4","6.5","-2.9","-12.1","-0.7","-4.2","-6.1","1.0","0.9","0.1","1.1","2.5","2.5","1.5","0.7","1.3","-0.3","0.8","1.6","0.1","0.5","-2.1","12.4","1.7","18.5","-7.1","-26.8","-3.4","-6.7","-11.2","7.2","2.9","4.4","4.4","5.6","9.0","-2.8","4.3","1.4","2.3","0.5","3.2","3.0","7.9","-3.0","4.8","-0.6","16.4","-2.1","-9.2","-2.3","2.9","2.4","-0.5","-0.4","-1.8","-0.8","-1.5","3.7","-4.0","-0.3","-1.6","5.5","0.3","1.3","-0.9","5.5","-4.4","8.2","2.1","8.4","-5.0","-21.9","-2.6","0.5","-9.9","8.5","3.0","4.6","4.1","5.0","9.1","-2.0","4.3","2.9","3.0","-0.5","2.0","2.3","9.7","-4.7","5.4","0.41","0.05","-0.42","-0.19","-0.07","-0.06","-0.08","0.06","0.73","0.01","0.05","0.06","0.16","0.13","0.09","0.09","-0.01","0.05","0.10","0.01","0.01","-0.04","0.02","1.73","0.12","-1.12","-0.51","-0.36","-0.11","-0.17","0.38","2.30","0.48","0.17","0.14","0.54","-0.27","0.49","0.10","0.10","0.03","0.20","0.22","0.11","-0.05","0.01","-0.57","0.10","-0.32","-0.15","-0.24","0.04","0.03","-0.03","-0.31","-0.20","-0.03","-0.04","0.23","-0.38","-0.03","-0.12","0.22","0.01","0.08","-0.07","0.07","-0.07","0.01","2.10","0.06","-0.79","-0.42","-0.28","0.01","-0.15","0.44","2.33","0.51","0.16","0.13","0.55","-0.19","0.49","0.20","0.12","-0.03","0.13","0.17","0.13","-0.08","0.01"
"2011 MAR","82.0","92.4","92.5","154.4","78.7","215.8","83.7","81.6","80.6","99.9","93.2","91.1","39.4","110.2","76.1","66.6","65.8","88.5","91.1","91.3","96.0","83.2","109.8","0.2","2.8","-0.7","-0.6","-0.9","0.7","0.1","1.2","0.3","0.2","1.9","-1.3","2.1","1.1","-0.2","0.3","-0.8","-0.3","-0.8","0.6","0.3","-2.5","-1.2","1.1","24.1","-8.8","-30.3","-5.7","-3.5","-12.1","7.9","2.3","2.5","4.5","3.2","10.4","-2.1","3.6","1.2","1.1","0.4","2.5","2.0","7.7","-7.8","0.2","0.1","19.8","-2.5","-7.6","-1.8","-5.7","5.5","2.6","0.2","-0.6","1.2","3.3","2.4","-5.5","-0.6","1.2","6.2","-0.2","1.3","0.7","6.0","1.7","13.1","1.9","17.1","-6.4","-25.2","-3.3","-4.6","-8.4","8.5","2.9","4.4","5.1","6.1","8.9","-2.7","3.9","2.5","2.1","0.1","2.4","2.6","9.0","-3.1","3.6","0.19","0.02","-0.10","-0.01","-0.10","0.01","0.00","0.06","0.20","0.02","0.08","-0.03","0.13","0.10","-0.02","0.02","-0.03","-0.02","-0.05","0.05","0.00","-0.04","0.00","1.06","0.15","-1.38","-0.60","-0.61","-0.05","-0.18","0.41","1.83","0.27","0.18","0.08","0.63","-0.20","0.41","0.09","0.05","0.02","0.16","0.15","0.10","-0.14","0.00","0.09","0.12","-0.36","-0.12","-0.19","-0.09","0.07","0.14","0.19","-0.06","0.05","0.08","0.15","-0.53","-0.07","0.08","0.25","-0.01","0.08","0.05","0.08","0.03","0.02","1.90","0.11","-1.00","-0.49","-0.35","-0.08","-0.12","0.45","2.28","0.48","0.20","0.15","0.54","-0.25","0.44","0.18","0.09","0.00","0.15","0.19","0.12","-0.05","0.01"
"2011 APR","81.3","92.9","91.9","154.8","79.2","203.0","78.2","82.8","79.7","100.0","91.8","92.9","38.6","103.5","76.3","64.2","65.7","89.0","91.8","90.5","97.0","83.0","115.2","-0.9","0.5","-0.7","0.2","0.7","-5.9","-6.6","1.5","-1.1","0.1","-1.5","1.9","-2.2","-6.1","0.3","-3.6","-0.2","0.6","0.8","-0.8","1.0","-0.2","4.9","0.4","26.5","-7.7","-28.3","-3.3","-8.0","-15.6","8.1","1.3","3.6","3.0","4.7","10.0","-7.2","2.8","-4.0","3.6","0.6","1.7","1.5","10.8","-7.6","2.3","0.2","16.9","-3.2","-10.7","-1.1","-8.8","-2.0","3.8","0.5","0.0","2.3","4.8","2.4","-4.3","0.1","0.7","2.7","0.4","1.5","0.9","3.6","0.2","17.6","1.1","23.0","-7.9","-28.5","-4.1","-6.1","-13.0","7.7","2.2","3.5","4.0","4.5","9.8","-4.0","3.5","-0.5","2.3","0.5","2.5","2.2","8.8","-6.1","2.4","-0.92","0.00","-0.10","0.00","0.07","-0.09","-0.08","0.09","-0.90","0.01","-0.06","0.05","-0.15","-0.56","0.04","-0.26","-0.01","0.03","0.05","-0.06","0.01","0.00","0.01","0.44","0.17","-1.20","-0.55","-0.35","-0.12","-0.23","0.43","1.02","0.39","0.12","0.12","0.59","-0.68","0.33","-0.29","0.15","0.03","0.11","0.11","0.14","-0.13","0.00","0.23","0.11","-0.48","-0.16","-0.11","-0.14","-0.03","0.21","0.40","0.00","0.09","0.12","0.16","-0.40","0.01","0.05","0.11","0.02","0.10","0.07","0.05","0.00","0.02","1.07","0.15","-1.23","-0.55","-0.44","-0.10","-0.19","0.41","1.71","0.38","0.16","0.12","0.59","-0.38","0.41","-0.04","0.10","0.03","0.16","0.16","0.12","-0.11","0.00"
"2011 MAY","82.1","92.4","93.0","142.1","80.6","217.0","79.1","81.9","80.5","98.6","92.3","93.2","41.2","107.1","76.0","66.5","66.8","88.5","91.9","90.6","97.8","82.9","103.0","1.0","-0.6","1.2","-8.2","1.7","6.9","1.2","-1.1","1.1","-1.4","0.6","0.4","6.8","3.5","-0.5","3.6","1.7","-0.6","0.1","0.1","0.9","-0.2","-10.6","0.8","26.5","-6.8","-33.2","-2.3","-2.9","-12.0","4.7","1.8","0.4","2.8","5.7","16.6","-6.3","2.0","1.5","5.3","0.3","1.0","0.8","10.2","-7.1","-6.0","0.3","10.1","-2.4","-9.7","0.0","-6.9","-5.0","3.7","0.5","0.3","2.0","3.8","3.5","-3.1","0.1","0.5","0.9","0.2","1.0","0.8","2.8","-0.4","6.7","0.8","25.7","-7.8","-30.6","-3.7","-4.8","-13.2","6.9","1.8","2.1","3.4","4.5","12.3","-5.2","2.8","-0.4","3.3","0.4","1.8","1.4","9.6","-7.5","-1.1","0.96","0.00","0.17","-0.11","0.18","0.10","0.02","-0.06","0.86","-0.16","0.02","0.01","0.44","0.30","-0.05","0.25","0.07","-0.03","0.01","0.00","0.01","0.00","-0.02","0.77","0.16","-1.05","-0.63","-0.24","-0.04","-0.17","0.26","1.40","0.04","0.11","0.14","0.99","-0.60","0.23","0.11","0.22","0.02","0.07","0.06","0.14","-0.12","-0.01","0.32","0.07","-0.35","-0.14","0.00","-0.11","-0.06","0.20","0.40","0.04","0.08","0.10","0.23","-0.28","0.01","0.03","0.04","0.01","0.06","0.06","0.04","-0.01","0.01","0.76","0.16","-1.21","-0.59","-0.40","-0.07","-0.19","0.37","1.41","0.23","0.14","0.12","0.73","-0.49","0.32","-0.03","0.14","0.02","0.11","0.11","0.13","-0.13","0.00"
"2011 JUN","82.1","92.4","93.2","142.8","80.3","225.9","79.9","83.5","80.4","98.8","91.3","95.3","40.8","105.5","76.2","66.3","67.7","88.3","92.1","90.8","98.8","83.7","94.7","0.1","0.0","0.3","0.5","-0.3","4.1","1.0","2.0","-0.1","0.2","-1.1","2.2","-1.1","-1.4","0.3","-0.4","1.3","-0.2","0.2","0.3","1.0","1.0","-8.1","0.8","26.3","-5.2","-25.6","-2.3","4.4","-11.5","5.5","1.4","-1.1","0.0","9.6","13.3","-7.7","1.9","0.9","6.2","0.4","5.0","0.7","12.6","-5.3","-15.1","0.0","4.1","-1.3","-9.6","0.9","-1.2","-7.5","2.6","0.0","-0.6","0.1","2.9","4.1","-3.2","0.2","-0.8","0.8","0.2","1.0","-0.2","2.3","-2.4","-2.2","0.7","26.5","-6.6","-29.2","-2.6","-2.2","-13.1","6.1","1.5","0.9","1.9","6.6","13.3","-7.1","2.2","-0.6","5.0","0.4","2.6","1.0","11.2","-6.7","-6.2","0.08","0.00","0.04","0.01","-0.03","0.06","0.01","0.11","-0.07","0.02","-0.05","0.06","-0.07","-0.13","0.03","-0.03","0.05","-0.01","0.01","0.02","0.01","0.02","-0.01","0.81","0.16","-0.78","-0.44","-0.25","0.07","-0.16","0.30","1.14","-0.13","0.00","0.24","0.81","-0.74","0.22","0.06","0.25","0.02","0.31","0.05","0.17","-0.09","-0.02","0.00","0.03","-0.18","-0.14","0.09","-0.02","-0.10","0.14","0.02","-0.07","0.01","0.08","0.27","-0.30","0.03","-0.06","0.03","0.01","0.06","-0.02","0.03","-0.04","0.00","0.67","0.16","-1.01","-0.54","-0.28","-0.03","-0.18","0.33","1.18","0.10","0.08","0.17","0.79","-0.67","0.26","-0.04","0.21","0.02","0.16","0.07","0.15","-0.11","-0.01"
"2011 JUL","82.2","92.9","92.7","142.3","80.0","224.0","78.2","82.7","80.7","98.8","90.3","94.3","40.9","110.5","76.9","64.9","67.1","88.2","91.2","91.1","96.1","84.9","95.4","0.1","0.5","-0.6","-0.3","-0.4","-0.8","-2.1","-1.0","0.3","0.1","-1.1","-1.1","0.4","4.8","0.9","-2.1","-0.9","-0.1","-0.9","0.3","-2.7","1.4","0.8","0.8","26.5","-4.9","-27.4","-1.7","5.1","-12.0","5.6","1.3","-1.8","-1.9","6.6","13.5","-2.6","2.0","-1.0","6.3","0.3","3.3","0.2","5.3","-4.9","-15.2","0.5","0.9","0.5","-8.0","1.5","5.3","-3.4","1.3","0.4","-1.2","-0.9","2.4","5.4","0.1","0.2","0.2","1.9","-0.5","0.2","0.0","1.4","0.0","-12.8","0.8","26.4","-5.6","-28.9","-2.1","2.1","-11.8","5.3","1.5","-0.9","0.3","7.3","14.4","-5.6","2.0","0.5","5.9","0.3","3.1","0.5","9.3","-5.8","-12.2","0.10","0.00","-0.09","0.00","-0.04","-0.01","-0.03","-0.06","0.24","0.01","-0.04","-0.03","0.03","0.42","0.11","-0.15","-0.04","0.00","-0.06","0.02","-0.04","0.02","0.00","0.77","0.16","-0.74","-0.48","-0.18","0.08","-0.17","0.30","1.06","-0.21","-0.08","0.17","0.82","-0.25","0.23","-0.07","0.26","0.01","0.21","0.02","0.07","-0.08","-0.02","0.49","0.01","0.07","-0.11","0.16","0.08","-0.04","0.07","0.35","-0.13","-0.04","0.06","0.35","0.01","0.02","0.01","0.08","-0.03","0.01","0.00","0.02","0.00","-0.02","0.78","0.16","-0.86","-0.51","-0.22","0.03","-0.16","0.29","1.20","-0.10","0.01","0.18","0.87","-0.53","0.23","0.03","0.24","0.02","0.19","0.04","0.13","-0.10","-0.02"
"2011 AUG","81.9","93.9","92.5","136.9","80.2","225.0","77.3","81.8","80.5","98.5","90.8","93.1","42.1","107.2","76.9","64.9","66.0","88.4","90.9","91.0","95.9","84.3","100.8","-0.3","1.0","-0.2","-3.8","0.3","0.4","-1.1","-1.1","-0.3","-0.3","0.5","-1.2","2.9","-3.0","0.0","0.1","-1.7","0.2","-0.4","-0.1","-0.2","-0.6","5.7","0.3","28.4","-4.9","-29.4","-1.7","5.8","-11.1","0.4","1.1","-1.4","-0.2","4.8","16.6","-5.6","1.7","-2.8","4.6","0.7","2.3","0.8","8.0","-4.9","-8.2","0.4","0.5","0.4","-6.5","0.9","6.2","-2.3","0.7","0.4","-0.8","-1.7","2.0","3.8","0.8","0.7","-0.7","1.2","-0.4","-0.2","0.2","0.0","1.5","-11.3","0.6","27.1","-5.0","-27.5","-1.9","5.1","-11.5","3.8","1.3","-1.5","-0.7","7.0","14.5","-5.3","1.9","-1.0","5.7","0.5","3.5","0.6","8.6","-5.0","-12.9","-0.31","0.01","-0.03","-0.05","0.03","0.01","-0.01","-0.07","-0.23","-0.04","0.02","-0.03","0.20","-0.28","0.00","0.00","-0.07","0.01","-0.03","-0.01","0.00","-0.01","0.01","0.29","0.17","-0.74","-0.50","-0.18","0.09","-0.15","0.02","0.86","-0.16","-0.01","0.12","1.01","-0.54","0.20","-0.20","0.19","0.04","0.14","0.06","0.11","-0.08","-0.01","0.37","0.00","0.05","-0.09","0.09","0.09","-0.03","0.04","0.28","-0.09","-0.07","0.05","0.26","0.07","0.08","-0.05","0.05","-0.02","-0.01","0.02","0.00","0.02","-0.02","0.62","0.17","-0.75","-0.47","-0.20","0.08","-0.16","0.21","1.02","-0.16","-0.03","0.18","0.88","-0.51","0.22","-0.07","0.23","0.03","0.22","0.04","0.12","-0.09","-0.02"
"2011 SEP","82.0","94.7","92.5","138.9","80.2","221.9","78.4","82.6","80.5","98.5","91.4","93.0","42.2","105.6","77.3","66.0","67.4","88.4","89.4","90.9","95.1","83.9","106.0","0.1","0.9","0.0","1.5","-0.1","-1.4","1.4","1.0","0.1","0.0","0.7","-0.1","0.2","-1.5","0.5","1.7","2.1","0.0","-1.7","-0.1","-0.8","-0.5","5.1","0.2","31.5","-4.2","-27.1","-1.0","3.3","-8.5","3.3","0.6","-1.6","-0.6","1.8","14.6","-6.9","2.1","-2.6","6.5","0.8","0.3","-0.2","6.3","-4.3","7.2","0.3","1.4","-0.1","-4.9","0.1","3.9","-1.4","-0.5","0.4","-0.5","-1.0","-0.4","3.9","2.3","1.1","-0.6","0.1","-0.3","-1.5","0.4","-2.2","1.4","-3.4","0.4","28.8","-4.7","-28.0","-1.5","4.7","-10.5","3.1","1.0","-1.6","-0.9","4.4","14.9","-5.1","2.0","-2.1","5.8","0.6","2.0","0.3","6.5","-4.7","-5.9","0.11","0.01","0.00","0.02","-0.01","-0.02","0.02","0.06","0.05","0.00","0.03","0.00","0.02","-0.13","0.06","0.12","0.09","0.00","-0.10","-0.01","-0.01","-0.01","0.01","0.19","0.19","-0.62","-0.46","-0.10","0.05","-0.11","0.18","0.48","-0.18","-0.03","0.05","0.90","-0.65","0.25","-0.19","0.26","0.05","0.02","-0.01","0.09","-0.07","0.01","0.30","0.01","-0.02","-0.06","0.01","0.06","-0.02","-0.03","0.34","-0.06","-0.04","-0.01","0.26","0.21","0.13","-0.04","0.00","-0.02","-0.10","0.03","-0.03","0.02","-0.01","0.42","0.18","-0.70","-0.48","-0.15","0.07","-0.14","0.17","0.80","-0.18","-0.04","0.11","0.91","-0.48","0.23","-0.15","0.24","0.03","0.12","0.02","0.09","-0.08","-0.01"
"2011 OCT","81.3","94.8","92.3","142.5","79.6","212.0","82.7","81.5","79.7","99.1","89.0","92.9","41.3","103.6","77.3","63.4","65.5","87.8","91.3","90.6","93.9","81.4","92.7","-0.9","0.1","-0.2","2.6","-0.7","-4.5","5.4","-1.4","-1.0","0.7","-2.7","-0.1","-2.2","-1.9","0.0","-4.0","-2.8","-0.7","2.1","-0.3","-1.3","-2.9","-12.5","-1.1","32.3","-5.6","-22.4","-3.5","-4.8","1.4","2.5","-0.7","-1.9","-3.4","2.0","11.8","-10.6","0.8","-3.9","7.6","-0.9","2.1","-0.6","8.0","-6.9","-3.2","-0.4","2.0","-0.6","-2.1","-0.4","-1.2","0.5","-0.9","-0.4","0.0","-1.0","-1.4","2.2","-2.0","1.0","-1.7","-1.4","-0.1","-1.3","0.0","-2.6","-0.7","2.2","-0.2","30.8","-4.9","-26.4","-2.1","1.4","-6.2","2.1","0.3","-1.6","-1.4","2.9","14.3","-7.7","1.6","-3.1","6.2","0.2","1.5","0.0","7.4","-5.4","-1.7","-0.89","0.00","-0.03","0.03","-0.07","-0.07","0.07","-0.08","-0.79","0.07","-0.11","0.00","-0.16","-0.17","0.00","-0.28","-0.12","-0.04","0.13","-0.03","-0.02","-0.05","-0.02","-1.05","0.19","-0.84","-0.36","-0.36","-0.07","0.02","0.14","-0.52","-0.22","-0.14","0.05","0.73","-1.02","0.09","-0.28","0.29","-0.05","0.13","-0.05","0.10","-0.12","0.00","-0.44","0.02","-0.08","-0.03","-0.04","-0.02","0.01","-0.05","-0.32","-0.01","-0.04","-0.04","0.15","-0.18","0.12","-0.12","-0.06","-0.01","-0.09","0.00","-0.04","-0.01","0.00","-0.19","0.19","-0.73","-0.44","-0.21","0.02","-0.08","0.11","0.27","-0.18","-0.06","0.07","0.88","-0.74","0.18","-0.22","0.25","0.01","0.10","0.00","0.10","-0.09","0.00"
"2011 NOV","82.3","93.5","92.6","139.4","80.5","206.3","83.3","83.2","80.8","98.4","91.4","91.3","42.5","107.7","78.4","65.0","67.7","87.6","91.4","91.4","92.0","84.2","95.7","1.3","-1.4","0.3","-2.2","1.1","-2.7","0.7","2.2","1.4","-0.8","2.7","-1.7","3.1","3.9","1.5","2.6","3.4","-0.2","0.1","0.9","-2.1","3.5","3.2","0.5","27.8","-3.5","-20.7","-0.3","-8.8","3.4","5.0","0.8","-3.4","1.8","2.8","14.0","-6.6","2.6","-1.4","8.6","-1.0","1.4","1.1","0.4","-2.4","7.0","-0.2","1.4","-0.4","-0.3","-0.1","-5.2","3.8","-0.3","-0.2","-0.1","-0.2","-2.0","1.8","-2.0","1.3","-0.8","-0.1","-0.4","-0.8","0.0","-3.3","-1.3","1.2","-0.1","30.5","-4.5","-23.5","-1.6","-3.5","-1.3","3.6","0.2","-2.3","-0.8","2.2","13.5","-8.0","1.8","-2.6","7.6","-0.4","1.3","0.1","4.8","-4.6","3.6","1.27","-0.01","0.04","-0.03","0.11","-0.04","0.01","0.12","1.12","-0.09","0.11","-0.05","0.22","0.34","0.18","0.18","0.14","-0.01","0.01","0.06","-0.03","0.05","0.00","0.51","0.17","-0.51","-0.32","-0.04","-0.14","0.04","0.27","0.61","-0.38","0.07","0.07","0.88","-0.63","0.30","-0.10","0.34","-0.06","0.09","0.08","0.01","-0.04","0.01","-0.24","0.01","-0.05","0.00","-0.01","-0.08","0.05","-0.02","-0.18","-0.01","-0.01","-0.05","0.12","-0.18","0.15","-0.06","-0.01","-0.02","-0.05","0.00","-0.05","-0.02","0.00","-0.12","0.19","-0.66","-0.38","-0.17","-0.05","-0.02","0.20","0.19","-0.26","-0.03","0.06","0.83","-0.77","0.22","-0.19","0.30","-0.02","0.08","0.01","0.07","-0.08","0.00"
"2011 DEC","83.0","90.6","93.3","134.1","81.6","208.4","84.9","86.7","81.3","98.9","92.7","91.9","42.2","111.0","79.2","65.3","66.3","87.4","91.4","92.2","91.4","85.2","98.3","0.8","-3.1","0.8","-3.8","1.4","1.0","2.0","4.2","0.6","0.5","1.5","0.6","-0.7","3.1","1.0","0.4","-2.0","-0.2","0.0","0.9","-0.6","1.1","2.7","2.3","16.2","-1.8","-19.9","3.0","-14.9","5.0","12.7","2.3","0.7","3.2","8.4","8.7","-3.0","3.8","1.3","4.0","-1.5","1.5","3.6","-0.6","9.8","0.8","0.2","-1.0","0.2","-0.5","0.5","-6.6","7.2","1.8","0.1","0.2","0.2","-1.5","0.7","-0.3","1.6","-1.1","-0.5","-0.8","0.9","0.4","-3.4","-0.9","-5.1","0.6","25.2","-3.7","-21.0","-0.3","-9.6","3.3","6.6","0.8","-1.5","0.5","4.3","11.5","-6.7","2.4","-1.4","6.7","-1.1","1.7","1.3","2.5","-0.2","1.4","0.82","-0.02","0.11","-0.05","0.14","0.01","0.03","0.24","0.50","0.06","0.06","0.02","-0.05","0.28","0.11","0.03","-0.09","-0.01","0.00","0.07","-0.01","0.02","0.00","2.29","0.11","-0.26","-0.30","0.30","-0.26","0.06","0.68","1.80","0.08","0.13","0.21","0.57","-0.29","0.45","0.09","0.16","-0.08","0.09","0.27","-0.01","0.15","0.00","0.19","-0.01","0.03","-0.01","0.05","-0.10","0.09","0.10","0.07","0.02","0.01","-0.04","0.05","-0.03","0.19","-0.08","-0.02","-0.05","0.06","0.03","-0.05","-0.01","-0.01","0.58","0.16","-0.54","-0.33","-0.03","-0.16","0.04","0.36","0.63","-0.17","0.02","0.11","0.72","-0.65","0.28","-0.10","0.27","-0.06","0.10","0.10","0.03","0.00","0.00"
"2012 JAN","83.3","87.7","92.9","134.6","81.2","204.3","85.7","82.6","82.1","98.8","90.0","91.9","44.1","113.8","79.5","66.8","69.5","87.0","91.7","92.1","90.2","82.5","106.1","0.4","-3.1","-0.4","0.4","-0.5","-1.9","0.9","-4.8","0.9","-0.1","-3.0","0.0","4.5","2.5","0.4","2.4","4.7","-0.5","0.4","-0.1","-1.3","-3.2","8.0","2.2","3.9","-3.1","-23.9","1.5","-8.6","-3.7","3.5","3.1","-0.8","-0.5","2.0","17.1","6.0","5.0","1.9","4.4","-1.2","1.6","1.8","-5.2","-5.3","7.3","1.4","-4.1","0.5","-2.5","1.3","-6.1","6.5","2.8","1.5","0.0","1.1","-1.4","2.7","5.0","2.4","1.4","2.3","-1.0","1.1","1.2","-4.0","0.9","0.2","1.7","15.4","-2.8","-21.5","1.4","-10.9","1.4","7.0","2.1","-1.2","1.5","4.4","13.2","-1.4","3.8","0.6","5.6","-1.2","1.5","2.1","-1.8","0.4","5.0","0.39","-0.02","-0.06","0.01","-0.05","-0.02","0.01","-0.27","0.75","-0.01","-0.12","0.00","0.29","0.24","0.05","0.17","0.19","-0.02","0.02","0.00","-0.02","-0.05","0.01","2.20","0.03","-0.49","-0.54","0.16","-0.12","-0.06","0.19","2.45","-0.09","-0.02","0.05","1.01","0.55","0.60","0.14","0.19","-0.06","0.10","0.14","-0.08","-0.09","0.01","1.38","-0.03","0.08","-0.04","0.14","-0.08","0.09","0.15","1.18","0.00","0.04","-0.04","0.17","0.46","0.29","0.10","0.10","-0.05","0.07","0.09","-0.06","0.01","0.00","1.67","0.10","-0.43","-0.48","0.14","-0.16","0.02","0.37","1.61","-0.13","0.06","0.11","0.79","-0.13","0.45","0.04","0.23","-0.07","0.09","0.16","-0.03","0.01","0.01"
"2012 FEB","82.8","85.0","92.6","137.2","81.7","208.3","75.4","80.5","81.6","99.4","91.3","88.7","43.6","107.5","79.8","67.2","68.7","86.7","91.1","94.0","89.0","83.9","102.4","-0.7","-3.1","-0.3","2.0","0.6","2.0","-12.0","-2.5","-0.6","0.6","1.5","-3.5","-1.2","-5.6","0.4","0.5","-1.1","-0.4","-0.7","2.0","-1.3","1.7","-3.5","1.1","-5.5","-0.6","-11.7","2.8","-2.8","-9.8","-0.1","1.6","-0.3","-0.1","-3.9","12.8","-1.4","4.7","1.1","3.7","-2.3","-0.7","3.6","-7.0","-1.6","-7.8","1.4","-7.0","0.5","-3.5","1.7","-3.0","0.7","1.1","1.7","0.4","0.8","-1.7","3.1","4.8","2.3","2.5","2.0","-1.0","0.8","2.0","-3.7","0.8","4.2","1.9","4.3","-1.8","-18.8","2.4","-9.0","-3.0","5.2","2.3","-0.1","0.8","2.0","12.8","0.4","4.5","1.4","4.0","-1.7","0.8","3.0","-4.3","0.6","-0.2","-0.66","-0.02","-0.05","0.03","0.06","0.02","-0.17","-0.13","-0.45","0.07","0.06","-0.09","-0.08","-0.53","0.05","0.04","-0.05","-0.02","-0.04","0.15","-0.02","0.03","-0.01","1.11","-0.04","-0.09","-0.23","0.29","-0.04","-0.14","-0.01","1.26","-0.04","-0.01","-0.10","0.77","-0.13","0.55","0.08","0.15","-0.13","-0.05","0.28","-0.10","-0.03","-0.01","1.41","-0.06","0.08","-0.06","0.18","-0.04","0.01","0.06","1.33","0.04","0.03","-0.05","0.20","0.44","0.28","0.18","0.08","-0.06","0.05","0.15","-0.05","0.01","0.01","1.87","0.03","-0.28","-0.40","0.25","-0.13","-0.04","0.28","1.83","-0.02","0.03","0.05","0.77","0.04","0.54","0.10","0.16","-0.09","0.05","0.23","-0.06","0.01","0.00"
"2012 MAR","82.9","83.7","92.3","138.4","81.6","193.7","77.7","82.2","81.8","101.1","92.7","92.2","43.7","104.5","80.4","67.0","68.4","86.5","91.3","93.2","87.8","86.5","100.5","0.2","-1.4","-0.3","0.9","-0.1","-7.0","3.1","2.0","0.1","1.6","1.5","3.9","0.2","-2.8","0.7","-0.3","-0.5","-0.2","0.2","-0.8","-1.4","3.1","-1.9","1.1","-9.4","-0.2","-10.3","3.7","-10.2","-7.1","0.7","1.5","1.1","-0.5","1.1","10.7","-5.2","5.6","0.6","3.9","-2.2","0.2","2.1","-8.6","4.0","-8.5","1.0","-8.0","-0.1","-1.4","1.1","-3.2","-4.8","-2.4","1.5","1.0","0.3","-1.2","4.2","1.1","2.1","3.8","3.6","-1.0","0.0","1.9","-3.7","0.8","7.8","1.5","-3.9","-1.3","-15.7","2.7","-7.2","-6.8","1.4","2.1","0.0","-0.4","-0.3","13.5","-0.2","5.1","1.2","4.0","-1.9","0.3","2.5","-6.9","-1.1","-3.4","0.16","-0.01","-0.04","0.01","-0.01","-0.09","0.04","0.11","0.11","0.17","0.06","0.10","0.01","-0.25","0.09","-0.02","-0.02","-0.01","0.01","-0.06","-0.02","0.05","0.00","1.08","-0.07","-0.03","-0.20","0.38","-0.14","-0.10","0.04","1.16","0.12","-0.02","0.03","0.66","-0.49","0.67","0.04","0.16","-0.12","0.01","0.16","-0.13","0.06","-0.01","0.97","-0.06","-0.02","-0.02","0.12","-0.04","-0.07","-0.14","1.19","0.10","0.01","-0.03","0.28","0.10","0.25","0.27","0.15","-0.05","0.00","0.14","-0.05","0.01","0.01","1.46","-0.03","-0.20","-0.32","0.28","-0.10","-0.10","0.07","1.62","0.00","-0.02","-0.01","0.82","-0.02","0.61","0.09","0.17","-0.10","0.02","0.19","-0.10","-0.02","-0.01"
"2012 APR","82.5","83.8","92.5","131.7","81.2","217.4","78.4","81.8","81.2","99.9","91.5","91.3","42.3","105.3","80.6","66.4","66.6","86.6","91.2","93.6","88.3","83.5","96.3","-0.5","0.1","0.2","-4.9","-0.4","12.3","0.9","-0.5","-0.6","-1.1","-1.4","-1.0","-3.1","0.8","0.2","-0.9","-2.5","0.1","-0.1","0.5","0.6","-3.5","-4.2","1.5","-9.8","0.7","-14.9","2.5","7.1","0.3","-1.3","2.0","-0.1","-0.4","-1.7","9.8","1.8","5.5","3.3","1.4","-2.7","-0.7","3.5","-9.0","0.6","-16.4","-0.2","-7.1","-0.5","-0.1","0.5","0.1","-8.8","-3.2","0.1","1.5","0.5","-1.1","0.5","-4.5","1.5","1.8","0.1","-0.8","-0.3","1.9","-3.1","0.8","-0.3","1.2","-8.3","-0.1","-12.3","3.0","-2.2","-5.7","-0.2","1.7","0.2","-0.3","-1.5","11.1","-1.7","5.3","1.7","3.0","-2.4","-0.4","3.1","-8.2","1.0","-11.0","-0.51","0.00","0.02","-0.08","-0.05","0.15","0.01","-0.02","-0.51","-0.12","-0.06","-0.03","-0.21","0.07","0.03","-0.07","-0.11","0.01","-0.01","0.04","0.01","-0.06","-0.01","1.50","-0.08","0.10","-0.30","0.26","0.09","0.00","-0.07","1.56","-0.01","-0.01","-0.05","0.59","0.16","0.66","0.24","0.06","-0.15","-0.04","0.27","-0.13","0.01","-0.03","-0.19","-0.05","-0.08","0.00","0.05","0.00","-0.12","-0.18","0.11","0.15","0.02","-0.03","0.04","-0.43","0.19","0.13","0.01","-0.05","-0.02","0.14","-0.04","0.01","0.00","1.23","-0.07","-0.01","-0.24","0.31","-0.03","-0.08","-0.01","1.32","0.03","-0.01","-0.04","0.68","-0.15","0.63","0.12","0.12","-0.13","-0.02","0.24","-0.12","0.02","-0.02"
"2012 MAY","83.7","83.3","93.6","128.4","82.8","219.1","79.5","83.2","82.5","101.5","92.8","90.4","42.7","111.0","81.6","67.2","69.6","86.6","91.6","93.7","87.5","83.5","97.6","1.5","-0.6","1.2","-2.6","1.9","0.8","1.4","1.7","1.5","1.6","1.5","-0.9","0.9","5.4","1.3","1.2","4.4","0.0","0.5","0.1","-0.9","0.0","1.3","2.0","-9.8","0.7","-9.7","2.7","1.0","0.5","1.6","2.4","2.9","0.5","-3.0","3.7","3.7","7.4","1.0","4.1","-2.1","-0.3","3.5","-10.6","0.7","-5.2","0.0","-4.7","-0.1","-1.8","0.5","1.5","-4.2","-1.1","0.1","1.8","1.1","0.5","-0.9","-3.5","1.7","0.7","0.0","-0.5","0.0","0.8","-2.6","0.8","-4.1","1.5","-9.7","0.4","-11.7","3.0","-0.9","-2.2","0.3","2.0","1.3","-0.1","-1.2","8.0","0.0","6.2","1.6","3.1","-2.4","-0.2","3.0","-9.4","1.8","-10.3","1.48","0.00","0.18","-0.04","0.20","0.01","0.02","0.09","1.20","0.17","0.06","-0.02","0.06","0.48","0.16","0.09","0.18","0.00","0.03","0.01","-0.01","0.00","0.00","2.03","-0.08","0.11","-0.17","0.28","0.01","0.01","0.09","1.91","0.31","0.02","-0.08","0.24","0.34","0.87","0.07","0.17","-0.11","-0.02","0.27","-0.16","0.01","-0.01","0.00","-0.04","-0.02","-0.03","0.05","0.02","-0.06","-0.06","0.12","0.19","0.04","0.01","-0.06","-0.32","0.21","0.05","0.00","-0.03","0.00","0.06","-0.04","0.01","-0.01","1.54","-0.08","0.06","-0.22","0.31","-0.01","-0.03","0.02","1.54","0.14","0.00","-0.03","0.50","0.00","0.73","0.12","0.13","-0.13","-0.02","0.23","-0.14","0.03","-0.02"
"2012 JUN","82.7","82.0","92.2","133.4","81.0","214.3","77.4","80.1","81.6","98.8","90.6","91.1","41.0","113.0","82.3","63.2","66.6","86.6","94.4","93.1","88.2","83.4","98.1","-1.3","-1.6","-1.5","3.9","-2.1","-2.2","-2.7","-3.8","-1.0","-2.6","-2.4","0.8","-4.1","1.8","0.8","-6.0","-4.3","0.0","3.0","-0.6","0.9","-0.1","0.5","0.7","-11.2","-1.1","-6.6","0.8","-5.1","-3.2","-4.1","1.5","0.1","-0.8","-4.4","0.5","7.1","7.9","-4.6","-1.7","-1.8","2.5","2.5","-10.7","-0.3","3.6","-0.1","-2.8","0.2","-4.1","0.2","7.3","-1.5","-0.1","-0.1","0.3","0.3","0.0","-4.1","1.1","2.0","-2.1","-1.9","-0.1","1.1","0.4","-1.1","-1.0","-5.5","1.4","-10.3","0.1","-10.5","2.0","0.8","-0.8","-1.3","2.0","1.0","-0.2","-3.1","4.6","4.2","7.0","-0.1","1.3","-2.2","0.5","3.2","-10.1","0.3","-6.7","-1.26","-0.01","-0.23","0.06","-0.22","-0.03","-0.04","-0.20","-0.82","-0.28","-0.10","0.02","-0.27","0.17","0.10","-0.43","-0.18","0.00","0.19","-0.05","0.01","0.00","0.00","0.66","-0.09","-0.17","-0.12","0.09","-0.07","-0.04","-0.23","1.15","0.01","-0.03","-0.12","0.03","0.64","0.94","-0.33","-0.07","-0.10","0.16","0.19","-0.16","-0.01","0.00","-0.06","-0.02","0.02","-0.07","0.02","0.09","-0.02","-0.01","-0.06","0.04","0.01","0.00","-0.28","0.10","0.24","-0.15","-0.08","-0.01","0.07","0.03","-0.02","-0.02","-0.01","1.40","-0.08","0.01","-0.20","0.21","0.01","-0.01","-0.07","1.54","0.10","-0.01","-0.08","0.29","0.38","0.83","-0.01","0.05","-0.12","0.03","0.24","-0.15","0.01","-0.01"
"2012 JUL","83.8","79.7","94.4","138.0","83.1","209.1","80.7","80.5","82.7","100.2","91.0","92.1","41.3","111.7","82.8","66.6","68.7","86.4","94.4","94.0","102.6","85.4","108.3","1.4","-2.8","2.4","3.4","2.6","-2.4","4.3","0.5","1.3","1.3","0.4","1.0","0.8","-1.2","0.6","5.4","3.3","-0.3","0.0","0.9","16.2","2.4","10.4","2.0","-14.2","1.9","-3.1","3.9","-6.7","3.2","-2.6","2.5","1.4","0.7","-2.3","0.9","1.0","7.6","2.7","2.4","-2.1","3.4","3.2","6.8","0.6","13.5","0.8","-2.9","1.0","-1.9","1.0","3.7","2.6","-0.3","0.9","0.0","-0.4","0.6","-3.5","5.8","2.4","-1.8","0.5","-0.1","2.5","0.0","5.0","-0.7","1.6","1.6","-11.7","0.5","-6.4","2.5","-3.7","0.1","-1.8","2.1","1.5","0.1","-3.3","1.7","3.9","7.7","-0.3","1.6","-2.0","1.9","3.1","-4.9","0.3","3.7","1.39","-0.02","0.36","0.06","0.28","-0.03","0.06","0.03","1.03","0.14","0.02","0.03","0.05","-0.11","0.08","0.37","0.13","-0.02","0.00","0.07","0.22","0.04","0.01","1.96","-0.11","0.28","-0.06","0.41","-0.09","0.04","-0.14","1.94","0.14","0.03","-0.06","0.06","0.10","0.91","0.19","0.10","-0.11","0.21","0.24","0.10","0.01","0.02","0.80","-0.02","0.15","-0.03","0.10","0.05","0.03","-0.02","0.69","0.00","-0.02","0.01","-0.24","0.52","0.30","-0.13","0.02","0.00","0.16","0.00","0.07","-0.01","0.00","1.55","-0.09","0.07","-0.12","0.26","-0.05","0.00","-0.10","1.67","0.15","0.01","-0.09","0.11","0.36","0.91","-0.02","0.07","-0.11","0.12","0.23","-0.07","0.00","0.01"
"2012 AUG","84.3","78.5","93.7","135.6","82.4","208.3","82.0","80.3","83.4","100.9","92.6","94.3","42.6","110.6","83.2","67.9","71.0","86.2","93.5","93.6","108.4","88.2","104.2","0.6","-1.6","-0.7","-1.8","-0.9","-0.4","1.5","-0.2","0.9","0.8","1.8","2.4","3.1","-0.9","0.5","1.8","3.2","-0.2","-0.9","-0.4","5.7","3.3","-3.8","2.8","-16.4","1.3","-1.0","2.7","-7.4","6.0","-1.7","3.6","2.5","2.0","1.3","1.2","3.2","8.1","4.5","7.5","-2.5","2.9","2.8","13.0","4.6","3.3","0.7","-4.2","0.7","2.1","0.4","0.2","1.9","-2.5","0.9","-0.8","-1.0","1.3","-3.0","4.5","2.3","-1.5","0.8","-0.2","3.0","0.1","13.5","1.3","5.5","1.8","-13.9","0.7","-3.6","2.5","-6.4","2.0","-2.9","2.5","1.3","0.6","-1.8","0.9","3.7","7.9","0.8","2.7","-2.2","2.9","2.8","2.9","1.6","6.8","0.55","-0.01","-0.11","-0.03","-0.09","-0.01","0.02","-0.01","0.68","0.08","0.07","0.06","0.20","-0.09","0.06","0.13","0.14","-0.01","-0.06","-0.03","0.09","0.05","-0.01","2.84","-0.13","0.20","-0.02","0.28","-0.10","0.08","-0.09","2.87","0.26","0.08","0.04","0.08","0.29","0.97","0.32","0.31","-0.14","0.18","0.22","0.19","0.07","0.00","0.65","-0.03","0.10","0.04","0.04","0.00","0.02","-0.14","0.72","-0.09","-0.04","0.03","-0.20","0.41","0.29","-0.11","0.03","-0.01","0.18","0.00","0.18","0.02","0.01","1.82","-0.11","0.10","-0.06","0.26","-0.09","0.03","-0.16","1.99","0.14","0.03","-0.05","0.06","0.34","0.94","0.06","0.11","-0.12","0.18","0.22","0.04","0.03","0.01"
"2012 SEP","83.4","78.1","91.6","109.4","82.9","208.1","77.7","81.1","82.6","101.4","91.7","94.5","42.3","106.2","83.2","67.0","70.9","85.8","93.0","94.2","94.3","85.6","103.5","-1.0","-0.5","-2.2","-19.3","0.6","-0.1","-5.2","0.9","-1.0","0.4","-1.0","0.2","-0.6","-4.0","0.0","-1.3","-0.1","-0.4","-0.6","0.6","-13.0","-2.9","-0.7","1.7","-17.6","-0.9","-21.3","3.4","-6.2","-0.9","-1.8","2.6","2.9","0.3","1.7","0.3","0.5","7.6","1.5","5.2","-2.9","4.0","3.6","-0.9","2.1","-2.3","1.0","-5.1","0.5","-2.7","1.4","-3.9","2.2","-1.3","1.4","0.7","0.2","3.0","0.2","-0.3","1.9","2.4","3.9","-0.6","1.3","0.4","15.6","3.5","8.2","2.2","-16.1","0.8","-8.4","3.3","-6.8","2.7","-2.1","2.9","2.3","1.0","0.2","0.8","1.6","7.8","2.9","5.0","-2.5","3.4","3.2","6.3","2.4","4.6","-1.05","0.00","-0.33","-0.32","0.07","0.00","-0.07","0.05","-0.76","0.04","-0.04","0.01","-0.04","-0.37","0.00","-0.09","0.00","-0.02","-0.03","0.05","-0.21","-0.05","0.00","1.65","-0.14","-0.14","-0.38","0.36","-0.09","-0.01","-0.10","2.04","0.31","0.01","0.04","0.02","0.05","0.91","0.10","0.22","-0.16","0.25","0.28","-0.01","0.03","0.00","1.05","-0.04","0.08","-0.04","0.15","-0.05","0.03","-0.07","1.07","0.08","0.01","0.08","0.01","-0.02","0.24","0.17","0.16","-0.03","0.08","0.03","0.21","0.06","0.01","2.15","-0.13","0.11","-0.15","0.35","-0.09","0.04","-0.11","2.28","0.24","0.04","0.01","0.05","0.15","0.93","0.20","0.21","-0.14","0.21","0.24","0.09","0.04","0.01"
"2012 OCT","83.7","77.7","91.9","107.2","82.7","219.7","79.2","81.7","82.9","99.6","93.1","94.8","43.1","106.9","83.9","68.1","72.9","86.1","91.6","94.8","88.4","83.6","106.3","0.3","-0.4","0.3","-2.0","-0.3","5.6","2.0","0.8","0.3","-1.8","1.5","0.3","1.8","0.6","0.8","1.7","2.9","0.3","-1.5","0.7","-6.2","-2.3","2.7","2.9","-18.0","-0.5","-24.8","3.8","3.7","-4.2","0.4","4.0","0.4","4.6","2.1","4.4","3.1","8.5","7.4","11.4","-2.0","0.3","4.7","-5.9","2.7","14.6","0.5","-4.4","-1.1","-11.9","0.5","-1.0","0.6","-0.3","0.8","0.4","1.1","3.7","2.4","-3.6","1.4","3.0","4.9","-0.6","-0.9","0.6","4.6","2.1","3.3","2.5","-17.3","0.0","-15.8","3.3","-3.4","0.2","-1.1","3.4","1.9","2.3","1.7","1.9","2.3","8.1","4.4","8.0","-2.5","2.4","3.7","2.1","3.1","4.8","0.33","0.00","0.04","-0.03","-0.03","0.07","0.03","0.04","0.26","-0.19","0.06","0.01","0.12","0.06","0.10","0.12","0.12","0.01","-0.09","0.05","-0.09","-0.04","0.00","2.91","-0.15","-0.07","-0.45","0.40","0.05","-0.06","0.02","3.12","0.05","0.19","0.06","0.29","0.28","1.03","0.52","0.47","-0.11","0.02","0.36","-0.09","0.04","0.02","0.46","-0.03","-0.16","-0.20","0.05","-0.01","0.01","-0.01","0.66","0.05","0.04","0.09","0.15","-0.34","0.18","0.21","0.20","-0.03","-0.05","0.05","0.06","0.03","0.00","2.47","-0.14","0.00","-0.28","0.35","-0.05","0.00","-0.06","2.67","0.21","0.09","0.05","0.13","0.21","0.97","0.31","0.33","-0.14","0.15","0.28","0.03","0.05","0.01"
"2012 NOV","83.9","77.4","92.8","115.1","83.1","215.0","80.0","83.2","82.9","98.9","92.7","95.9","42.8","106.7","84.3","68.5","72.9","86.3","91.2","95.0","89.7","85.1","107.6","0.3","-0.5","0.9","7.4","0.5","-2.1","1.0","1.7","0.1","-0.6","-0.4","1.1","-0.5","-0.1","0.5","0.6","-0.1","0.3","-0.4","0.2","1.5","1.8","1.3","1.9","-17.2","0.2","-17.4","3.3","4.3","-3.9","-0.1","2.6","0.6","1.4","5.0","0.7","-0.8","7.4","5.4","7.7","-1.5","-0.2","4.0","-2.4","1.1","12.4","0.1","-3.0","-1.5","-18.5","0.9","1.8","-1.3","2.1","0.3","-0.1","1.2","2.8","2.7","-4.6","1.3","3.0","5.1","-0.4","-2.3","1.2","-8.9","-1.0","2.2","2.2","-17.6","-0.4","-21.2","3.5","0.4","-3.0","-0.5","3.0","1.3","2.1","2.9","1.8","0.9","7.8","4.7","8.1","-2.1","1.3","4.1","-3.0","1.9","7.8","0.29","0.00","0.14","0.10","0.06","-0.03","0.01","0.09","0.06","-0.07","-0.02","0.03","-0.04","-0.01","0.06","0.04","0.00","0.02","-0.03","0.02","0.02","0.03","0.00","1.92","-0.14","0.03","-0.31","0.35","0.05","-0.05","0.00","2.04","0.06","0.06","0.13","0.05","-0.08","0.90","0.38","0.32","-0.08","-0.02","0.31","-0.03","0.02","0.02","0.09","-0.02","-0.22","-0.31","0.09","0.02","-0.02","0.11","0.22","-0.01","0.05","0.07","0.17","-0.44","0.16","0.21","0.21","-0.02","-0.15","0.09","-0.13","-0.02","0.00","2.16","-0.14","-0.06","-0.38","0.37","0.01","-0.04","-0.03","2.39","0.14","0.08","0.08","0.12","0.08","0.95","0.33","0.34","-0.12","0.08","0.31","-0.04","0.03","0.01"
"2012 DEC","83.6","76.2","93.7","116.1","84.3","217.6","78.3","82.6","82.4","98.2","92.6","94.9","42.8","106.4","83.8","67.5","72.7","85.9","90.3","95.0","87.3","85.7","105.6","-0.4","-1.5","1.0","0.9","1.4","1.2","-2.2","-0.7","-0.6","-0.8","-0.1","-1.0","-0.1","-0.3","-0.6","-1.5","-0.3","-0.4","-0.9","-0.1","-2.8","0.7","-1.9","0.7","-15.9","0.4","-13.4","3.3","4.4","-7.8","-4.8","1.3","-0.7","-0.2","3.3","1.3","-4.2","5.8","3.4","9.6","-1.7","-1.2","3.0","-4.5","0.6","7.4","-0.1","-2.1","-0.5","-11.6","0.6","4.3","-1.2","2.3","-0.2","-1.9","1.1","1.7","2.0","-2.6","1.1","1.3","3.8","0.0","-2.8","1.1","-13.0","-1.8","1.1","1.8","-17.0","0.0","-18.6","3.5","4.1","-5.3","-1.6","2.6","0.1","1.9","3.5","2.1","-0.7","7.2","5.4","9.5","-1.7","-0.4","3.9","-4.3","1.4","11.4","-0.36","-0.01","0.14","0.01","0.14","0.02","-0.03","-0.04","-0.46","-0.08","0.00","-0.03","-0.01","-0.03","-0.07","-0.11","-0.01","-0.02","-0.06","0.00","-0.04","0.01","0.00","0.72","-0.12","0.06","-0.23","0.35","0.06","-0.11","-0.27","1.06","-0.08","-0.01","0.09","0.09","-0.39","0.71","0.24","0.39","-0.09","-0.07","0.23","-0.06","0.01","0.01","-0.11","-0.01","-0.08","-0.18","0.07","0.05","-0.02","0.12","-0.14","-0.20","0.04","0.04","0.13","-0.24","0.14","0.10","0.16","0.00","-0.17","0.08","-0.20","-0.03","0.00","1.85","-0.14","0.01","-0.33","0.36","0.05","-0.07","-0.09","2.06","0.01","0.08","0.09","0.14","-0.07","0.88","0.38","0.39","-0.09","-0.02","0.30","-0.06","0.02","0.02"
"2013 JAN","83.5","74.5","92.5","119.1","82.6","219.1","76.5","81.7","82.5","98.0","93.6","98.2","44.1","102.7","83.3","69.7","72.6","85.1","89.9","94.1","88.7","88.0","101.4","-0.2","-2.2","-1.3","2.6","-2.0","0.7","-2.3","-1.1","0.1","-0.2","1.1","3.4","3.0","-3.4","-0.6","3.2","-0.2","-1.0","-0.5","-0.9","1.7","2.7","-3.9","0.1","-15.1","-0.5","-11.5","1.8","7.2","-10.8","-1.1","0.5","-0.8","4.0","6.9","-0.1","-9.8","4.8","4.2","4.5","-2.2","-2.0","2.1","-1.6","6.7","-4.4","-0.1","-2.7","0.6","-0.5","0.8","2.4","-1.7","1.8","-0.4","-2.2","0.5","1.9","1.3","-2.4","0.5","1.4","1.6","-0.3","-2.4","0.5","-8.7","0.5","0.2","0.9","-16.1","0.0","-14.1","2.8","5.3","-7.5","-2.0","1.5","-0.3","1.7","5.1","0.6","-5.0","6.0","4.3","7.2","-1.8","-1.1","3.0","-2.9","2.7","4.8","-0.19","-0.02","-0.19","0.04","-0.21","0.01","-0.03","-0.06","0.07","-0.02","0.05","0.09","0.19","-0.30","-0.07","0.23","-0.01","-0.05","-0.03","-0.07","0.02","0.04","-0.01","0.14","-0.11","-0.07","-0.20","0.18","0.11","-0.16","-0.06","0.38","-0.09","0.16","0.18","-0.01","-0.91","0.59","0.30","0.19","-0.12","-0.13","0.16","-0.02","0.11","-0.01","-0.15","-0.02","0.09","-0.01","0.08","0.04","-0.02","0.10","-0.31","-0.24","0.02","0.05","0.08","-0.21","0.06","0.10","0.07","-0.01","-0.15","0.04","-0.13","0.01","0.00","0.92","-0.13","0.00","-0.25","0.29","0.08","-0.11","-0.11","1.15","-0.03","0.07","0.14","0.04","-0.46","0.74","0.31","0.30","-0.10","-0.07","0.23","-0.04","0.04","0.01"
"2013 FEB","84.2","73.1","92.8","112.2","83.1","226.6","78.7","84.5","83.2","99.2","94.2","98.3","44.1","106.7","83.3","70.3","73.5","84.8","90.0","94.5","92.5","87.3","106.5","0.9","-1.9","0.4","-5.8","0.5","3.5","2.9","3.4","0.8","1.2","0.6","0.1","0.1","3.9","0.0","0.8","1.2","-0.4","0.1","0.4","4.2","-0.8","5.0","1.7","-14.0","0.3","-18.3","1.7","8.8","4.4","4.9","1.9","-0.3","3.1","10.8","1.2","-0.8","4.3","4.5","6.9","-2.2","-1.3","0.5","3.9","4.0","4.0","0.1","-4.0","1.0","4.7","0.5","3.2","-1.4","1.2","-0.1","-1.5","1.1","2.2","2.1","-1.3","-0.4","1.9","0.9","-0.9","-2.0","-0.2","-1.5","2.6","-1.2","0.9","-15.0","0.0","-14.4","2.3","6.8","-5.1","-0.4","1.2","-0.6","2.3","7.0","0.8","-5.0","5.0","4.1","6.9","-2.0","-1.5","1.9","-0.8","3.7","2.2","0.89","-0.01","0.06","-0.09","0.06","0.06","0.04","0.19","0.66","0.12","0.03","0.00","0.00","0.32","-0.01","0.06","0.06","-0.02","0.01","0.03","0.06","-0.01","0.01","1.70","-0.10","0.04","-0.33","0.18","0.13","0.06","0.27","1.50","-0.03","0.13","0.28","0.08","-0.07","0.54","0.33","0.29","-0.12","-0.08","0.04","0.05","0.06","0.01","0.11","-0.03","0.15","0.07","0.05","0.05","-0.02","0.06","-0.07","-0.16","0.04","0.06","0.13","-0.11","-0.05","0.13","0.04","-0.05","-0.12","-0.01","-0.02","0.04","0.00","0.86","-0.11","0.01","-0.26","0.24","0.10","-0.07","-0.02","0.98","-0.06","0.09","0.18","0.05","-0.45","0.61","0.29","0.29","-0.11","-0.09","0.14","-0.01","0.06","0.00"
"2013 MAR","84.1","72.4","93.5","107.6","84.2","240.4","74.2","84.7","82.9","96.3","94.6","98.9","44.0","107.4","83.4","69.3","73.1","84.5","89.6","95.6","93.1","87.0","111.3","-0.2","-1.0","0.7","-4.1","1.4","6.1","-5.8","0.2","-0.3","-2.9","0.5","0.6","-0.3","0.7","0.2","-1.4","-0.5","-0.3","-0.4","1.2","0.7","-0.4","4.5","1.4","-13.6","1.3","-22.3","3.2","24.1","-4.6","3.1","1.4","-4.7","2.1","7.3","0.7","2.7","3.7","3.3","7.0","-2.3","-1.9","2.6","6.1","0.5","10.7","0.2","-4.9","0.2","0.1","-0.1","5.2","-3.4","1.4","0.2","-1.1","1.5","3.4","2.6","-1.0","-0.8","2.5","0.3","-1.5","-1.3","-0.2","3.3","3.1","-0.1","1.1","-14.2","0.4","-17.4","2.2","13.2","-4.0","2.3","1.3","-1.9","3.1","8.3","0.6","-2.8","4.3","4.0","6.1","-2.2","-1.7","1.7","2.7","3.7","3.3","-0.16","-0.01","0.11","-0.06","0.15","0.10","-0.08","0.01","-0.27","-0.30","0.02","0.02","-0.02","0.06","0.02","-0.10","-0.02","-0.02","-0.03","0.09","0.01","-0.01","0.01","1.39","-0.10","0.20","-0.41","0.34","0.34","-0.06","0.17","1.12","-0.50","0.08","0.20","0.04","0.24","0.47","0.24","0.29","-0.12","-0.12","0.20","0.08","0.01","0.01","0.21","-0.03","0.03","0.00","-0.01","0.08","-0.05","0.08","0.13","-0.11","0.06","0.09","0.17","-0.09","-0.10","0.18","0.01","-0.08","-0.08","-0.02","0.05","0.05","0.00","1.08","-0.11","0.05","-0.31","0.23","0.19","-0.05","0.13","1.00","-0.21","0.12","0.22","0.04","-0.25","0.53","0.29","0.26","-0.12","-0.11","0.13","0.04","0.06","0.00"
"2013 APR","84.3","72.5","93.9","108.4","84.7","237.8","75.1","83.4","83.2","97.6","92.1","98.7","44.6","106.2","83.7","69.5","74.8","84.6","90.4","95.7","95.2","86.6","112.6","0.3","0.3","0.4","0.7","0.5","-1.1","1.3","-1.5","0.4","1.4","-2.6","-0.2","1.4","-1.1","0.4","0.4","2.3","0.2","0.9","0.1","2.3","-0.4","1.2","2.2","-13.4","1.6","-17.7","4.2","9.4","-4.2","2.0","2.5","-2.3","0.7","8.1","5.3","0.9","3.9","4.7","12.3","-2.3","-0.9","2.2","7.9","3.7","17.0","0.6","-4.4","0.5","-6.4","0.8","8.1","-2.9","2.1","0.6","-0.7","0.7","2.4","2.3","1.4","-0.4","1.6","1.5","-1.3","-0.6","0.6","5.7","0.8","5.0","1.8","-13.7","1.0","-19.5","3.1","13.8","-1.5","3.3","1.9","-2.5","2.0","8.7","2.4","0.9","4.0","4.2","8.7","-2.3","-1.4","1.8","5.9","2.7","10.4","0.28","0.00","0.06","0.01","0.06","-0.02","0.02","-0.08","0.30","0.14","-0.11","0.00","0.09","-0.09","0.05","0.03","0.10","0.01","0.05","0.01","0.03","-0.01","0.00","2.19","-0.10","0.24","-0.31","0.44","0.15","-0.06","0.11","1.93","-0.25","0.03","0.22","0.33","0.08","0.49","0.34","0.51","-0.12","-0.06","0.17","0.11","0.06","0.02","0.63","-0.03","0.08","-0.10","0.08","0.13","-0.04","0.11","0.47","-0.07","0.03","0.07","0.14","0.12","-0.05","0.12","0.07","-0.07","-0.03","0.04","0.08","0.01","0.01","1.76","-0.10","0.16","-0.35","0.32","0.21","-0.02","0.18","1.52","-0.26","0.08","0.23","0.15","0.08","0.50","0.30","0.37","-0.12","-0.08","0.13","0.08","0.04","0.01"
"2013 MAY","84.5","73.4","94.2","111.4","85.2","227.2","76.3","85.8","83.2","97.2","93.7","101.0","44.9","103.5","84.2","69.4","76.6","85.0","89.7","94.6","95.6","87.9","104.9","0.2","1.2","0.3","2.8","0.6","-4.4","1.5","2.8","0.0","-0.4","1.7","2.3","0.7","-2.6","0.6","-0.3","2.3","0.5","-0.8","-1.1","0.4","1.4","-6.8","0.9","-11.9","0.7","-13.2","3.0","3.7","-4.0","3.1","0.9","-4.2","1.0","11.7","5.1","-6.7","3.2","3.2","10.1","-1.8","-2.1","0.9","9.3","5.2","7.5","0.6","-2.4","1.0","-5.8","1.7","6.3","-3.4","2.0","0.5","-1.4","0.0","2.4","1.9","0.4","0.4","0.3","2.6","-0.6","-0.2","0.8","5.7","0.2","4.9","1.5","-13.0","1.2","-17.9","3.5","11.9","-4.3","2.7","1.6","-3.8","1.3","9.0","3.7","-1.2","3.6","3.7","9.8","-2.1","-1.6","1.9","7.7","3.1","11.7","0.20","0.01","0.05","0.04","0.07","-0.08","0.02","0.15","-0.01","-0.04","0.07","0.07","0.05","-0.22","0.07","-0.02","0.10","0.02","-0.05","-0.09","0.01","0.02","-0.01","0.90","-0.08","0.10","-0.22","0.31","0.06","-0.05","0.17","0.71","-0.45","0.04","0.31","0.32","-0.61","0.40","0.23","0.43","-0.10","-0.13","0.07","0.13","0.08","0.01","0.63","-0.02","0.15","-0.09","0.18","0.10","-0.04","0.11","0.38","-0.15","0.00","0.07","0.12","0.04","0.05","0.03","0.12","-0.03","-0.01","0.06","0.08","0.00","0.01","1.49","-0.09","0.18","-0.31","0.36","0.18","-0.06","0.15","1.25","-0.40","0.05","0.24","0.23","-0.10","0.45","0.27","0.41","-0.11","-0.10","0.14","0.11","0.05","0.02"
"2013 JUN","84.7","74.9","95.4","110.9","86.8","220.2","78.7","87.1","83.2","97.2","95.0","100.6","43.4","102.8","84.5","69.7","77.0","85.0","89.6","95.7","95.7","87.5","106.0","0.2","2.1","1.2","-0.4","1.9","-3.1","3.2","1.5","-0.1","-0.1","1.3","-0.3","-3.3","-0.7","0.4","0.5","0.6","-0.1","0.0","1.2","0.1","-0.4","1.0","2.4","-8.6","3.5","-16.9","7.1","2.8","1.8","8.8","1.9","-1.7","4.9","10.4","5.9","-9.1","2.8","10.3","15.8","-1.9","-5.1","2.8","8.5","5.0","8.0","0.7","0.4","1.7","-2.4","2.7","-0.1","0.3","2.1","0.4","-0.5","-0.6","1.7","0.6","-1.3","1.0","-0.3","4.2","0.1","0.1","0.6","4.4","-0.1","1.4","1.8","-11.3","1.9","-16.0","4.8","5.3","-2.2","4.6","1.8","-2.8","2.2","10.1","5.4","-5.1","3.3","6.0","12.7","-2.0","-2.7","2.0","8.5","4.6","10.8","0.24","0.01","0.19","-0.01","0.20","-0.05","0.04","0.09","-0.04","-0.01","0.05","-0.01","-0.22","-0.06","0.05","0.04","0.03","0.00","0.00","0.09","0.00","-0.01","0.00","2.43","-0.06","0.52","-0.30","0.74","0.04","0.02","0.47","1.50","-0.18","0.19","0.28","0.36","-0.85","0.35","0.70","0.65","-0.10","-0.33","0.21","0.12","0.08","0.01","0.69","0.00","0.25","-0.04","0.29","0.00","0.00","0.12","0.31","-0.05","-0.02","0.05","0.04","-0.11","0.13","-0.02","0.19","0.01","0.01","0.05","0.06","0.00","0.00","1.83","-0.08","0.29","-0.28","0.50","0.08","-0.03","0.25","1.38","-0.29","0.09","0.27","0.34","-0.46","0.41","0.42","0.53","-0.11","-0.17","0.15","0.12","0.07","0.01"
"2013 JUL","84.9","76.4","95.3","111.4","86.8","214.3","79.7","86.0","83.5","97.4","95.8","101.4","45.1","101.5","85.1","71.0","76.9","85.2","89.4","94.1","97.3","86.3","104.7","0.2","2.0","-0.1","0.4","0.0","-2.7","1.2","-1.3","0.4","0.2","0.9","0.8","4.0","-1.2","0.7","1.9","-0.2","0.2","-0.2","-1.7","1.7","-1.4","-1.2","1.3","-4.2","0.9","-19.2","4.4","2.5","-1.3","6.8","1.0","-2.8","5.3","10.2","9.3","-9.1","2.8","6.6","11.9","-1.4","-5.2","0.1","-5.1","1.0","-3.3","0.6","3.1","1.6","1.7","2.7","-6.1","2.9","2.4","0.2","-0.5","1.3","2.4","0.6","-3.9","1.4","0.5","4.1","0.5","-0.4","-0.5","2.8","0.3","-4.5","1.5","-8.3","1.7","-16.5","4.8","3.0","-1.2","6.2","1.3","-2.9","3.7","10.7","6.8","-8.3","2.9","6.6","12.5","-1.7","-4.2","1.3","3.7","3.7","3.8","0.23","0.01","-0.02","0.01","0.00","-0.04","0.02","-0.07","0.32","0.02","0.04","0.02","0.25","-0.10","0.09","0.14","-0.01","0.01","-0.01","-0.13","0.02","-0.02","0.00","1.26","-0.03","0.13","-0.35","0.46","0.04","-0.02","0.36","0.79","-0.30","0.21","0.27","0.56","-0.83","0.36","0.47","0.50","-0.07","-0.33","0.01","-0.08","0.02","-0.01","0.57","0.02","0.25","0.02","0.29","-0.10","0.04","0.14","0.17","-0.05","0.05","0.07","0.04","-0.34","0.18","0.04","0.18","0.03","-0.02","-0.04","0.04","0.00","-0.01","1.53","-0.06","0.25","-0.29","0.50","0.05","-0.02","0.33","1.00","-0.31","0.15","0.29","0.41","-0.76","0.37","0.47","0.52","-0.09","-0.26","0.10","0.05","0.06","0.01"
"2013 AUG","85.1","77.6","94.5","105.5","86.6","209.4","80.3","88.5","83.7","97.3","94.8","102.2","45.0","101.6","85.4","71.9","78.6","85.0","89.7","94.4","95.2","86.4","102.6","0.3","1.5","-0.8","-5.3","-0.2","-2.3","0.8","3.0","0.2","-0.1","-1.0","0.8","-0.3","0.1","0.3","1.2","2.2","-0.1","0.3","0.3","-2.2","0.2","-2.0","1.0","-1.2","0.8","-22.1","5.1","0.6","-2.1","10.2","0.4","-3.6","2.4","8.4","5.7","-8.2","2.6","5.9","10.8","-1.3","-4.0","0.9","-12.2","-2.0","-1.5","0.7","4.9","1.2","0.2","2.4","-8.7","5.8","3.0","0.4","0.2","1.8","1.9","0.1","-3.5","1.5","2.2","3.6","0.4","-0.3","-0.6","1.5","-0.5","-4.7","1.5","-4.7","1.7","-19.4","5.5","2.0","-0.6","8.6","1.1","-2.7","4.2","9.6","7.0","-8.8","2.7","7.6","12.7","-1.5","-4.8","1.2","-3.7","1.3","0.9","0.25","0.01","-0.12","-0.08","-0.02","-0.04","0.01","0.17","0.19","-0.01","-0.04","0.02","-0.02","0.00","0.04","0.09","0.10","-0.01","0.02","0.03","-0.03","0.00","0.00","0.96","-0.01","0.13","-0.39","0.53","0.01","-0.03","0.54","0.31","-0.38","0.10","0.23","0.35","-0.73","0.34","0.43","0.46","-0.07","-0.25","0.07","-0.20","-0.03","0.00","0.71","0.03","0.19","0.00","0.26","-0.15","0.07","0.17","0.33","0.02","0.07","0.06","0.01","-0.30","0.19","0.16","0.16","0.02","-0.02","-0.04","0.02","-0.01","-0.01","1.54","-0.03","0.26","-0.34","0.58","0.03","-0.01","0.45","0.86","-0.29","0.17","0.26","0.43","-0.80","0.35","0.53","0.54","-0.08","-0.30","0.09","-0.06","0.02","0.00"
"2013 SEP","85.2","77.9","96.2","112.8","87.8","215.5","79.2","87.3","83.6","98.6","91.9","98.7","45.9","101.2","85.5","71.2","78.9","84.8","88.8","94.4","95.8","86.3","108.4","0.1","0.4","1.8","6.9","1.4","2.9","-1.4","-1.3","-0.1","1.3","-3.0","-3.5","1.9","-0.4","0.2","-1.0","0.4","-0.3","-1.1","0.0","0.7","-0.2","5.7","2.1","-0.3","5.0","3.2","5.9","3.5","1.9","7.7","1.2","-2.7","0.3","4.4","8.4","-4.7","2.8","6.3","11.3","-1.2","-4.5","0.2","1.6","0.8","4.8","0.7","5.0","0.9","-0.3","1.8","-6.7","3.9","2.1","0.5","0.4","0.6","0.7","2.4","-2.6","1.4","2.6","2.6","0.2","-0.6","-1.1","0.6","-1.2","-2.4","1.4","-1.9","2.2","-13.9","5.1","2.2","-0.5","8.2","0.9","-3.1","2.7","7.6","7.8","-7.4","2.8","6.3","11.3","-1.3","-4.6","0.4","-5.5","-0.1","-0.1","0.09","0.00","0.27","0.09","0.15","0.04","-0.02","-0.08","-0.10","0.13","-0.12","-0.10","0.12","-0.03","0.02","-0.07","0.02","-0.01","-0.06","0.00","0.01","0.00","0.01","2.12","0.00","0.74","0.05","0.62","0.05","0.03","0.41","0.98","-0.29","0.01","0.12","0.52","-0.41","0.36","0.45","0.49","-0.06","-0.28","0.02","0.02","0.01","0.01","0.66","0.03","0.13","0.00","0.19","-0.11","0.05","0.12","0.38","0.04","0.03","0.02","0.15","-0.22","0.18","0.19","0.12","0.01","-0.04","-0.08","0.01","-0.02","0.00","1.45","-0.01","0.33","-0.23","0.54","0.03","-0.01","0.44","0.69","-0.32","0.11","0.21","0.48","-0.66","0.35","0.45","0.48","-0.07","-0.29","0.03","-0.09","0.00","0.00"
"2013 OCT","85.7","78.7","95.6","108.1","87.5","213.9","80.1","88.7","84.3","98.4","94.6","98.3","46.4","102.0","86.0","72.0","80.3","85.5","89.6","94.3","99.7","88.4","111.2","0.7","1.1","-0.6","-4.2","-0.3","-0.7","1.1","1.5","0.8","-0.2","2.9","-0.4","1.1","0.8","0.6","1.2","1.7","0.8","0.9","-0.1","4.1","2.5","2.6","2.5","1.3","4.1","0.9","5.9","-2.7","1.1","8.5","1.8","-1.2","1.6","3.6","7.6","-4.6","2.6","5.7","10.1","-0.7","-2.2","-0.5","12.8","5.7","4.7","0.8","4.2","0.5","-2.2","1.2","-3.5","2.1","2.2","0.7","0.9","-1.1","-1.3","2.9","-1.0","1.2","2.4","3.2","0.1","-0.2","-0.5","0.8","-0.2","2.1","1.8","-0.1","3.3","-7.3","5.6","0.4","0.3","8.8","1.1","-2.5","1.4","5.5","7.2","-5.9","2.7","6.0","10.7","-1.0","-3.6","0.2","-0.1","1.4","2.7","0.66","0.01","-0.09","-0.06","-0.04","-0.01","0.01","0.09","0.66","-0.02","0.11","-0.01","0.07","0.07","0.08","0.09","0.08","0.04","0.05","0.00","0.06","0.04","0.00","2.45","0.01","0.60","0.01","0.62","-0.04","0.01","0.46","1.39","-0.12","0.07","0.10","0.48","-0.40","0.33","0.42","0.45","-0.03","-0.13","-0.04","0.17","0.09","0.01","0.77","0.03","0.08","-0.03","0.13","-0.06","0.03","0.12","0.55","0.09","-0.05","-0.04","0.18","-0.08","0.15","0.18","0.15","0.00","-0.01","-0.04","0.01","0.00","0.00","1.84","0.00","0.49","-0.11","0.59","0.01","0.00","0.47","0.89","-0.26","0.06","0.15","0.45","-0.52","0.34","0.43","0.47","-0.05","-0.22","0.01","0.00","0.02","0.00"
"2013 NOV","85.7","81.5","95.6","105.2","87.3","222.4","80.2","86.8","84.4","100.0","94.7","98.7","46.4","102.2","86.3","71.5","81.4","85.5","87.3","94.0","98.9","87.3","116.1","0.0","3.5","0.0","-2.7","-0.3","4.0","0.1","-2.1","0.1","1.6","0.1","0.4","0.1","0.2","0.3","-0.8","1.4","0.0","-2.5","-0.4","-0.8","-1.2","4.4","2.1","5.4","3.0","-8.7","5.0","3.4","0.2","4.4","1.8","1.1","2.2","3.0","8.3","-4.2","2.4","4.3","11.7","-1.0","-4.2","-1.1","10.3","2.6","8.0","0.8","4.0","0.8","-0.6","0.9","1.2","0.3","0.5","0.8","1.8","-1.5","-2.8","3.8","-0.2","1.1","1.0","3.4","0.2","-1.2","-0.6","2.2","0.7","7.2","2.2","2.1","4.0","-1.7","5.6","1.4","1.1","6.8","1.6","-1.0","1.4","3.7","8.1","-4.5","2.6","5.4","11.0","-0.9","-3.6","-0.5","8.1","3.0","5.8","-0.05","0.02","-0.01","-0.04","-0.03","0.06","0.00","-0.12","0.05","0.16","0.01","0.01","0.01","0.02","0.04","-0.06","0.07","0.00","-0.15","-0.03","-0.01","-0.02","0.01","2.11","0.04","0.45","-0.13","0.53","0.05","0.00","0.24","1.38","0.11","0.09","0.08","0.52","-0.37","0.31","0.31","0.52","-0.05","-0.26","-0.08","0.14","0.04","0.01","0.76","0.03","0.12","-0.01","0.10","0.02","0.00","0.03","0.59","0.18","-0.06","-0.08","0.25","-0.01","0.14","0.07","0.16","0.01","-0.07","-0.04","0.03","0.01","0.01","2.23","0.01","0.60","-0.02","0.59","0.02","0.01","0.37","1.25","-0.10","0.06","0.10","0.51","-0.39","0.33","0.39","0.49","-0.05","-0.23","-0.04","0.11","0.05","0.01"
"2013 DEC","85.4","87.7","95.5","111.6","87.1","209.4","81.6","86.4","84.0","98.8","93.6","95.2","46.2","100.6","86.6","70.7","80.6","85.8","89.2","94.6","98.1","85.8","114.5","-0.3","7.6","-0.1","6.1","-0.2","-5.8","1.8","-0.4","-0.5","-1.2","-1.1","-3.6","-0.4","-1.6","0.3","-1.1","-1.0","0.3","2.2","0.7","-0.9","-1.7","-1.4","2.1","15.1","2.0","-3.9","3.4","-3.7","4.3","4.6","1.9","0.6","1.1","0.3","8.0","-5.5","3.4","4.8","10.8","-0.2","-1.2","-0.4","12.4","0.2","8.5","0.7","6.9","0.2","-1.5","0.3","1.0","1.2","0.0","0.7","1.3","0.1","-3.3","2.2","0.2","1.2","0.0","3.3","0.7","-0.7","0.0","2.9","1.0","8.3","2.2","7.2","3.0","-4.0","4.7","-1.0","1.8","5.8","1.8","0.2","1.7","2.3","8.0","-4.7","2.8","4.9","10.8","-0.6","-2.6","-0.7","11.8","2.8","7.1","-0.35","0.05","-0.01","0.08","-0.02","-0.09","0.02","-0.02","-0.37","-0.12","-0.05","-0.10","-0.03","-0.13","0.04","-0.08","-0.05","0.02","0.13","0.05","-0.01","-0.03","0.00","2.12","0.10","0.30","-0.06","0.36","-0.06","0.06","0.25","1.47","0.07","0.05","0.01","0.50","-0.47","0.43","0.34","0.48","-0.01","-0.08","-0.03","0.17","0.00","0.01","0.66","0.05","0.04","-0.02","0.03","0.02","0.02","0.00","0.57","0.13","0.00","-0.10","0.14","0.01","0.15","0.00","0.16","0.03","-0.04","0.00","0.04","0.02","0.01","2.23","0.05","0.45","-0.06","0.50","-0.02","0.02","0.32","1.41","0.02","0.07","0.06","0.50","-0.41","0.36","0.36","0.48","-0.03","-0.16","-0.05","0.16","0.04","0.01"
"2014 JAN","85.9","92.7","95.6","108.5","87.7","203.8","83.0","88.4","84.4","101.1","95.5","94.4","47.2","97.9","86.6","72.0","80.9","85.3","89.1","94.7","99.8","88.0","125.3","0.6","5.7","0.0","-2.7","0.6","-2.7","1.7","2.3","0.5","2.4","2.0","-0.9","2.1","-2.6","0.0","1.9","0.4","-0.6","-0.2","0.1","1.8","2.5","9.4","2.9","24.4","3.3","-8.9","6.1","-7.0","8.5","8.2","2.3","3.2","2.1","-3.9","7.1","-4.7","3.9","3.4","11.4","0.2","-0.9","0.6","12.5","0.0","23.5","0.4","11.8","0.1","-0.4","0.0","-0.5","2.2","-1.1","0.4","1.9","0.9","-3.6","1.9","-1.3","1.0","-0.4","2.1","0.4","-0.9","0.1","2.1","0.0","10.5","2.4","14.8","2.8","-7.2","4.8","-2.5","4.3","5.7","2.0","1.6","1.8","-0.2","7.8","-4.8","3.2","4.1","11.3","-0.3","-2.1","-0.3","11.7","0.9","13.2","0.59","0.05","0.01","-0.04","0.07","-0.04","0.02","0.13","0.41","0.24","0.08","-0.02","0.13","-0.23","0.00","0.14","0.02","-0.03","-0.01","0.01","0.03","0.04","0.01","2.92","0.17","0.50","-0.15","0.64","-0.11","0.11","0.45","1.81","0.33","0.08","-0.11","0.43","-0.42","0.49","0.25","0.50","0.01","-0.05","0.05","0.18","0.00","0.03","0.39","0.09","0.02","-0.01","0.00","-0.01","0.03","-0.06","0.35","0.19","0.04","-0.10","0.12","-0.12","0.13","-0.03","0.10","0.02","-0.06","0.00","0.03","0.00","0.02","2.38","0.11","0.42","-0.12","0.51","-0.04","0.06","0.31","1.55","0.17","0.07","-0.01","0.47","-0.44","0.41","0.30","0.50","-0.02","-0.13","-0.02","0.16","0.01","0.02"
"2014 FEB","86.4","98.6","96.3","113.6","88.1","201.0","83.3","87.2","84.9","102.5","95.2","95.6","47.4","101.5","86.5","72.1","81.3","84.7","89.4","94.6","99.6","86.5","128.8","0.6","6.4","0.7","4.7","0.6","-1.4","0.4","-1.4","0.6","1.4","-0.3","1.3","0.4","3.7","-0.1","0.0","0.5","-0.6","0.4","-0.1","-0.3","-1.7","2.8","2.6","34.9","3.7","1.3","6.1","-11.3","5.9","3.2","2.1","3.4","1.1","-2.8","7.5","-4.8","3.9","2.6","10.6","-0.1","-0.6","0.2","7.7","-0.9","21.0","0.4","17.2","0.0","2.3","0.1","-5.8","3.6","-0.3","0.4","1.9","1.1","-3.6","1.5","-1.8","0.7","0.1","0.9","0.0","0.8","0.5","1.0","-0.6","9.8","2.5","24.7","3.0","-3.9","5.2","-7.4","6.2","5.3","2.1","2.4","1.4","-2.1","7.5","-5.0","3.7","3.6","11.0","0.0","-0.9","0.1","10.8","-0.3","17.6","0.57","0.05","0.11","0.07","0.06","-0.02","0.01","-0.08","0.48","0.15","-0.01","0.03","0.03","0.31","-0.01","0.00","0.02","-0.03","0.02","0.00","0.00","-0.03","0.00","2.59","0.24","0.55","0.02","0.64","-0.19","0.08","0.18","1.63","0.36","0.04","-0.08","0.45","-0.45","0.48","0.19","0.47","0.00","-0.04","0.01","0.11","-0.01","0.03","0.42","0.13","0.00","0.03","0.01","-0.09","0.05","-0.02","0.31","0.19","0.05","-0.10","0.10","-0.15","0.09","0.00","0.04","0.00","0.05","0.03","0.01","-0.01","0.02","2.54","0.17","0.45","-0.06","0.55","-0.12","0.08","0.29","1.63","0.25","0.06","-0.06","0.45","-0.46","0.47","0.26","0.48","0.00","-0.06","0.01","0.15","0.00","0.03"
"2014 MAR","86.8","102.6","95.7","112.7","88.1","194.7","82.4","86.8","85.5","104.1","96.3","96.2","47.7","102.9","86.8","72.5","81.8","84.7","89.4","94.8","97.5","88.1","124.0","0.4","4.1","-0.5","-0.8","-0.1","-3.1","-1.1","-0.4","0.6","1.5","1.1","0.7","0.7","1.3","0.3","0.7","0.6","0.0","0.0","0.1","-2.1","1.8","-3.8","3.2","41.8","2.4","4.8","4.5","-19.0","11.2","2.5","3.1","8.1","1.8","-2.7","8.6","-4.2","4.0","4.7","11.8","0.3","-0.1","-0.9","4.7","1.3","11.4","0.9","18.6","0.3","3.1","0.7","-7.2","2.9","0.2","0.8","3.6","1.5","-2.1","2.4","-0.8","0.4","1.1","0.7","-0.8","0.7","0.4","0.0","0.4","10.6","2.9","33.6","3.1","-1.2","5.6","-12.6","8.5","4.6","2.5","4.9","1.6","-3.1","7.7","-4.6","4.0","3.6","11.3","0.1","-0.5","0.0","8.2","0.1","18.4","0.43","0.04","-0.08","-0.01","-0.01","-0.05","-0.02","-0.02","0.50","0.16","0.04","0.02","0.05","0.11","0.04","0.05","0.03","0.00","0.00","0.01","-0.03","0.03","-0.01","3.19","0.28","0.36","0.07","0.48","-0.34","0.14","0.14","2.41","0.83","0.07","-0.07","0.52","-0.39","0.50","0.35","0.52","0.01","-0.01","-0.07","0.07","0.02","0.02","0.86","0.14","0.05","0.04","0.08","-0.11","0.04","0.01","0.66","0.37","0.06","-0.06","0.15","-0.07","0.05","0.08","0.03","-0.04","0.04","0.03","0.00","0.01","0.02","2.90","0.23","0.47","-0.02","0.59","-0.21","0.11","0.25","1.95","0.51","0.07","-0.09","0.47","-0.42","0.49","0.26","0.50","0.01","-0.03","0.00","0.12","0.00","0.03"
"2014 APR","86.9","105.6","95.5","110.6","88.2","193.3","81.3","89.0","85.6","104.2","95.4","97.8","49.3","102.2","86.6","72.6","81.2","84.5","89.4","95.0","97.1","89.0","116.9","0.2","2.9","-0.3","-1.9","0.1","-0.8","-1.4","2.5","0.1","0.1","-0.9","1.6","3.2","-0.7","-0.2","0.0","-0.7","-0.3","-0.1","0.3","-0.4","1.1","-5.7","3.1","45.6","1.6","2.1","4.1","-18.7","8.2","6.7","2.8","6.8","3.5","-0.9","10.5","-3.8","3.4","4.4","8.6","-0.2","-1.1","-0.7","2.0","2.7","3.8","1.2","17.2","0.3","3.6","0.9","-7.3","0.9","0.5","1.3","3.7","1.1","0.4","3.3","2.0","0.1","1.4","0.6","-1.0","1.0","0.4","-0.9","0.9","3.8","3.0","40.7","2.6","2.7","4.9","-16.4","8.3","4.1","2.6","6.1","2.1","-2.1","8.8","-4.3","3.8","3.9","10.3","0.0","-0.6","-0.5","4.8","1.0","11.9","0.23","0.03","-0.05","-0.03","0.01","-0.01","-0.02","0.14","0.10","0.01","-0.04","0.04","0.20","-0.06","-0.03","0.00","-0.03","-0.01","0.00","0.02","-0.01","0.02","-0.01","3.13","0.31","0.25","0.03","0.44","-0.33","0.10","0.37","2.21","0.69","0.14","-0.03","0.65","-0.35","0.42","0.32","0.38","-0.01","-0.07","-0.05","0.03","0.05","0.01","1.21","0.14","0.04","0.05","0.09","-0.11","0.01","0.03","0.99","0.38","0.04","0.01","0.21","0.17","0.02","0.10","0.03","-0.05","0.06","0.03","-0.01","0.02","0.01","2.97","0.28","0.39","0.04","0.52","-0.29","0.11","0.23","2.08","0.63","0.09","-0.06","0.54","-0.39","0.47","0.29","0.46","0.00","-0.04","-0.04","0.07","0.02","0.02"
"2014 MAY","87.1","105.2","95.3","116.3","87.0","199.6","80.9","87.6","85.9","104.8","96.4","97.8","50.8","101.8","87.1","72.2","82.8","84.4","88.8","94.8","95.3","90.7","106.5","0.2","-0.4","-0.1","5.1","-1.3","3.3","-0.4","-1.5","0.4","0.6","1.1","0.0","3.1","-0.4","0.6","-0.5","2.0","-0.1","-0.6","-0.2","-1.8","1.9","-8.9","3.2","43.3","1.1","4.4","2.1","-12.1","6.1","2.2","3.3","7.8","2.8","-3.2","13.1","-1.7","3.5","4.1","8.2","-0.7","-0.9","0.2","-0.2","3.2","1.4","1.2","12.4","-0.3","1.8","0.1","-4.3","-1.3","0.6","1.5","3.5","1.3","2.3","5.0","2.3","0.3","1.2","1.3","-0.8","0.0","0.2","-2.5","2.9","-5.8","3.2","43.6","1.7","3.8","3.6","-16.7","8.5","3.8","3.1","7.6","2.7","-2.3","10.7","-3.2","3.6","4.4","9.5","-0.2","-0.7","-0.5","2.1","2.4","5.6","0.23","0.00","-0.02","0.08","-0.14","0.05","-0.01","-0.09","0.34","0.06","0.04","0.00","0.20","-0.03","0.08","-0.04","0.09","0.00","-0.03","-0.01","-0.03","0.03","-0.01","3.17","0.30","0.17","0.07","0.23","-0.20","0.08","0.12","2.58","0.80","0.12","-0.09","0.81","-0.15","0.43","0.30","0.38","-0.03","-0.06","0.02","0.00","0.05","0.00","1.23","0.11","-0.04","0.03","0.01","-0.06","-0.02","0.03","1.14","0.37","0.05","0.06","0.32","0.19","0.04","0.09","0.06","-0.04","0.00","0.02","-0.04","0.05","-0.01","3.16","0.30","0.26","0.06","0.38","-0.29","0.11","0.21","2.40","0.77","0.11","-0.06","0.66","-0.30","0.45","0.32","0.43","-0.01","-0.04","-0.03","0.03","0.04","0.01"
"2014 JUN","87.5","105.3","95.5","111.4","87.7","202.5","80.6","88.3","86.3","105.3","97.0","96.6","51.7","102.1","87.1","73.3","83.0","84.6","88.8","95.3","94.9","90.0","97.2","0.4","0.1","0.2","-4.2","0.8","1.4","-0.4","0.8","0.4","0.4","0.6","-1.2","1.9","0.3","0.0","1.6","0.2","0.2","-0.1","0.4","-0.5","-0.7","-8.7","3.3","40.6","0.2","0.5","1.1","-8.0","2.4","1.4","3.8","8.3","2.1","-4.1","19.2","-0.7","3.1","5.2","7.8","-0.5","-0.9","-0.5","-0.8","2.9","-8.3","1.0","7.6","-0.4","1.0","-0.4","-0.7","-2.4","1.0","1.2","2.1","0.6","2.1","6.7","1.2","0.4","0.7","1.3","-0.5","-0.4","0.4","-3.2","2.7","-15.2","3.2","43.1","1.0","2.3","2.4","-13.1","5.5","3.4","3.3","7.6","2.8","-2.7","14.2","-2.1","3.3","4.6","8.2","-0.4","-1.0","-0.3","0.3","3.0","-0.9","0.41","0.00","0.04","-0.06","0.09","0.02","-0.01","0.05","0.32","0.05","0.02","-0.03","0.13","0.03","0.00","0.12","0.01","0.01","0.00","0.03","-0.01","-0.01","-0.01","3.34","0.28","0.02","0.01","0.12","-0.13","0.03","0.08","2.94","0.85","0.08","-0.11","1.14","-0.06","0.38","0.38","0.36","-0.02","-0.06","-0.04","-0.01","0.05","-0.01","0.99","0.07","-0.07","0.02","-0.04","-0.01","-0.03","0.06","0.93","0.22","0.02","0.05","0.43","0.11","0.04","0.05","0.06","-0.02","-0.02","0.03","-0.05","0.04","-0.03","3.21","0.30","0.15","0.03","0.26","-0.22","0.07","0.19","2.58","0.78","0.11","-0.08","0.87","-0.19","0.41","0.33","0.37","-0.02","-0.06","-0.02","0.00","0.05","0.00"
"2014 JUL","87.9","108.6","96.5","111.7","88.6","206.2","81.1","87.9","86.7","105.6","97.4","94.9","52.2","104.0","87.1","74.1","84.3","84.1","88.4","95.5","93.7","90.3","98.9","0.5","3.1","1.0","0.2","1.0","1.8","0.7","-0.5","0.4","0.4","0.4","-1.7","1.0","1.9","0.0","1.1","1.5","-0.6","-0.4","0.2","-1.3","0.3","1.7","3.6","42.1","1.3","0.2","2.1","-3.8","1.9","2.3","3.8","8.5","1.6","-6.4","15.7","2.5","2.3","4.4","9.6","-1.3","-1.1","1.5","-3.7","4.7","-5.6","1.0","4.0","-0.1","0.7","-0.4","3.3","-1.8","0.3","1.2","1.6","1.3","-0.1","7.2","0.4","0.6","1.2","2.4","-0.3","-0.8","0.4","-3.5","2.8","-18.2","3.4","42.0","0.8","1.7","1.8","-8.1","3.4","2.0","3.6","8.2","2.2","-4.6","16.0","0.0","2.9","4.6","8.5","-0.8","-1.0","0.4","-1.6","3.6","-4.1","0.48","0.03","0.14","0.00","0.10","0.03","0.01","-0.03","0.34","0.04","0.02","-0.04","0.07","0.16","-0.01","0.08","0.07","-0.03","-0.02","0.02","-0.02","0.01","0.00","3.59","0.30","0.19","0.00","0.23","-0.06","0.02","0.13","2.97","0.87","0.07","-0.18","0.97","0.21","0.29","0.33","0.44","-0.06","-0.07","0.11","-0.06","0.08","-0.01","0.96","0.04","-0.01","0.01","-0.04","0.05","-0.02","0.02","0.91","0.17","0.05","0.00","0.46","0.04","0.07","0.09","0.11","-0.02","-0.05","0.03","-0.05","0.05","-0.03","3.37","0.29","0.13","0.03","0.19","-0.13","0.04","0.11","2.83","0.84","0.09","-0.13","0.98","0.00","0.37","0.34","0.39","-0.04","-0.06","0.03","-0.02","0.06","-0.01"
"2014 AUG","87.9","109.4","95.6","104.7","88.3","206.8","81.3","89.4","86.7","106.0","96.7","94.6","52.0","103.1","87.4","74.7","83.6","84.2","88.7","95.3","94.2","90.1","105.2","0.0","0.7","-0.8","-6.2","-0.4","0.3","0.1","1.7","0.0","0.4","-0.7","-0.3","-0.5","-0.9","0.4","0.7","-0.8","0.2","0.3","-0.1","0.6","-0.3","6.4","3.3","41.1","1.2","-0.8","1.9","-1.3","1.2","1.0","3.5","9.0","2.0","-7.4","15.5","1.5","2.4","3.9","6.4","-0.9","-1.1","1.0","-1.0","4.2","2.5","0.9","3.2","0.4","-3.5","0.5","4.7","-0.7","0.8","1.0","1.2","1.0","-1.9","5.5","0.8","0.4","2.3","2.1","-0.3","-0.6","0.5","-2.5","1.0","-13.3","3.4","41.3","0.9","0.0","1.7","-4.4","1.8","1.6","3.7","8.6","1.9","-6.0","16.8","1.1","2.6","4.5","7.9","-0.9","-1.1","0.7","-1.9","3.9","-3.8","-0.04","0.01","-0.13","-0.09","-0.04","0.00","0.00","0.09","-0.02","0.04","-0.03","-0.01","-0.04","-0.08","0.05","0.05","-0.04","0.01","0.02","-0.01","0.01","0.00","0.01","3.29","0.30","0.18","-0.01","0.20","-0.02","0.02","0.06","2.75","0.91","0.08","-0.21","0.95","0.13","0.30","0.29","0.30","-0.05","-0.07","0.07","-0.01","0.07","0.00","0.95","0.03","0.06","-0.05","0.06","0.07","-0.01","0.05","0.81","0.13","0.04","-0.05","0.36","0.07","0.05","0.17","0.10","-0.01","-0.04","0.04","-0.04","0.02","-0.02","3.41","0.29","0.13","0.00","0.18","-0.07","0.02","0.09","2.89","0.88","0.08","-0.17","1.02","0.09","0.32","0.33","0.37","-0.05","-0.06","0.05","-0.03","0.06","-0.01"
"2014 SEP","88.1","109.8","96.6","114.3","88.5","200.6","83.4","89.1","86.8","106.6","96.7","95.0","52.1","103.3","87.7","73.9","83.9","84.3","88.9","95.9","93.9","90.5","114.2","0.3","0.4","1.0","9.2","0.3","-3.0","2.7","-0.3","0.2","0.5","0.0","0.4","0.3","0.2","0.3","-1.1","0.3","0.0","0.2","0.5","-0.4","0.4","8.6","3.5","41.1","0.4","1.3","0.8","-6.9","5.4","2.1","3.8","8.1","5.2","-3.8","13.7","2.1","2.6","3.8","6.3","-0.7","0.1","1.6","-2.0","4.9","5.3","0.9","3.7","0.8","-2.3","0.9","3.0","1.2","0.5","0.9","1.3","0.7","-2.6","3.0","1.4","0.5","2.1","1.9","-0.4","-0.4","0.5","-1.9","0.4","-0.7","3.5","41.4","1.0","0.3","1.6","-4.0","2.8","1.8","3.7","8.5","2.9","-5.9","14.9","2.0","2.4","4.0","7.4","-1.0","-0.7","1.3","-2.3","4.6","0.8","0.28","0.00","0.15","0.13","0.03","-0.04","0.03","-0.02","0.14","0.06","0.00","0.01","0.02","0.01","0.04","-0.08","0.01","0.00","0.01","0.04","-0.01","0.01","0.01","3.48","0.30","0.06","0.02","0.09","-0.11","0.07","0.12","3.00","0.84","0.20","-0.10","0.86","0.18","0.32","0.28","0.30","-0.03","0.01","0.12","-0.03","0.08","0.01","0.90","0.04","0.12","-0.03","0.10","0.04","0.02","0.03","0.71","0.14","0.03","-0.07","0.20","0.12","0.06","0.16","0.09","-0.02","-0.02","0.04","-0.03","0.01","0.00","3.46","0.30","0.15","0.00","0.17","-0.06","0.04","0.10","2.91","0.87","0.12","-0.16","0.93","0.17","0.30","0.30","0.35","-0.05","-0.04","0.10","-0.03","0.07","0.00"
"2014 OCT","88.5","109.8","96.7","115.5","88.6","199.8","83.5","88.6","87.3","106.5","96.9","93.6","53.7","103.0","87.6","75.5","85.4","83.9","88.6","96.4","94.4","91.8","123.6","0.4","-0.1","0.0","1.0","0.0","-0.4","0.0","-0.6","0.5","-0.1","0.2","-1.5","2.9","-0.2","-0.1","2.2","1.8","-0.4","-0.3","0.6","0.5","1.5","8.2","3.2","39.4","1.1","6.8","1.2","-6.6","4.2","-0.1","3.5","8.3","2.4","-4.8","15.7","1.0","1.8","4.9","6.4","-1.8","-1.1","2.2","-5.4","3.9","11.1","0.7","3.1","0.6","-1.4","0.8","-0.2","2.2","1.2","0.7","1.1","-0.2","-2.1","2.0","0.5","0.5","2.0","1.1","-0.3","0.0","0.7","-0.5","0.5","13.4","3.3","40.5","0.9","2.5","1.3","-4.9","3.6","1.0","3.6","8.5","3.2","-5.4","15.0","1.5","2.2","4.2","6.4","-1.2","-0.7","1.6","-2.8","4.3","6.4","0.38","0.00","0.01","0.02","0.00","-0.01","0.00","-0.03","0.41","-0.01","0.01","-0.04","0.20","-0.02","-0.02","0.17","0.08","-0.02","-0.02","0.04","0.01","0.02","0.01","3.20","0.29","0.17","0.10","0.13","-0.10","0.06","0.00","2.74","0.84","0.10","-0.13","0.99","0.09","0.23","0.36","0.30","-0.09","-0.07","0.16","-0.08","0.06","0.02","0.73","0.03","0.08","-0.02","0.08","0.00","0.03","0.07","0.55","0.12","-0.01","-0.05","0.13","0.04","0.06","0.15","0.05","-0.01","0.00","0.05","-0.01","0.01","0.02","3.32","0.29","0.14","0.04","0.14","-0.08","0.05","0.06","2.83","0.86","0.13","-0.15","0.93","0.13","0.28","0.31","0.30","-0.06","-0.04","0.12","-0.04","0.07","0.01"
"2014 NOV","88.4","109.1","97.0","112.3","89.0","199.9","85.0","90.3","87.1","107.4","94.5","93.5","52.9","103.9","87.7","75.5","85.0","83.7","87.4","96.4","92.6","90.0","128.3","0.0","-0.6","0.3","-2.8","0.5","0.0","1.8","1.9","-0.2","0.8","-2.5","-0.1","-1.4","0.9","0.1","0.0","-0.4","-0.3","-1.4","0.1","-1.9","-1.9","3.8","3.2","33.9","1.5","6.8","2.0","-10.1","6.0","4.0","3.2","7.4","-0.2","-5.3","14.0","1.6","1.6","5.7","4.5","-2.1","0.1","2.6","-6.4","3.1","10.4","0.7","1.6","0.9","4.4","0.6","-2.5","3.7","0.9","0.6","1.1","-1.0","-1.4","1.8","0.3","0.5","1.3","1.3","-0.4","-0.4","0.9","-0.7","0.7","21.5","3.3","38.1","1.0","4.9","1.3","-7.9","5.2","2.0","3.5","7.9","2.4","-4.6","14.5","1.6","2.0","4.8","5.7","-1.5","-0.3","2.1","-4.6","3.9","9.0","-0.02","-0.01","0.05","-0.04","0.06","0.00","0.02","0.11","-0.18","0.09","-0.10","0.00","-0.10","0.07","0.02","0.00","-0.02","-0.01","-0.08","0.00","-0.03","-0.03","0.01","3.22","0.26","0.22","0.10","0.22","-0.16","0.08","0.23","2.51","0.77","-0.01","-0.14","0.88","0.14","0.20","0.42","0.21","-0.11","0.00","0.19","-0.10","0.05","0.02","0.66","0.02","0.13","0.06","0.06","-0.04","0.05","0.05","0.46","0.12","-0.04","-0.04","0.12","0.03","0.07","0.09","0.06","-0.02","-0.02","0.07","-0.01","0.01","0.03","3.30","0.28","0.15","0.07","0.14","-0.13","0.07","0.11","2.75","0.82","0.10","-0.13","0.91","0.14","0.25","0.36","0.27","-0.08","-0.02","0.16","-0.07","0.06","0.01"
"2014 DEC","88.5","108.2","98.1","112.0","90.5","205.5","82.2","89.7","87.0","106.9","94.8","93.3","52.6","104.4","87.8","74.4","85.5","83.6","87.8","96.2","96.3","90.9","121.4","0.1","-0.9","1.2","-0.2","1.7","2.8","-3.3","-0.6","0.0","-0.4","0.3","-0.2","-0.6","0.5","0.1","-1.5","0.5","-0.1","0.4","-0.2","4.0","0.9","-5.3","3.7","23.4","2.7","0.4","3.9","-1.9","0.7","3.8","3.6","8.3","1.2","-2.0","13.8","3.8","1.4","5.3","6.1","-2.5","-1.6","1.7","-1.8","5.9","6.0","0.6","-0.2","1.1","2.8","1.0","-1.4","2.0","0.8","0.5","0.8","-1.6","-1.5","1.8","0.3","0.4","1.2","1.6","-0.5","-0.9","0.8","0.5","0.7","17.3","3.4","31.9","1.8","4.6","2.4","-6.3","3.6","2.6","3.4","8.0","1.2","-4.1","14.5","2.1","1.6","5.3","5.6","-2.1","-0.9","2.2","-4.6","4.3","9.2","0.09","-0.01","0.18","0.00","0.18","0.04","-0.04","-0.04","-0.03","-0.04","0.01","0.00","-0.04","0.04","0.02","-0.11","0.03","0.00","0.02","-0.02","0.06","0.02","-0.01","3.68","0.19","0.42","0.01","0.43","-0.03","0.01","0.22","2.85","0.85","0.05","-0.05","0.87","0.33","0.18","0.39","0.29","-0.13","-0.10","0.12","-0.03","0.09","0.01","0.57","0.00","0.16","0.04","0.11","-0.02","0.03","0.05","0.37","0.09","-0.06","-0.04","0.12","0.03","0.04","0.09","0.08","-0.03","-0.05","0.06","0.01","0.01","0.02","3.37","0.24","0.27","0.07","0.26","-0.10","0.05","0.15","2.70","0.82","0.05","-0.11","0.91","0.18","0.20","0.39","0.27","-0.11","-0.05","0.16","-0.07","0.07","0.01"
"2015 JAN","88.4","102.6","97.6","115.3","89.1","210.9","82.7","91.6","86.9","107.4","92.7","92.6","53.4","102.9","87.9","75.3","86.2","83.0","88.1","95.6","91.0","89.3","116.7","-0.1","-5.2","-0.5","2.9","-1.5","2.6","0.6","2.0","-0.2","0.4","-2.2","-0.8","1.6","-1.5","0.1","1.2","0.9","-0.7","0.4","-0.7","-5.5","-1.8","-3.9","2.9","10.7","2.1","6.2","1.7","3.5","-0.4","3.6","2.9","6.2","-2.9","-1.9","13.3","5.0","1.5","4.6","6.6","-2.6","-1.1","1.0","-8.8","1.5","-6.9","0.3","-2.8","1.3","1.5","1.3","1.5","0.7","1.7","0.1","0.8","-2.8","-1.3","0.7","0.6","0.3","0.5","1.5","-0.8","-1.1","0.2","-0.9","-0.8","6.8","3.3","22.2","2.1","4.4","2.5","-3.0","2.1","3.8","3.3","7.3","-0.7","-3.1","13.7","3.5","1.5","5.2","5.7","-2.4","-0.9","1.8","-5.7","3.5","2.9","-0.14","-0.04","-0.08","0.03","-0.17","0.04","0.01","0.12","-0.13","0.04","-0.08","-0.02","0.10","-0.13","0.01","0.09","0.04","-0.03","0.02","-0.05","-0.08","-0.03","-0.01","2.93","0.08","0.32","0.07","0.18","0.06","-0.01","0.21","2.30","0.63","-0.12","-0.05","0.78","0.43","0.19","0.34","0.31","-0.13","-0.07","0.07","-0.14","0.02","-0.01","0.34","-0.02","0.19","0.02","0.13","0.02","0.01","0.10","0.08","0.08","-0.11","-0.04","0.05","0.05","0.04","0.04","0.07","-0.04","-0.07","0.02","-0.01","-0.01","0.01","3.28","0.15","0.32","0.05","0.27","-0.05","0.03","0.22","2.56","0.74","-0.03","-0.09","0.79","0.30","0.20","0.38","0.27","-0.12","-0.05","0.13","-0.09","0.06","0.00"
"2015 FEB","88.7","98.7","98.7","113.1","90.1","217.1","83.5","91.0","87.1","107.4","91.7","93.6","54.7","101.0","88.0","75.4","87.6","82.8","87.8","96.7","93.8","90.8","112.8","0.3","-3.8","1.1","-1.9","1.1","3.0","1.0","-0.6","0.2","0.0","-1.2","1.1","2.3","-1.8","0.1","0.1","1.6","-0.3","-0.3","1.2","3.1","1.7","-3.4","2.6","0.1","2.5","-0.5","2.3","8.0","0.2","4.4","2.6","4.7","-3.7","-2.1","15.4","-0.5","1.7","4.7","7.7","-2.2","-1.8","2.2","-5.8","4.9","-12.5","0.2","-5.9","1.4","-0.5","1.4","5.5","-1.4","1.6","-0.1","0.4","-3.1","-0.9","1.2","-0.6","0.3","0.1","2.0","-0.9","-0.4","-0.1","0.1","-0.5","-4.1","3.1","10.9","2.5","2.0","2.6","3.1","0.2","4.0","3.0","6.4","-1.8","-2.0","14.2","2.8","1.5","4.8","6.8","-2.4","-1.5","1.6","-5.5","4.1","-4.8","0.29","-0.03","0.16","-0.02","0.12","0.05","0.01","-0.03","0.19","0.00","-0.04","0.03","0.15","-0.15","0.01","0.01","0.08","-0.01","-0.02","0.08","0.04","0.03","-0.01","2.65","0.00","0.37","-0.01","0.24","0.13","0.00","0.26","2.01","0.48","-0.15","-0.06","0.90","-0.04","0.22","0.35","0.37","-0.11","-0.11","0.16","-0.09","0.08","-0.02","0.21","-0.05","0.21","-0.01","0.15","0.09","-0.02","0.09","-0.04","0.04","-0.12","-0.02","0.08","-0.05","0.04","0.01","0.09","-0.04","-0.03","0.00","0.00","-0.01","-0.01","3.08","0.08","0.37","0.02","0.28","0.05","0.00","0.23","2.39","0.65","-0.07","-0.06","0.82","0.24","0.20","0.36","0.32","-0.12","-0.09","0.12","-0.09","0.07","-0.01"
"2015 MAR","88.8","96.6","100.0","119.9","91.5","211.7","84.1","92.4","87.0","106.9","91.3","94.6","54.2","99.2","88.1","75.7","88.7","82.6","88.4","97.0","94.2","89.6","112.0","0.2","-2.1","1.4","6.1","1.6","-2.5","0.6","1.5","-0.1","-0.4","-0.4","1.1","-0.9","-1.8","0.1","0.4","1.2","-0.3","0.7","0.3","0.4","-1.3","-0.7","2.4","-5.9","4.5","6.4","4.0","8.7","2.0","6.4","1.8","2.7","-5.1","-1.7","13.5","-3.5","1.5","4.4","8.4","-2.6","-1.2","2.3","-3.4","1.7","-9.7","0.2","-8.9","1.6","2.5","1.0","5.7","-0.1","2.4","-0.2","0.3","-3.6","0.1","2.0","-2.6","0.3","0.4","2.6","-1.1","0.2","0.1","-1.5","-1.1","-8.5","2.7","1.4","3.0","4.0","2.6","6.7","0.6","4.8","2.4","4.5","-3.9","-1.9","14.0","0.3","1.6","4.5","7.6","-2.5","-1.4","1.8","-6.0","2.7","-9.7","0.17","-0.02","0.20","0.07","0.17","-0.04","0.01","0.09","-0.10","-0.04","-0.01","0.03","-0.06","-0.15","0.01","0.03","0.06","-0.01","0.04","0.02","0.01","-0.02","0.00","2.38","-0.05","0.66","0.08","0.42","0.14","0.03","0.37","1.40","0.28","-0.21","-0.05","0.79","-0.31","0.19","0.33","0.40","-0.13","-0.07","0.17","-0.05","0.03","-0.02","0.17","-0.08","0.23","0.03","0.11","0.09","0.00","0.14","-0.12","0.03","-0.14","0.00","0.12","-0.23","0.04","0.03","0.13","-0.05","0.01","0.01","-0.02","-0.02","-0.01","2.65","0.01","0.45","0.05","0.28","0.11","0.01","0.28","1.90","0.46","-0.16","-0.05","0.82","0.02","0.20","0.34","0.36","-0.12","-0.08","0.13","-0.09","0.04","-0.02"
"2015 APR","89.0","96.7","99.6","128.1","90.1","208.2","86.9","93.6","87.2","107.1","91.4","93.4","54.5","99.4","89.2","75.3","88.7","83.2","88.3","97.7","94.1","89.6","110.4","0.3","0.1","-0.4","6.8","-1.6","-1.6","3.4","1.3","0.3","0.2","0.1","-1.3","0.6","0.1","1.2","-0.5","0.1","0.7","-0.1","0.8","-0.1","0.0","-1.4","2.4","-8.4","4.3","15.8","2.2","7.7","6.9","5.2","2.0","2.8","-4.1","-4.5","10.7","-2.8","3.0","3.8","9.2","-1.6","-1.2","2.8","-3.1","0.7","-5.6","0.4","-8.7","1.9","6.3","1.1","3.4","1.9","2.0","0.1","-0.1","-2.7","0.8","2.8","-3.7","0.7","0.5","3.2","-0.7","0.5","1.1","0.8","-0.1","-8.5","2.5","-4.8","3.8","7.2","2.8","8.1","3.0","5.3","2.1","3.4","-4.3","-2.8","13.2","-2.3","2.1","4.3","8.4","-2.1","-1.4","2.5","-4.1","2.4","-9.3","0.25","0.00","-0.07","0.09","-0.17","-0.03","0.04","0.08","0.24","0.02","0.00","-0.03","0.04","0.01","0.16","-0.04","0.00","0.03","-0.01","0.06","0.00","0.00","0.00","2.41","-0.07","0.64","0.19","0.24","0.12","0.09","0.31","1.54","0.29","-0.16","-0.13","0.64","-0.24","0.39","0.28","0.43","-0.08","-0.07","0.21","-0.05","0.01","-0.01","0.43","-0.07","0.28","0.08","0.12","0.06","0.02","0.12","0.10","-0.01","-0.10","0.02","0.18","-0.32","0.09","0.04","0.16","-0.03","0.03","0.08","0.01","0.00","-0.01","2.48","-0.04","0.56","0.09","0.30","0.13","0.04","0.31","1.65","0.35","-0.17","-0.08","0.78","-0.20","0.27","0.32","0.40","-0.10","-0.08","0.18","-0.06","0.04","-0.02"
"2015 MAY","89.0","95.9","100.3","136.5","90.3","211.5","85.3","93.1","87.1","106.4","90.3","92.2","55.5","96.5","89.1","76.9","88.3","82.6","88.7","98.6","93.1","89.7","104.2","0.0","-0.8","0.7","6.6","0.2","1.6","-1.8","-0.6","-0.1","-0.6","-1.2","-1.3","1.7","-2.8","-0.1","2.1","-0.4","-0.6","0.5","0.9","-1.0","0.2","-5.6","2.1","-8.8","5.2","17.4","3.7","6.0","5.4","6.2","1.4","1.6","-6.3","-5.7","9.2","-5.1","2.3","6.5","6.7","-2.1","-0.1","4.0","-2.3","-1.1","-2.1","0.5","-6.5","1.9","13.0","0.8","-0.3","3.2","2.5","0.1","-0.4","-2.2","0.2","2.2","-4.3","1.0","1.2","2.5","-0.5","0.7","1.6","0.1","-0.7","-6.9","2.3","-7.7","4.7","13.2","3.3","7.4","4.8","6.0","1.7","2.4","-5.2","-4.0","11.1","-3.8","2.2","4.9","8.1","-2.1","-0.8","3.0","-2.9","0.4","-6.0","-0.03","-0.01","0.11","0.09","0.02","0.03","-0.02","-0.04","-0.10","-0.07","-0.05","-0.03","0.11","-0.24","-0.01","0.16","-0.02","-0.03","0.03","0.07","-0.01","0.00","-0.01","2.14","-0.07","0.77","0.22","0.39","0.10","0.07","0.36","1.09","0.16","-0.25","-0.16","0.57","-0.45","0.29","0.48","0.32","-0.10","-0.01","0.29","-0.03","-0.02","0.00","0.48","-0.05","0.28","0.16","0.08","-0.01","0.04","0.15","0.11","-0.04","-0.08","0.01","0.14","-0.37","0.13","0.09","0.12","-0.02","0.04","0.12","0.00","-0.01","-0.01","2.31","-0.06","0.69","0.16","0.35","0.12","0.06","0.34","1.34","0.25","-0.21","-0.11","0.67","-0.33","0.29","0.36","0.38","-0.10","-0.05","0.22","-0.04","0.01","-0.01"
"2015 JUN","88.9","94.7","100.4","130.8","90.4","214.8","87.0","92.8","87.1","106.8","91.1","92.0","54.8","94.8","89.5","76.5","89.2","82.5","88.7","99.4","93.5","90.5","92.5","-0.1","-1.3","0.1","-4.2","0.2","1.5","1.9","-0.4","-0.1","0.3","0.9","-0.2","-1.3","-1.8","0.4","-0.5","0.9","-0.2","0.0","0.8","0.4","0.9","-11.2","1.7","-10.1","5.1","17.3","3.1","6.1","7.9","5.0","0.9","1.4","-6.0","-4.7","5.9","-7.1","2.7","4.3","7.4","-2.5","-0.1","4.3","-1.5","0.6","-4.8","0.4","-3.5","1.3","13.5","0.0","-0.8","3.6","1.6","0.2","-0.4","-1.0","-1.1","1.5","-4.1","1.4","1.0","1.4","-0.1","0.5","2.2","0.6","0.1","-10.0","2.1","-9.1","4.9","16.8","3.0","6.6","6.8","5.5","1.4","1.9","-5.5","-5.0","8.6","-5.0","2.6","4.9","7.7","-2.1","-0.5","3.7","-2.3","0.0","-4.2","-0.07","-0.01","0.01","-0.06","0.02","0.03","0.03","-0.02","-0.05","0.03","0.03","-0.01","-0.08","-0.15","0.06","-0.04","0.05","-0.01","0.00","0.06","0.01","0.01","-0.02","1.65","-0.08","0.74","0.21","0.32","0.10","0.10","0.29","0.71","0.15","-0.24","-0.13","0.37","-0.62","0.35","0.32","0.35","-0.12","0.00","0.31","-0.02","0.01","-0.01","0.42","-0.03","0.20","0.17","0.00","-0.01","0.05","0.10","0.15","-0.04","-0.04","-0.03","0.10","-0.35","0.18","0.08","0.07","0.00","0.03","0.16","0.01","0.00","-0.02","2.07","-0.08","0.72","0.20","0.32","0.11","0.09","0.32","1.11","0.20","-0.22","-0.14","0.53","-0.44","0.34","0.36","0.37","-0.10","-0.03","0.27","-0.03","0.00","-0.01"
"2015 JUL","89.3","93.7","100.0","127.4","90.3","213.4","87.8","92.9","87.6","106.7","91.5","92.0","55.7","94.8","90.3","76.4","91.1","82.8","89.1","99.7","95.1","91.4","83.4","0.4","-1.0","-0.3","-2.6","-0.1","-0.6","1.0","0.1","0.6","0.0","0.4","0.0","1.7","-0.1","0.9","-0.2","2.2","0.5","0.4","0.3","1.8","1.0","-9.8","1.6","-13.8","3.7","14.1","1.9","3.5","8.2","5.6","1.0","1.0","-6.0","-3.1","6.6","-8.9","3.7","3.0","8.1","-1.5","0.8","4.4","1.6","1.2","-15.6","0.3","-2.6","0.8","9.3","-0.3","0.4","2.2","0.6","0.2","-0.5","-0.5","-1.9","1.6","-4.5","1.4","1.5","1.4","-0.2","0.8","2.1","-0.1","0.7","-16.4","1.8","-10.9","4.7","16.3","2.9","5.2","7.2","5.6","1.1","1.3","-6.1","-4.5","7.2","-7.1","2.9","4.6","7.4","-2.0","0.2","4.2","-0.7","0.2","-7.4","0.38","-0.01","-0.05","-0.04","-0.02","-0.01","0.01","0.01","0.43","0.00","0.02","0.00","0.11","0.00","0.12","-0.01","0.11","0.02","0.03","0.02","0.03","0.02","-0.01","1.55","-0.12","0.55","0.17","0.20","0.06","0.11","0.32","0.81","0.11","-0.24","-0.08","0.42","-0.79","0.47","0.23","0.39","-0.07","0.05","0.32","0.02","0.02","-0.02","0.27","-0.02","0.12","0.12","-0.03","0.01","0.03","0.04","0.14","-0.05","-0.02","-0.05","0.10","-0.38","0.18","0.11","0.07","-0.01","0.05","0.16","0.00","0.01","-0.02","1.78","-0.09","0.68","0.20","0.30","0.09","0.09","0.32","0.87","0.14","-0.24","-0.13","0.45","-0.62","0.37","0.34","0.35","-0.10","0.01","0.31","-0.01","0.00","-0.01"
"2015 AUG","89.2","93.4","100.3","131.7","90.4","215.6","86.1","91.6","87.5","105.4","90.9","91.3","56.3","95.5","90.5","76.1","90.8","82.9","88.8","100.1","93.0","90.0","83.7","-0.1","-0.4","0.3","3.4","0.1","1.0","-2.0","-1.4","-0.1","-1.2","-0.7","-0.7","1.1","0.8","0.2","-0.4","-0.3","0.1","-0.3","0.5","-2.2","-1.6","0.3","1.5","-14.7","4.9","25.8","2.4","4.3","6.0","2.5","0.9","-0.6","-6.0","-3.5","8.3","-7.3","3.5","1.8","8.6","-1.6","0.1","5.0","-1.3","-0.1","-20.4","0.2","-2.6","0.3","1.4","-0.3","2.0","1.8","-0.7","0.3","-0.5","0.2","-1.7","1.6","-3.4","1.5","0.5","2.0","-0.1","0.5","2.0","0.1","1.1","-20.5","1.6","-12.9","4.5","18.9","2.5","4.6","7.4","4.4","0.9","0.6","-6.0","-3.8","7.0","-7.8","3.3","3.1","8.0","-1.8","0.3","4.6","-0.4","0.6","-13.8","-0.14","0.00","0.04","0.05","0.01","0.02","-0.03","-0.08","-0.10","-0.13","-0.03","-0.02","0.07","0.06","0.03","-0.03","-0.02","0.00","-0.02","0.03","-0.03","-0.03","0.00","1.45","-0.13","0.71","0.29","0.25","0.07","0.08","0.14","0.72","-0.06","-0.24","-0.10","0.53","-0.64","0.45","0.14","0.41","-0.08","0.01","0.36","-0.02","0.00","-0.03","0.20","-0.02","0.04","0.02","-0.03","0.03","0.02","-0.04","0.22","-0.05","0.01","-0.05","0.10","-0.28","0.19","0.03","0.10","0.00","0.03","0.15","0.00","0.02","-0.03","1.55","-0.11","0.67","0.22","0.26","0.08","0.10","0.25","0.75","0.06","-0.24","-0.10","0.44","-0.68","0.43","0.23","0.39","-0.09","0.02","0.33","-0.01","0.01","-0.02"
"2015 SEP","89.3","94.2","100.3","129.4","90.7","217.1","84.4","91.7","87.6","106.2","91.5","93.5","55.8","95.5","90.6","76.0","90.1","83.1","89.0","100.0","94.0","91.3","101.2","0.2","0.9","0.0","-1.7","0.4","0.7","-2.0","0.1","0.2","0.7","0.7","2.4","-1.0","0.0","0.2","-0.1","-0.8","0.2","0.2","-0.2","1.0","1.5","20.9","1.3","-14.2","3.8","13.2","2.5","8.2","1.1","2.9","0.9","-0.4","-5.4","-1.6","6.9","-7.5","3.4","2.9","7.4","-1.4","0.2","4.3","0.1","1.0","-11.4","0.3","-2.1","0.1","-1.7","0.2","1.8","-0.4","-1.2","0.4","-0.6","0.4","-0.3","1.8","-1.7","1.4","-0.1","2.2","0.2","0.5","1.4","0.5","1.1","-12.6","1.4","-14.2","4.1","17.5","2.3","5.3","5.1","3.7","1.0","0.0","-5.8","-2.7","7.3","-7.9","3.5","2.6","8.0","-1.5","0.4","4.6","0.1","0.7","-15.7","0.15","0.01","0.00","-0.02","0.04","0.01","-0.03","0.01","0.14","0.07","0.02","0.06","-0.07","0.00","0.02","0.00","-0.04","0.01","0.01","-0.01","0.01","0.03","0.02","1.33","-0.12","0.56","0.16","0.26","0.14","0.01","0.17","0.72","-0.04","-0.21","-0.04","0.44","-0.65","0.43","0.22","0.35","-0.07","0.01","0.31","0.00","0.02","-0.02","0.28","-0.02","0.02","-0.02","0.02","0.03","-0.01","-0.07","0.35","-0.07","0.01","-0.01","0.12","-0.14","0.18","-0.01","0.11","0.01","0.03","0.10","0.01","0.02","-0.02","1.44","-0.12","0.61","0.21","0.24","0.09","0.07","0.21","0.75","0.00","-0.23","-0.07","0.46","-0.69","0.45","0.19","0.39","-0.07","0.02","0.33","0.00","0.01","-0.02"
"2015 OCT","89.7","95.9","101.4","132.9","91.2","221.9","85.4","93.5","87.8","105.3","91.5","94.7","57.0","95.1","90.9","76.6","89.8","84.2","89.1","99.9","90.0","90.5","121.9","0.4","1.8","1.0","2.7","0.6","2.2","1.3","2.0","0.2","-0.8","0.0","1.3","2.3","-0.5","0.2","0.7","-0.3","1.3","0.1","0.0","-4.2","-0.9","20.5","1.4","-12.6","4.9","15.1","3.0","11.0","2.3","5.6","0.6","-1.2","-5.6","1.3","6.3","-7.7","3.7","1.4","5.2","0.3","0.6","3.6","-4.6","-1.5","-1.4","0.3","-0.3","0.4","-0.2","0.5","2.3","-1.7","-0.7","0.4","-1.0","0.3","1.2","1.9","0.0","1.2","-0.5","0.8","0.9","0.1","0.8","-1.7","0.0","9.5","1.4","-13.8","4.5","17.8","2.6","7.8","3.1","3.6","0.8","-0.7","-5.7","-1.3","7.2","-7.5","3.6","2.0","7.0","-0.9","0.3","4.3","-2.0","-0.2","-10.5","0.43","0.01","0.16","0.04","0.06","0.04","0.02","0.12","0.15","-0.09","0.00","0.03","0.15","-0.04","0.03","0.06","-0.01","0.06","0.00","0.00","-0.06","-0.02","0.03","1.37","-0.11","0.71","0.19","0.32","0.18","0.03","0.32","0.46","-0.12","-0.22","0.03","0.40","-0.67","0.48","0.11","0.25","0.01","0.03","0.27","-0.07","-0.02","0.00","0.33","0.00","0.06","0.00","0.05","0.04","-0.02","-0.04","0.32","-0.10","0.01","0.03","0.12","0.00","0.15","-0.04","0.04","0.04","0.01","0.06","-0.02","0.00","0.01","1.38","-0.12","0.66","0.21","0.28","0.13","0.04","0.21","0.64","-0.08","-0.23","-0.03","0.46","-0.66","0.46","0.15","0.34","-0.04","0.02","0.31","-0.03","0.00","-0.02"
"2015 NOV","89.6","95.9","99.6","133.3","89.8","210.9","85.4","92.7","88.0","105.2","91.1","93.9","58.1","96.6","91.0","76.1","88.3","84.6","89.0","100.2","92.1","91.9","139.0","-0.1","0.0","-1.7","0.3","-1.5","-4.9","-0.1","-0.9","0.3","-0.1","-0.4","-0.9","2.0","1.6","0.2","-0.6","-1.7","0.5","0.0","0.3","2.3","1.6","14.0","1.3","-12.1","2.7","18.7","0.9","5.5","0.4","2.6","1.1","-2.0","-3.6","0.4","9.9","-7.1","3.7","0.7","3.9","1.0","1.9","3.9","-0.5","2.1","8.4","0.4","1.5","0.2","1.5","0.3","0.9","-2.2","0.2","0.5","-0.7","0.2","2.5","2.5","0.7","0.8","-0.1","-1.1","1.5","0.2","0.3","-2.0","0.7","39.4","1.3","-13.0","3.8","15.6","2.1","8.2","1.3","3.7","0.9","-1.2","-4.9","0.0","7.7","-7.4","3.6","1.7","5.5","0.0","0.9","3.9","-1.7","0.5","-1.1","-0.10","0.00","-0.26","0.00","-0.16","-0.09","0.00","-0.05","0.20","-0.01","-0.02","-0.02","0.13","0.12","0.02","-0.05","-0.08","0.02","0.00","0.02","0.03","0.03","0.02","1.29","-0.10","0.40","0.22","0.09","0.09","0.01","0.15","0.85","-0.21","-0.14","0.01","0.63","-0.62","0.48","0.06","0.19","0.05","0.11","0.28","-0.01","0.03","0.01","0.44","0.01","0.03","0.02","0.03","0.02","-0.03","0.01","0.39","-0.07","0.01","0.06","0.16","0.06","0.11","-0.01","-0.05","0.07","0.01","0.02","-0.03","0.01","0.04","1.33","-0.11","0.56","0.19","0.22","0.14","0.02","0.21","0.68","-0.13","-0.19","0.00","0.49","-0.65","0.46","0.13","0.26","0.00","0.05","0.29","-0.02","0.01","0.00"
"2015 DEC","89.9","94.0","99.0","131.4","89.8","196.7","87.6","95.6","88.3","106.2","90.0","95.3","57.7","99.8","91.3","75.2","87.0","84.9","89.0","100.8","91.5","92.7","139.4","0.3","-2.0","-0.6","-1.4","0.0","-6.7","2.7","3.1","0.3","1.0","-1.2","1.5","-0.8","3.4","0.3","-1.2","-1.5","0.4","-0.1","0.6","-0.6","0.8","0.3","1.5","-13.1","0.8","17.3","-0.8","-4.3","6.6","6.5","1.5","-0.7","-5.1","2.1","9.7","-4.4","3.9","1.0","1.8","1.6","1.4","4.8","-5.0","2.0","14.8","0.5","1.6","-0.2","2.3","-0.2","-2.6","0.1","2.0","0.6","-0.5","-0.5","2.6","3.0","2.0","0.6","-0.3","-2.5","1.9","0.0","0.4","-3.0","0.9","49.2","1.4","-12.6","2.8","17.0","1.0","4.0","3.1","4.9","1.0","-1.3","-4.8","1.3","8.6","-6.4","3.8","1.0","3.6","1.0","1.3","4.1","-3.4","0.9","7.2","0.35","-0.01","-0.10","-0.02","0.00","-0.11","0.04","0.18","0.26","0.10","-0.04","0.04","-0.06","0.27","0.04","-0.09","-0.08","0.02","0.00","0.05","-0.01","0.01","0.00","1.55","-0.11","0.13","0.21","-0.08","-0.07","0.09","0.38","1.14","-0.07","-0.20","0.06","0.61","-0.38","0.51","0.08","0.09","0.07","0.08","0.35","-0.07","0.03","0.02","0.53","0.01","-0.04","0.03","-0.02","-0.04","0.00","0.12","0.44","-0.05","-0.02","0.07","0.20","0.16","0.08","-0.02","-0.13","0.09","0.00","0.03","-0.04","0.01","0.06","1.40","-0.11","0.41","0.20","0.11","0.07","0.04","0.28","0.82","-0.13","-0.19","0.03","0.55","-0.56","0.49","0.08","0.18","0.05","0.07","0.30","-0.05","0.01","0.01"
"2016 JAN","90.0","91.0","100.1","133.9","90.4","206.0","88.0","94.4","88.4","106.1","92.2","94.1","57.9","99.9","91.4","75.6","88.9","84.8","88.3","100.5","86.8","92.4","130.4","0.1","-3.3","1.1","2.0","0.7","4.7","0.4","-1.2","0.1","-0.1","2.4","-1.3","0.3","0.0","0.2","0.6","2.3","-0.1","-0.8","-0.4","-5.2","-0.3","-6.5","1.8","-11.3","2.5","16.2","1.5","-2.3","6.5","3.1","1.7","-1.2","-0.6","1.6","8.3","-2.9","4.0","0.4","3.2","2.2","0.2","5.1","-4.6","3.5","11.7","0.5","-0.9","-1.1","1.2","-0.8","-6.3","2.0","2.1","0.7","0.2","-0.2","1.3","2.7","3.5","0.6","-0.8","-2.4","1.7","-0.2","0.5","-2.4","1.9","33.2","1.6","-12.2","2.0","17.4","0.5","-0.4","4.5","4.0","1.4","-1.3","-3.1","1.4","9.3","-4.8","3.9","0.7","2.9","1.6","1.2","4.6","-3.4","2.5","11.6","0.14","-0.02","0.16","0.01","0.07","0.07","0.01","-0.08","0.08","-0.01","0.10","-0.04","0.02","0.00","0.02","0.04","0.11","-0.01","-0.05","-0.03","-0.07","0.00","-0.01","1.83","-0.09","0.36","0.11","0.15","-0.04","0.08","0.19","1.37","-0.12","-0.03","0.04","0.50","-0.25","0.53","0.03","0.16","0.10","0.01","0.37","-0.07","0.06","0.02","0.51","-0.01","-0.16","0.01","-0.08","-0.11","0.03","0.13","0.55","0.02","-0.01","0.04","0.17","0.28","0.08","-0.06","-0.12","0.08","-0.01","0.04","-0.03","0.03","0.05","1.56","-0.10","0.28","0.12","0.06","-0.01","0.06","0.24","1.12","-0.14","-0.13","0.04","0.55","-0.42","0.51","0.05","0.14","0.08","0.07","0.33","-0.05","0.04","0.02"
"2016 FEB","90.5","88.9","99.8","138.0","90.2","203.2","87.4","94.0","89.1","106.4","93.7","97.0","58.9","101.0","91.5","75.3","90.6","85.2","88.4","101.9","89.7","92.9","122.0","0.6","-2.3","-0.3","3.0","-0.3","-1.4","-0.8","-0.4","0.8","0.3","1.7","3.2","1.8","1.1","0.1","-0.4","1.8","0.5","0.1","1.5","3.4","0.5","-6.4","2.1","-9.9","1.1","22.0","0.1","-6.4","4.6","3.3","2.3","-0.9","2.3","3.7","7.8","-0.1","4.0","-0.1","3.4","2.9","0.6","5.4","-4.3","2.4","8.2","0.7","-4.2","-0.8","1.9","-0.5","-6.8","3.1","2.2","0.9","0.7","0.7","1.5","2.1","4.7","0.6","-1.1","-0.7","1.3","-0.6","1.1","-2.9","1.6","8.2","1.8","-11.5","1.5","18.5","0.3","-4.4","5.9","4.3","1.8","-0.9","-1.2","2.5","8.6","-2.5","4.0","0.4","2.8","2.2","0.7","5.1","-4.6","2.6","11.6","0.56","-0.02","-0.04","0.02","-0.03","-0.02","-0.01","-0.03","0.65","0.03","0.07","0.09","0.11","0.09","0.01","-0.03","0.09","0.02","0.00","0.11","0.05","0.01","-0.01","2.11","-0.07","0.16","0.15","0.01","-0.11","0.06","0.20","1.83","-0.09","0.09","0.10","0.47","0.00","0.53","-0.01","0.17","0.14","0.04","0.39","-0.06","0.04","0.01","0.70","-0.03","-0.11","0.01","-0.05","-0.12","0.04","0.13","0.72","0.07","0.03","0.04","0.13","0.38","0.09","-0.09","-0.03","0.06","-0.03","0.08","-0.04","0.03","0.01","1.83","-0.09","0.21","0.12","0.03","-0.07","0.07","0.26","1.45","-0.10","-0.05","0.07","0.51","-0.21","0.53","0.03","0.14","0.11","0.04","0.37","-0.07","0.04","0.02"
"2016 MAR","90.3","88.8","99.1","137.9","88.8","211.0","87.4","93.7","89.0","106.4","89.8","97.9","59.7","101.3","91.6","75.9","89.1","85.4","88.2","100.7","91.1","92.3","122.6","-0.2","-0.2","-0.7","-0.1","-1.5","3.8","0.0","-0.3","-0.1","0.0","-4.2","0.9","1.4","0.3","0.1","0.8","-1.6","0.2","-0.2","-1.2","1.5","-0.6","0.5","1.7","-8.1","-0.9","15.0","-3.0","-0.3","3.9","1.4","2.3","-0.5","-1.6","3.6","10.2","2.1","4.0","0.3","0.5","3.5","-0.2","3.8","-3.3","3.1","9.5","0.6","-6.0","-0.3","3.1","-0.6","-1.5","1.7","0.1","0.9","0.7","1.2","1.8","2.1","3.7","0.5","-0.4","1.3","0.7","-0.9","0.7","-2.2","0.9","-6.3","1.9","-9.8","0.9","17.7","-0.5","-3.1","5.0","2.6","2.1","-0.8","0.0","3.0","8.8","-0.3","4.0","0.2","2.3","2.8","0.2","4.8","-4.1","3.0","9.8","-0.23","0.00","-0.10","0.00","-0.16","0.06","0.00","-0.02","-0.11","0.00","-0.17","0.03","0.09","0.03","0.02","0.06","-0.08","0.01","-0.01","-0.09","0.02","-0.01","0.00","1.70","-0.06","-0.14","0.10","-0.32","-0.01","0.05","0.08","1.82","-0.05","-0.07","0.10","0.62","0.17","0.53","0.02","0.03","0.17","-0.01","0.28","-0.05","0.05","0.01","0.64","-0.04","-0.05","0.02","-0.06","-0.02","0.02","0.01","0.71","0.07","0.05","0.05","0.13","0.30","0.07","-0.03","0.06","0.03","-0.05","0.05","-0.03","0.02","-0.01","1.88","-0.07","0.13","0.12","-0.05","-0.05","0.06","0.16","1.67","-0.09","0.00","0.08","0.53","-0.03","0.53","0.01","0.12","0.14","0.01","0.35","-0.06","0.05","0.02"
"2016 APR","91.2","89.5","102.0","140.8","91.4","222.3","88.1","94.1","89.5","107.6","92.7","97.2","60.2","101.7","91.4","77.7","89.4","85.1","88.7","101.5","87.1","93.2","130.9","0.9","0.9","2.9","2.1","2.9","5.4","0.8","0.5","0.6","1.1","3.2","-0.8","0.7","0.4","-0.2","2.3","0.3","-0.4","0.6","0.8","-4.4","1.0","6.7","2.4","-7.4","2.4","9.9","1.4","6.8","1.4","0.5","2.6","0.4","1.4","4.1","10.4","2.4","2.5","3.1","0.7","2.3","0.5","3.8","-7.4","4.1","18.6","0.9","-4.9","0.7","4.5","0.1","3.7","0.7","-0.3","1.1","0.9","1.1","3.2","3.0","2.6","0.3","0.9","1.8","0.6","-0.4","0.9","-0.9","0.5","-8.1","2.1","-8.5","0.9","15.4","-0.5","-0.1","3.3","1.7","2.4","-0.3","0.7","3.8","9.5","1.5","3.5","1.1","1.5","2.9","0.3","4.4","-5.0","3.2","12.1","0.94","0.01","0.41","0.02","0.30","0.09","0.01","0.03","0.49","0.11","0.12","-0.02","0.05","0.03","-0.03","0.17","0.01","-0.02","0.04","0.06","-0.06","0.02","0.01","2.39","-0.05","0.34","0.07","0.15","0.11","0.02","0.03","2.07","0.05","0.06","0.11","0.63","0.20","0.34","0.24","0.04","0.11","0.03","0.28","-0.11","0.07","0.03","0.93","-0.03","0.10","0.03","0.01","0.06","0.01","-0.02","0.88","0.09","0.05","0.09","0.19","0.21","0.04","0.07","0.09","0.03","-0.02","0.07","-0.01","0.01","-0.01","2.07","-0.06","0.12","0.11","-0.06","0.00","0.04","0.10","1.90","-0.03","0.03","0.11","0.57","0.12","0.47","0.08","0.08","0.14","0.02","0.32","-0.07","0.05","0.02"
"2016 MAY","90.9","91.2","100.1","144.1","90.1","205.4","88.4","94.0","89.5","107.1","91.3","99.1","60.4","102.8","91.3","78.4","88.8","85.1","87.9","100.7","88.2","92.9","136.4","-0.3","1.9","-1.8","2.3","-1.4","-7.6","0.3","-0.1","0.0","-0.4","-1.5","1.9","0.4","1.0","-0.2","0.9","-0.7","0.0","-0.9","-0.8","1.2","-0.3","4.2","2.1","-4.9","-0.2","5.6","-0.2","-2.9","3.6","1.0","2.7","0.7","1.1","7.4","8.9","6.4","2.4","1.9","0.5","3.0","-1.0","2.1","-5.3","3.5","30.9","0.7","-1.6","0.8","4.8","-0.1","5.4","0.3","-0.7","0.8","0.7","-0.7","2.7","3.4","1.7","0.0","2.6","0.3","0.2","-0.3","-0.1","-0.6","0.2","-0.5","2.1","-6.8","0.4","9.9","-0.6","1.1","2.9","1.0","2.5","0.2","0.3","5.0","9.8","3.6","3.0","1.8","0.6","2.9","-0.2","3.3","-5.4","3.6","19.4","-0.28","0.01","-0.26","0.02","-0.15","-0.13","0.00","-0.01","-0.02","-0.04","-0.06","0.05","0.02","0.09","-0.02","0.07","-0.03","0.00","-0.05","-0.06","0.02","-0.01","0.01","2.14","-0.03","-0.02","0.04","-0.02","-0.05","0.05","0.06","2.14","0.07","0.04","0.21","0.55","0.52","0.32","0.15","0.02","0.14","-0.06","0.16","-0.08","0.06","0.04","0.72","-0.01","0.11","0.04","-0.01","0.09","0.00","-0.05","0.67","0.08","-0.03","0.08","0.22","0.14","0.00","0.19","0.01","0.01","-0.02","-0.01","-0.01","0.00","0.00","2.08","-0.05","0.06","0.07","-0.06","0.02","0.04","0.06","2.01","0.02","0.01","0.14","0.60","0.30","0.40","0.14","0.03","0.14","-0.01","0.24","-0.08","0.06","0.03"
"2016 JUN","91.1","92.4","99.4","140.5","89.4","207.4","87.3","93.7","89.8","106.9","92.2","100.2","62.5","102.8","91.6","77.3","89.5","85.5","87.6","101.0","88.2","93.3","137.4","0.2","1.3","-0.7","-2.5","-0.7","1.0","-1.3","-0.4","0.4","-0.3","1.0","1.2","3.5","0.1","0.4","-1.4","0.8","0.5","-0.4","0.3","0.0","0.5","0.8","2.4","-2.4","-0.9","7.4","-1.1","-3.5","0.3","1.0","3.2","0.1","1.2","9.0","14.1","8.4","2.4","1.0","0.4","3.7","-1.3","1.6","-5.7","3.1","48.5","0.8","1.7","0.9","3.8","0.5","2.4","0.4","-0.1","0.9","0.8","0.2","2.6","3.7","1.7","-0.1","2.8","-0.4","0.1","-0.3","0.0","-1.6","0.7","7.9","2.3","-4.9","0.4","7.6","0.0","0.1","1.7","0.8","2.8","0.4","1.2","6.8","11.1","5.7","2.5","2.0","0.5","3.0","-0.6","2.5","-6.2","3.6","31.8","0.19","0.01","-0.10","-0.02","-0.07","0.02","-0.02","-0.02","0.30","-0.03","0.04","0.03","0.23","0.00","0.06","-0.11","0.04","0.02","-0.02","0.02","0.00","0.01","0.00","2.41","-0.02","-0.13","0.06","-0.12","-0.06","0.00","0.06","2.51","0.01","0.05","0.25","0.86","0.67","0.32","0.07","0.02","0.18","-0.08","0.12","-0.08","0.05","0.06","0.85","0.01","0.12","0.03","0.06","0.04","0.01","-0.01","0.72","0.08","0.01","0.07","0.24","0.14","-0.01","0.21","-0.02","0.00","-0.01","0.00","-0.02","0.01","0.01","2.31","-0.03","0.06","0.06","0.00","0.00","0.02","0.05","2.24","0.04","0.05","0.19","0.68","0.46","0.33","0.15","0.03","0.14","-0.04","0.19","-0.09","0.06","0.04"
"2016 JUL","91.2","93.2","99.3","156.4","88.4","205.7","88.6","94.0","90.0","106.7","92.0","98.1","62.3","104.2","91.4","77.6","89.4","85.8","87.6","101.9","91.2","94.4","135.4","0.1","0.8","-0.2","11.3","-1.2","-0.8","1.5","0.4","0.2","-0.2","-0.2","-2.1","-0.4","1.3","-0.2","0.4","-0.2","0.3","0.1","0.9","3.5","1.1","-1.4","2.2","-0.5","-0.7","22.8","-2.1","-3.6","0.8","1.2","2.8","0.0","0.6","6.7","11.7","10.0","1.2","1.5","-1.9","3.6","-1.7","2.3","-4.1","3.2","62.3","0.4","3.6","-0.7","5.8","-0.9","-2.8","0.5","-0.1","0.7","0.1","-0.3","1.8","3.6","1.9","-0.1","1.9","-0.5","0.3","-0.8","-0.2","-0.1","0.8","9.0","2.2","-2.6","-0.6","11.8","-1.1","-3.3","1.5","1.1","2.9","0.2","0.9","7.7","11.6","8.3","2.0","1.5","-0.4","3.4","-1.3","2.0","-5.1","3.3","46.1","0.15","0.01","-0.02","0.09","-0.12","-0.01","0.02","0.02","0.14","-0.02","-0.01","-0.06","-0.03","0.11","-0.03","0.03","-0.01","0.02","0.01","0.07","0.05","0.02","0.00","2.17","0.00","-0.11","0.17","-0.22","-0.06","0.01","0.07","2.21","0.00","0.02","0.18","0.73","0.79","0.17","0.12","-0.10","0.17","-0.10","0.17","-0.06","0.05","0.07","0.45","0.02","-0.09","0.05","-0.10","-0.05","0.01","0.00","0.52","0.01","-0.01","0.05","0.23","0.16","-0.01","0.14","-0.03","0.01","-0.05","-0.01","0.00","0.01","0.01","2.24","-0.02","-0.09","0.09","-0.12","-0.06","0.02","0.06","2.29","0.03","0.04","0.21","0.71","0.66","0.27","0.11","-0.02","0.16","-0.08","0.15","-0.07","0.06","0.06"
"2016 AUG","91.4","93.3","99.0","149.3","88.5","205.2","88.2","93.4","90.4","106.9","92.6","100.9","63.0","107.6","91.0","77.1","88.6","85.9","88.6","101.5","86.8","94.8","133.2","0.2","0.0","-0.3","-4.5","0.1","-0.3","-0.4","-0.6","0.4","0.2","0.6","2.9","1.2","3.3","-0.4","-0.6","-0.8","0.1","1.1","-0.4","-4.8","0.4","-1.7","2.6","-0.1","-1.3","13.4","-2.1","-4.8","2.5","2.0","3.3","1.4","1.8","10.5","11.9","12.7","0.6","1.4","-2.4","3.6","-0.2","1.4","-6.7","5.4","59.1","0.5","3.5","-1.1","5.6","-1.5","-3.2","0.1","-0.3","0.8","-0.2","1.1","1.7","4.1","2.9","-0.1","0.0","0.1","0.6","-0.4","0.5","0.0","1.5","4.1","2.4","-1.0","-1.0","14.5","-1.8","-4.0","1.2","1.4","3.1","0.5","1.2","8.7","12.6","10.4","1.4","1.3","-1.3","3.6","-1.1","1.7","-5.5","3.9","56.4","0.24","0.00","-0.04","-0.04","0.01","0.00","-0.01","-0.04","0.31","0.02","0.02","0.08","0.08","0.28","-0.06","-0.04","-0.04","0.01","0.06","-0.03","-0.07","0.01","0.00","2.56","0.00","-0.18","0.10","-0.22","-0.08","0.03","0.12","2.63","0.14","0.07","0.29","0.74","1.01","0.08","0.11","-0.13","0.17","-0.01","0.10","-0.10","0.09","0.07","0.50","0.02","-0.16","0.04","-0.15","-0.05","0.00","-0.02","0.65","-0.02","0.04","0.05","0.27","0.24","-0.01","0.00","0.00","0.03","-0.02","0.04","0.00","0.03","0.01","2.38","-0.01","-0.14","0.11","-0.19","-0.07","0.02","0.08","2.45","0.05","0.05","0.24","0.78","0.82","0.19","0.10","-0.07","0.17","-0.06","0.13","-0.08","0.07","0.07"
"2016 SEP","91.9","92.9","99.4","144.2","89.3","204.3","87.9","93.8","90.9","108.7","93.1","102.1","63.7","108.7","90.9","77.4","91.0","86.1","87.9","101.3","86.2","94.5","134.7","0.5","-0.3","0.4","-3.4","0.9","-0.4","-0.4","0.4","0.6","1.7","0.5","1.2","1.2","1.0","-0.2","0.4","2.7","0.3","-0.8","-0.2","-0.7","-0.3","1.1","3.0","-1.3","-0.9","11.5","-1.5","-5.9","4.2","2.3","3.8","2.3","1.7","9.2","14.3","13.8","0.3","1.9","1.0","3.6","-1.2","1.3","-8.3","3.5","33.1","0.5","2.3","-1.3","5.8","-1.7","-3.1","0.3","-0.2","0.9","0.2","0.5","1.6","3.2","4.3","-0.4","-0.5","0.5","0.8","0.0","0.5","0.3","1.5","-0.3","2.6","-0.7","-1.0","15.8","-1.9","-4.8","2.5","1.8","3.3","1.2","1.4","8.8","12.6","12.2","0.7","1.6","-1.1","3.6","-1.0","1.6","-6.4","4.0","50.3","0.54","0.00","0.05","-0.03","0.09","-0.01","0.00","0.02","0.47","0.17","0.02","0.04","0.08","0.09","-0.02","0.03","0.13","0.01","-0.05","-0.02","-0.01","-0.01","0.00","2.96","-0.01","-0.13","0.09","-0.16","-0.10","0.05","0.14","2.97","0.24","0.07","0.26","0.88","1.10","0.03","0.14","0.05","0.17","-0.07","0.10","-0.12","0.06","0.05","0.53","0.02","-0.18","0.05","-0.18","-0.05","0.00","-0.01","0.70","0.02","0.02","0.05","0.21","0.36","-0.05","-0.04","0.02","0.04","0.00","0.04","0.00","0.03","0.00","2.56","0.00","-0.14","0.12","-0.20","-0.08","0.03","0.11","2.60","0.13","0.05","0.24","0.78","0.97","0.09","0.12","-0.06","0.17","-0.06","0.12","-0.09","0.07","0.06"
"2016 OCT","91.6","92.1","97.3","131.3","86.9","206.4","90.5","92.3","91.0","108.7","92.7","101.1","63.4","109.8","91.0","77.8","90.1","86.1","87.6","102.5","86.4","93.3","137.7","-0.3","-0.9","-2.1","-9.0","-2.7","1.0","3.0","-1.6","0.1","0.0","-0.4","-1.1","-0.4","1.0","0.1","0.4","-1.0","0.0","-0.4","1.2","0.3","-1.3","2.3","2.2","-4.0","-4.0","-1.2","-4.7","-7.0","5.9","-1.3","3.6","3.2","1.3","6.7","11.3","15.5","0.2","1.5","0.3","2.3","-1.7","2.6","-4.0","3.2","13.0","0.7","0.5","-1.0","-3.7","-1.2","-0.4","0.9","-0.8","1.1","1.1","1.0","2.3","2.7","5.3","-0.5","-0.4","0.7","0.7","0.4","0.6","-3.0","0.7","-0.9","2.6","-1.8","-2.1","7.8","-2.8","-5.9","4.2","0.9","3.6","2.3","1.6","8.8","12.5","14.0","0.3","1.6","-0.4","3.2","-1.1","1.7","-6.4","4.0","32.2","-0.32","-0.01","-0.29","-0.07","-0.27","0.02","0.04","-0.09","0.06","0.00","-0.02","-0.03","-0.03","0.09","0.02","0.03","-0.05","0.00","-0.02","0.09","0.00","-0.02","0.00","2.19","-0.03","-0.57","-0.01","-0.50","-0.12","0.08","-0.08","2.87","0.33","0.05","0.19","0.71","1.23","0.02","0.12","0.01","0.11","-0.10","0.19","-0.06","0.05","0.02","0.66","0.00","-0.14","-0.03","-0.12","-0.01","0.01","-0.05","0.84","0.11","0.04","0.07","0.18","0.45","-0.07","-0.03","0.04","0.03","0.02","0.04","-0.04","0.01","0.00","2.57","-0.01","-0.30","0.06","-0.29","-0.10","0.05","0.06","2.82","0.24","0.07","0.24","0.78","1.11","0.05","0.12","-0.02","0.15","-0.06","0.13","-0.09","0.07","0.04"
"2016 NOV","92.1","93.0","98.7","140.9","87.8","213.4","89.7","92.8","91.2","108.4","91.7","102.7","63.2","110.5","91.2","77.6","90.6","86.6","87.5","103.2","90.9","94.8","139.0","0.4","1.0","1.4","7.3","1.1","3.4","-0.9","0.5","0.3","-0.2","-1.1","1.6","-0.4","0.6","0.2","-0.2","0.7","0.5","-0.1","0.7","5.1","1.5","0.9","2.8","-3.1","-0.9","5.7","-2.2","1.2","5.1","0.1","3.7","3.1","0.7","9.4","8.7","14.4","0.2","1.9","2.6","2.4","-1.7","3.0","-1.3","3.1","0.0","0.7","-0.3","-0.8","-6.7","-0.8","1.0","1.5","-0.8","1.1","1.7","0.2","2.2","1.4","4.6","-0.4","0.4","1.6","0.6","-0.3","0.8","-1.0","0.0","1.3","2.6","-2.8","-1.9","5.3","-2.8","-3.9","5.1","0.3","3.7","2.9","1.2","8.4","11.4","14.6","0.2","1.8","1.3","2.8","-1.6","2.3","-4.6","3.3","13.6","0.45","0.01","0.19","0.05","0.10","0.05","-0.01","0.03","0.22","-0.02","-0.04","0.05","-0.03","0.05","0.02","-0.02","0.03","0.03","0.00","0.05","0.07","0.03","0.00","2.75","-0.02","-0.12","0.04","-0.23","0.02","0.07","0.01","2.89","0.31","0.03","0.26","0.56","1.16","0.03","0.15","0.13","0.11","-0.10","0.22","-0.02","0.05","0.00","0.69","0.00","-0.11","-0.06","-0.08","0.02","0.02","-0.05","0.84","0.17","0.01","0.06","0.09","0.39","-0.05","0.03","0.08","0.03","-0.02","0.06","-0.01","0.00","0.00","2.64","-0.02","-0.27","0.04","-0.30","-0.07","0.06","0.02","2.91","0.29","0.05","0.24","0.72","1.16","0.03","0.14","0.06","0.13","-0.09","0.17","-0.07","0.05","0.02"
"2016 DEC","92.8","95.3","101.0","142.4","91.0","206.5","89.5","96.0","91.5","109.8","91.6","103.6","63.2","110.2","90.8","78.5","90.9","86.5","87.8","103.6","88.8","96.0","134.7","0.8","2.5","2.3","1.1","3.6","-3.3","-0.2","3.5","0.3","1.3","-0.1","0.9","0.0","-0.3","-0.5","1.2","0.3","-0.1","0.4","0.5","-2.2","1.3","-3.1","3.2","1.3","2.1","8.4","1.3","5.0","2.1","0.5","3.6","3.4","1.8","8.7","9.6","10.3","-0.6","4.5","4.5","1.9","-1.3","2.8","-2.9","3.6","-3.4","0.7","0.3","-0.2","-7.9","-0.2","1.8","1.9","0.0","0.9","1.5","-0.6","2.0","0.5","3.1","-0.1","0.8","1.0","0.5","-0.5","1.5","0.7","0.1","2.0","2.7","-2.0","-0.9","4.3","-1.9","-0.5","4.4","-0.3","3.6","3.2","1.3","8.3","9.9","13.4","-0.1","2.6","2.4","2.2","-1.6","2.8","-2.7","3.3","2.8","0.75","0.02","0.32","0.01","0.35","-0.05","0.00","0.21","0.21","0.13","0.00","0.03","0.00","-0.03","-0.06","0.09","0.01","0.00","0.02","0.03","-0.03","0.02","-0.01","3.17","0.01","0.29","0.06","0.13","0.08","0.03","0.03","2.84","0.35","0.07","0.25","0.61","0.86","-0.08","0.34","0.22","0.09","-0.08","0.21","-0.04","0.06","-0.01","0.67","0.00","-0.03","-0.07","-0.02","0.03","0.02","0.00","0.70","0.15","-0.02","0.06","0.03","0.27","-0.02","0.06","0.05","0.03","-0.03","0.11","0.01","0.00","0.00","2.71","-0.01","-0.13","0.03","-0.20","-0.01","0.06","-0.02","2.86","0.33","0.05","0.23","0.63","1.08","-0.01","0.20","0.12","0.11","-0.09","0.21","-0.04","0.06","0.00"
"2017 JAN","93.0","98.1","99.5","139.0","89.0","208.8","91.3","97.2","91.9","108.8","92.6","104.8","62.2","109.2","90.7","80.5","91.8","86.7","88.3","106.6","92.2","96.9","130.2","0.3","2.9","-1.5","-2.4","-2.2","1.1","2.0","1.3","0.4","-1.0","1.1","1.2","-1.6","-0.9","-0.1","2.5","1.0","0.2","0.5","2.9","3.8","0.9","-3.3","3.3","7.8","-0.6","3.8","-1.6","1.4","3.7","3.0","3.9","2.5","0.4","11.4","7.6","9.4","-0.8","6.5","3.2","2.2","0.0","6.1","6.3","4.8","-0.1","1.0","2.9","1.2","-0.6","1.2","2.1","1.5","2.3","0.9","0.9","-0.9","2.3","-0.8","1.1","-0.1","1.9","1.4","0.6","-0.2","2.7","4.8","1.8","-0.4","3.1","1.9","0.2","6.0","-0.9","2.5","3.6","1.2","3.7","3.0","0.9","9.8","8.6","11.3","-0.4","4.3","3.4","2.1","-1.0","4.0","0.6","3.8","-1.2","0.25","0.02","-0.20","-0.02","-0.23","0.02","0.02","0.08","0.35","-0.10","0.04","0.04","-0.10","-0.08","-0.01","0.20","0.05","0.01","0.03","0.22","0.05","0.02","-0.01","3.28","0.05","-0.08","0.03","-0.17","0.02","0.05","0.19","3.12","0.25","0.02","0.32","0.46","0.77","-0.11","0.50","0.16","0.11","0.00","0.46","0.09","0.08","0.00","1.00","0.02","0.16","0.00","0.12","0.03","0.02","0.14","0.68","0.09","-0.04","0.07","-0.05","0.10","-0.01","0.14","0.07","0.03","-0.01","0.20","0.07","0.03","0.00","3.07","0.01","0.03","0.04","-0.09","0.04","0.05","0.07","2.95","0.30","0.04","0.28","0.53","0.93","-0.05","0.33","0.17","0.10","-0.06","0.30","0.01","0.07","0.00"
"2017 FEB","93.1","99.9","98.8","133.5","88.5","204.7","91.8","97.6","92.0","109.1","93.2","107.0","62.7","110.1","90.6","78.9","92.9","86.9","89.4","106.0","93.0","96.2","125.7","0.1","1.9","-0.7","-4.0","-0.5","-2.0","0.6","0.4","0.2","0.3","0.7","2.1","0.8","0.8","-0.1","-2.0","1.2","0.2","1.2","-0.6","0.8","-0.7","-3.5","2.8","12.4","-1.0","-3.3","-1.8","0.8","5.1","3.8","3.3","2.5","-0.6","10.3","6.5","9.1","-1.0","4.7","2.6","2.0","1.1","4.0","3.6","3.5","3.0","1.1","5.5","1.3","-0.3","1.7","-0.7","1.7","4.3","0.8","0.6","0.0","3.1","-1.2","0.1","-0.4","2.2","1.4","0.5","1.0","3.0","4.0","2.3","-5.0","3.1","7.0","0.2","2.9","-0.7","2.3","3.6","2.4","3.6","2.8","0.5","10.1","7.9","9.6","-0.8","5.2","3.4","2.0","-0.1","4.3","2.2","4.0","-0.3","0.10","0.01","-0.10","-0.03","-0.05","-0.03","0.01","0.03","0.15","0.03","0.03","0.06","0.05","0.07","-0.02","-0.16","0.06","0.01","0.07","-0.05","0.01","-0.01","-0.01","2.80","0.08","-0.13","-0.02","-0.19","0.01","0.07","0.24","2.62","0.25","-0.03","0.29","0.40","0.75","-0.14","0.36","0.13","0.10","0.06","0.30","0.05","0.06","0.00","1.15","0.04","0.18","0.00","0.17","-0.01","0.02","0.26","0.67","0.06","0.00","0.09","-0.08","0.01","-0.05","0.17","0.07","0.03","0.05","0.23","0.06","0.04","-0.01","3.09","0.05","0.03","0.02","-0.08","0.03","0.05","0.15","2.86","0.28","0.02","0.29","0.49","0.79","-0.11","0.40","0.17","0.10","0.00","0.33","0.03","0.07","0.00"
"2017 MAR","93.2","100.1","98.3","134.0","88.6","193.8","92.0","98.2","92.2","109.2","93.2","106.0","63.0","111.0","90.4","78.8","94.0","87.2","88.7","106.2","92.1","98.2","124.2","0.1","0.1","-0.5","0.4","0.0","-5.3","0.2","0.6","0.1","0.1","0.0","-0.9","0.5","0.7","-0.2","-0.1","1.3","0.3","-0.7","0.2","-1.0","2.1","-1.2","3.1","12.7","-0.8","-2.8","-0.3","-8.1","5.3","4.8","3.6","2.6","3.7","8.3","5.5","9.5","-1.4","3.8","5.5","2.1","0.6","5.4","1.1","6.4","1.3","1.0","6.3","-0.1","-2.0","0.1","-3.0","2.0","4.3","0.9","0.1","1.1","3.4","-1.0","0.0","-0.5","1.9","2.6","0.6","1.3","3.1","4.2","2.5","-7.6","3.1","10.9","-0.8","-0.8","-1.2","-2.1","4.7","3.9","3.6","2.6","1.2","10.0","6.5","9.3","-1.1","5.0","3.8","2.1","0.6","5.2","3.6","4.9","1.4","0.08","0.00","-0.07","0.00","0.00","-0.08","0.00","0.04","0.12","0.01","0.00","-0.03","0.03","0.06","-0.03","0.00","0.07","0.02","-0.04","0.01","-0.01","0.04","0.00","3.13","0.08","-0.11","-0.02","-0.03","-0.13","0.07","0.30","2.86","0.26","0.15","0.24","0.35","0.79","-0.19","0.30","0.28","0.10","0.04","0.41","0.02","0.11","0.00","0.99","0.04","-0.02","-0.01","0.01","-0.05","0.03","0.26","0.71","0.01","0.04","0.10","-0.07","0.00","-0.06","0.15","0.13","0.03","0.07","0.23","0.06","0.04","-0.01","3.07","0.07","-0.11","-0.01","-0.13","-0.03","0.06","0.24","2.87","0.26","0.05","0.28","0.40","0.77","-0.15","0.38","0.19","0.10","0.03","0.39","0.05","0.08","0.00"
"2017 APR","93.6","99.2","98.4","130.8","88.6","203.3","89.1","98.9","92.7","110.1","93.3","107.5","63.7","112.0","90.7","79.4","92.0","87.6","89.1","107.2","95.5","98.8","126.2","0.5","-0.9","0.1","-2.3","0.0","4.9","-3.2","0.7","0.6","0.8","0.1","1.4","1.1","0.9","0.3","0.8","-2.1","0.5","0.4","1.0","3.7","0.6","1.6","2.7","10.8","-3.5","-7.0","-3.1","-8.6","1.1","5.0","3.6","2.4","0.6","10.6","5.8","10.1","-0.8","2.3","3.0","3.0","0.4","5.7","9.6","6.0","-3.6","0.7","4.5","-1.3","-5.7","-0.8","-4.3","0.9","3.0","0.9","0.5","1.4","3.0","0.4","1.0","-0.4","0.2","2.1","0.7","1.4","1.9","3.2","1.9","-6.9","2.9","12.0","-1.8","-4.4","-1.7","-5.4","3.9","4.6","3.5","2.5","1.2","9.7","5.9","9.6","-1.1","3.6","3.7","2.3","0.7","5.0","4.7","5.3","0.1","0.51","-0.01","0.01","-0.02","0.00","0.07","-0.04","0.04","0.46","0.08","0.00","0.04","0.07","0.08","0.04","0.06","-0.11","0.02","0.02","0.08","0.05","0.01","0.00","2.69","0.07","-0.49","-0.05","-0.32","-0.14","0.01","0.31","2.81","0.24","0.03","0.30","0.37","0.84","-0.11","0.18","0.15","0.14","0.02","0.42","0.13","0.10","-0.01","0.74","0.03","-0.17","-0.04","-0.08","-0.06","0.01","0.19","0.69","0.04","0.06","0.09","0.02","0.09","-0.05","0.02","0.10","0.04","0.08","0.14","0.05","0.03","-0.01","2.87","0.08","-0.25","-0.03","-0.18","-0.08","0.05","0.28","2.76","0.25","0.05","0.28","0.37","0.80","-0.15","0.28","0.19","0.11","0.04","0.38","0.07","0.09","0.00"
"2017 MAY","93.9","97.7","99.1","131.4","89.6","207.5","85.0","97.9","93.0","109.0","93.6","107.0","63.7","112.7","91.1","80.4","94.5","87.9","89.2","107.5","95.3","99.4","128.6","0.3","-1.5","0.7","0.4","1.2","2.1","-4.7","-1.0","0.4","-1.0","0.3","-0.5","0.1","0.6","0.4","1.2","2.7","0.3","0.1","0.3","-0.2","0.5","1.9","3.3","7.2","-1.0","-8.8","-0.5","1.0","-3.9","4.1","4.0","1.7","2.5","8.0","5.5","9.6","-0.2","2.6","6.5","3.3","1.5","6.8","8.1","6.9","-5.7","0.7","1.3","-1.2","-4.5","-0.7","-2.5","-2.4","1.4","0.9","0.2","1.0","1.6","1.2","1.8","0.0","0.3","1.9","1.0","0.6","1.5","3.2","2.5","-3.0","3.0","10.2","-1.8","-6.3","-1.3","-5.3","0.8","4.6","3.7","2.3","2.3","9.0","5.6","9.8","-0.8","2.9","5.0","2.8","0.8","6.0","6.2","6.4","-2.8","0.31","-0.01","0.09","0.00","0.12","0.03","-0.06","-0.06","0.29","-0.10","0.01","-0.02","0.01","0.05","0.06","0.09","0.14","0.01","0.01","0.02","0.00","0.01","0.00","3.29","0.05","-0.14","-0.06","-0.05","0.02","-0.05","0.25","3.14","0.17","0.10","0.23","0.35","0.81","-0.03","0.20","0.33","0.16","0.08","0.51","0.11","0.12","-0.01","0.67","0.01","-0.16","-0.03","-0.07","-0.04","-0.03","0.09","0.74","0.02","0.04","0.05","0.08","0.16","0.00","0.02","0.09","0.05","0.03","0.11","0.05","0.04","-0.01","3.04","0.07","-0.25","-0.04","-0.13","-0.08","0.01","0.28","2.94","0.22","0.09","0.26","0.35","0.82","-0.11","0.22","0.25","0.13","0.05","0.45","0.09","0.11","0.00"
"2017 JUN","94.1","96.7","99.9","132.3","90.7","206.1","84.4","98.2","93.1","109.8","92.5","105.8","64.7","112.6","91.2","80.6","94.1","87.9","89.5","106.9","93.8","98.4","132.7","0.2","-1.1","0.8","0.7","1.2","-0.6","-0.6","0.3","0.1","0.7","-1.1","-1.1","1.5","0.0","0.2","0.3","-0.5","0.0","0.3","-0.6","-1.6","-1.0","3.2","3.3","4.6","0.5","-5.9","1.4","-0.6","-3.2","4.9","3.6","2.8","0.3","5.5","3.4","9.6","-0.5","4.4","5.1","2.8","2.2","5.9","6.4","5.4","-3.4","0.9","-1.5","0.2","-2.9","1.1","1.6","-6.0","0.7","1.0","0.6","0.2","0.7","2.2","2.1","0.5","0.9","0.7","1.0","0.5","0.9","2.6","1.8","1.9","3.1","7.5","-1.4","-7.2","-0.7","-2.9","-2.0","4.7","3.7","2.3","1.1","8.0","4.9","9.8","-0.5","3.1","4.9","3.0","1.3","6.1","8.0","6.1","-4.3","0.17","-0.01","0.11","0.00","0.12","-0.01","-0.01","0.02","0.04","0.07","-0.04","-0.03","0.10","0.00","0.02","0.03","-0.03","0.00","0.02","-0.05","-0.02","-0.02","0.01","3.26","0.03","0.06","-0.04","0.15","-0.01","-0.04","0.30","2.88","0.27","0.01","0.16","0.23","0.80","-0.07","0.34","0.26","0.14","0.12","0.44","0.09","0.09","-0.01","0.86","-0.01","0.03","-0.02","0.11","0.02","-0.08","0.04","0.80","0.06","0.01","0.02","0.14","0.19","0.06","0.07","0.04","0.05","0.03","0.07","0.04","0.03","0.00","3.08","0.05","-0.19","-0.05","-0.08","-0.04","-0.03","0.28","2.94","0.23","0.05","0.23","0.31","0.82","-0.07","0.24","0.24","0.15","0.08","0.46","0.11","0.10","-0.01"
"2017 JUL","94.2","96.1","100.3","131.6","90.8","205.4","88.1","97.5","93.3","110.8","93.1","108.8","63.6","113.4","91.4","80.8","93.7","88.0","89.8","106.1","95.3","98.3","132.8","0.2","-0.6","0.4","-0.5","0.1","-0.4","4.3","-0.7","0.2","0.9","0.6","2.9","-1.6","0.7","0.2","0.2","-0.4","0.2","0.4","-0.8","1.6","-0.1","0.1","3.3","3.1","1.0","-15.8","2.7","-0.2","-0.5","3.7","3.7","3.9","1.2","10.9","2.2","8.8","0.0","4.2","4.9","2.6","2.5","4.1","4.4","4.1","-1.9","0.8","-2.9","1.3","-0.8","2.0","2.8","-5.7","-0.4","0.9","0.4","-0.2","0.3","1.4","1.7","0.7","2.0","1.2","0.8","0.5","0.4","1.3","1.0","4.8","3.3","4.9","0.1","-10.4","1.2","0.1","-2.5","4.2","3.7","2.8","1.3","8.1","3.7","9.3","-0.2","3.7","5.5","2.9","2.0","5.6","6.3","5.5","-3.7","0.18","0.00","0.05","0.00","0.01","-0.01","0.05","-0.04","0.18","0.09","0.02","0.09","-0.10","0.06","0.03","0.02","-0.02","0.01","0.02","-0.06","0.02","0.00","0.00","3.30","0.02","0.14","-0.12","0.27","0.00","-0.01","0.23","2.92","0.39","0.05","0.31","0.14","0.75","0.00","0.33","0.25","0.13","0.14","0.31","0.06","0.07","0.00","0.85","-0.02","0.17","0.00","0.20","0.04","-0.07","-0.02","0.72","0.04","-0.01","0.01","0.09","0.15","0.10","0.15","0.06","0.04","0.03","0.03","0.02","0.02","0.01","3.29","0.03","0.02","-0.07","0.12","0.00","-0.03","0.26","2.98","0.28","0.05","0.24","0.24","0.79","-0.03","0.29","0.28","0.14","0.12","0.42","0.09","0.09","-0.01"
"2017 AUG","94.4","95.6","100.0","128.3","90.7","204.2","88.2","99.4","93.4","111.0","93.4","106.9","64.8","113.2","91.6","80.3","93.4","88.0","90.0","105.2","95.6","101.1","131.9","0.1","-0.5","-0.3","-2.5","-0.1","-0.6","0.1","1.9","0.1","0.2","0.3","-1.7","1.9","-0.2","0.2","-0.6","-0.4","0.0","0.2","-0.8","0.3","2.8","-0.7","3.2","2.5","1.0","-14.1","2.5","-0.5","-0.1","6.4","3.3","3.9","0.9","6.0","2.9","5.2","0.6","4.2","5.4","2.5","1.6","3.7","10.1","6.6","-1.0","0.7","-2.9","1.5","-1.0","2.0","1.8","-2.0","0.1","0.7","1.0","-0.3","0.3","1.4","1.1","0.8","1.3","0.2","0.5","0.9","-0.9","0.6","0.5","4.9","3.2","3.4","0.8","-12.1","2.2","-0.4","-1.3","5.0","3.5","3.5","0.8","7.4","2.9","7.8","0.0","4.2","5.1","2.6","2.1","4.5","6.9","5.4","-2.1","0.12","0.00","-0.03","-0.02","-0.01","-0.01","0.00","0.12","0.04","0.02","0.01","-0.05","0.12","-0.01","0.02","-0.05","-0.02","0.00","0.01","-0.06","0.01","0.05","0.00","3.18","0.02","0.14","-0.10","0.25","-0.01","0.00","0.39","2.64","0.39","0.04","0.18","0.19","0.45","0.08","0.32","0.27","0.12","0.09","0.27","0.14","0.11","0.00","0.70","-0.02","0.20","-0.01","0.20","0.03","-0.03","0.00","0.52","0.10","-0.01","0.01","0.09","0.10","0.10","0.10","0.01","0.02","0.05","-0.07","0.01","0.01","0.01","3.25","0.02","0.11","-0.09","0.22","-0.01","-0.02","0.30","2.81","0.35","0.03","0.22","0.19","0.67","0.00","0.33","0.26","0.13","0.12","0.34","0.10","0.09","0.00"
"2017 SEP","94.8","95.1","102.0","133.2","92.5","204.3","90.7","98.2","93.7","111.6","93.7","106.0","65.1","113.3","91.8","80.9","93.3","88.1","90.9","106.4","95.3","100.9","133.7","0.5","-0.5","2.0","3.8","2.1","0.0","2.9","-1.2","0.4","0.5","0.3","-0.9","0.4","0.1","0.2","0.7","-0.1","0.1","0.9","1.1","-0.3","-0.2","1.4","3.1","2.3","2.6","-7.7","3.6","0.0","3.2","4.8","3.1","2.7","0.7","3.8","2.2","4.2","1.0","4.5","2.5","2.2","3.4","5.1","10.6","6.7","-0.7","0.6","-2.3","1.6","-0.3","1.9","-0.5","3.3","0.1","0.5","1.4","0.3","0.5","0.8","0.8","0.7","0.7","-0.1","0.3","1.1","-1.2","0.6","1.3","2.8","3.2","2.7","1.5","-12.6","2.9","-0.2","0.9","5.0","3.4","3.5","0.9","6.8","2.4","6.0","0.5","4.3","4.3","2.4","2.5","4.3","8.3","5.8","-1.2","0.47","0.00","0.26","0.02","0.21","0.00","0.04","-0.07","0.28","0.05","0.01","-0.03","0.03","0.01","0.03","0.06","-0.01","0.00","0.05","0.08","0.00","0.00","0.00","3.11","0.02","0.36","-0.05","0.37","0.00","0.04","0.29","2.45","0.27","0.03","0.11","0.14","0.37","0.13","0.35","0.13","0.11","0.19","0.38","0.14","0.11","0.00","0.64","-0.02","0.22","0.00","0.19","-0.01","0.04","0.00","0.43","0.13","0.01","0.01","0.05","0.07","0.09","0.05","-0.01","0.01","0.06","-0.09","0.01","0.02","0.00","3.20","0.02","0.21","-0.09","0.30","0.00","0.01","0.30","2.67","0.35","0.04","0.20","0.16","0.52","0.07","0.33","0.21","0.12","0.14","0.32","0.12","0.10","0.00"
"2017 OCT","94.9","94.9","102.6","138.4","93.5","197.7","88.9","97.7","93.8","111.0","94.2","103.3","65.4","113.1","92.2","80.0","93.3","88.6","91.6","107.5","95.5","101.4","135.4","0.1","-0.3","0.5","3.9","1.0","-3.2","-2.0","-0.6","0.1","-0.5","0.6","-2.5","0.5","-0.2","0.5","-1.2","0.0","0.6","0.8","1.1","0.2","0.5","1.3","3.5","3.0","5.4","5.5","7.5","-4.2","-1.8","5.8","3.1","2.2","1.7","2.3","3.1","2.9","1.4","2.9","3.6","2.9","4.6","4.9","10.5","8.7","-1.7","0.6","-1.7","1.8","1.2","2.1","-2.1","4.0","0.6","0.5","1.2","0.8","-1.6","1.7","0.3","0.7","-0.2","-0.9","0.3","1.5","-0.4","0.7","2.5","1.8","3.3","2.6","3.0","-5.9","4.5","-1.6","0.4","5.7","3.2","2.9","1.1","4.0","2.7","4.1","1.0","3.9","3.8","2.5","3.2","4.5","10.4","7.3","-1.1","0.09","0.00","0.07","0.02","0.10","-0.05","-0.03","-0.03","0.06","-0.05","0.02","-0.07","0.03","-0.02","0.07","-0.09","0.00","0.03","0.04","0.08","0.00","0.01","0.00","3.54","0.02","0.72","0.03","0.75","-0.06","-0.02","0.35","2.45","0.22","0.07","0.07","0.21","0.26","0.18","0.22","0.18","0.14","0.26","0.37","0.14","0.15","0.00","0.65","-0.01","0.24","0.01","0.21","-0.03","0.05","0.04","0.39","0.12","0.03","-0.05","0.11","0.02","0.09","-0.02","-0.04","0.02","0.08","-0.03","0.01","0.04","0.00","3.28","0.02","0.40","-0.04","0.45","-0.02","0.01","0.34","2.51","0.29","0.04","0.12","0.18","0.36","0.13","0.30","0.19","0.12","0.18","0.34","0.14","0.12","0.00"
"2017 NOV","95.1","93.3","102.9","139.1","93.8","199.1","88.7","99.6","93.8","111.1","93.3","101.8","66.2","114.4","92.6","80.3","93.2","88.6","90.8","105.8","95.5","101.3","134.2","0.2","-1.6","0.3","0.5","0.3","0.7","-0.2","2.0","0.0","0.1","-1.0","-1.5","1.2","1.2","0.4","0.4","-0.1","0.0","-0.8","-1.6","0.0","-0.1","-0.9","3.3","0.4","4.2","-1.3","6.8","-6.7","-1.1","7.4","2.8","2.4","1.8","-0.8","4.7","3.6","1.6","3.5","2.8","2.3","3.8","2.6","5.1","6.9","-3.4","0.7","-1.8","2.4","4.7","2.8","-2.4","2.9","0.2","0.5","0.6","0.8","-3.2","1.9","0.5","0.9","-0.2","-0.5","0.5","1.5","0.5","0.6","2.0","1.5","3.3","1.9","4.1","-1.4","6.0","-3.7","0.1","6.0","3.0","2.4","1.4","1.7","3.3","3.6","1.3","3.6","3.0","2.5","3.9","4.2","8.7","7.4","-2.0","0.17","-0.01","0.04","0.00","0.04","0.01","0.00","0.12","0.02","0.01","-0.04","-0.04","0.08","0.11","0.05","0.03","-0.01","0.00","-0.05","-0.12","0.00","0.00","0.00","3.25","0.00","0.57","-0.01","0.68","-0.10","-0.01","0.44","2.24","0.24","0.07","-0.02","0.31","0.32","0.21","0.27","0.14","0.11","0.21","0.19","0.07","0.12","-0.01","0.74","-0.01","0.32","0.03","0.28","-0.03","0.04","0.01","0.42","0.06","0.03","-0.10","0.12","0.04","0.12","-0.02","-0.03","0.02","0.08","0.04","0.01","0.03","0.00","3.30","0.01","0.55","-0.01","0.60","-0.06","0.00","0.36","2.38","0.24","0.05","0.05","0.22","0.32","0.18","0.28","0.15","0.12","0.22","0.31","0.12","0.13","0.00"
"2017 DEC","95.3","91.0","102.2","110.4","94.6","200.9","88.7","102.7","94.0","111.0","92.8","101.3","67.0","116.9","92.9","82.4","93.3","88.4","92.0","101.4","95.3","101.4","134.8","0.3","-2.5","-0.7","-20.7","0.8","0.9","0.1","3.0","0.3","0.0","-0.5","-0.5","1.2","2.1","0.3","2.5","0.1","-0.2","1.2","-4.1","-0.1","0.1","0.5","2.8","-4.5","1.2","-22.5","3.9","-2.7","-0.9","7.0","2.8","1.1","1.3","-2.2","5.9","6.1","2.4","4.9","2.6","2.2","4.7","-2.1","7.3","5.6","0.1","0.7","-2.7","1.8","-1.3","2.9","-2.6","-0.2","1.7","0.4","-0.1","0.0","-4.8","2.6","1.3","1.1","0.2","-0.2","0.6","1.4","-0.9","0.0","1.3","1.5","3.2","-0.4","3.6","-6.4","6.1","-4.6","-1.3","6.7","2.9","1.9","1.6","-0.3","4.6","4.2","1.8","3.8","3.0","2.5","4.4","1.8","7.6","7.1","-1.7","0.31","-0.02","-0.09","-0.13","0.09","0.01","0.00","0.19","0.23","0.00","-0.02","-0.01","0.08","0.19","0.04","0.20","0.00","-0.01","0.07","-0.31","0.00","0.00","0.00","2.80","-0.03","0.16","-0.15","0.40","-0.04","-0.01","0.43","2.24","0.11","0.05","-0.07","0.39","0.54","0.31","0.38","0.13","0.11","0.26","-0.16","0.10","0.10","0.00","0.67","-0.02","0.24","-0.01","0.29","-0.04","0.00","0.10","0.35","-0.01","0.00","-0.14","0.17","0.12","0.14","0.02","-0.01","0.03","0.08","-0.07","0.00","0.02","0.00","3.20","0.00","0.48","-0.04","0.61","-0.07","-0.02","0.41","2.31","0.19","0.06","-0.01","0.30","0.37","0.24","0.29","0.15","0.12","0.24","0.13","0.11","0.12","0.00"
"2018 JAN","95.2","88.6","103.7","140.9","95.5","188.5","87.8","99.2","93.9","110.4","92.9","101.0","68.3","112.6","93.0","81.6","92.6","88.3","92.2","104.4","94.7","103.0","136.5","-0.2","-2.6","1.4","27.7","1.0","-6.2","-1.1","-3.3","-0.2","-0.6","0.1","-0.3","2.1","-3.6","0.1","-0.9","-0.7","-0.1","0.3","2.9","-0.6","1.6","1.3","2.4","-9.6","4.1","1.3","7.3","-9.7","-3.8","2.1","2.2","1.4","0.3","-3.7","9.8","3.1","2.5","1.3","0.9","1.9","4.5","-2.1","2.7","6.3","4.8","0.5","-4.4","1.4","-2.4","2.6","-2.9","-0.9","2.1","0.3","-0.3","-0.8","-3.9","3.2","1.3","1.0","1.2","-0.3","0.3","0.9","-2.3","-0.3","0.8","1.1","2.8","-4.7","3.2","-7.6","6.0","-6.4","-2.0","5.4","2.6","1.7","1.1","-2.3","6.8","4.3","2.1","3.2","2.1","2.1","4.3","-0.6","5.0","6.3","0.4","-0.16","-0.02","0.20","0.20","0.10","-0.09","-0.01","-0.21","-0.12","-0.06","0.00","-0.01","0.13","-0.33","0.01","-0.07","-0.04","-0.01","0.02","0.21","-0.01","0.03","0.00","2.38","-0.07","0.57","0.01","0.74","-0.15","-0.05","0.13","1.75","0.15","0.01","-0.11","0.61","0.27","0.33","0.11","0.04","0.09","0.25","-0.16","0.04","0.11","0.01","0.55","-0.03","0.19","-0.02","0.26","-0.04","-0.01","0.13","0.26","-0.04","-0.03","-0.11","0.20","0.11","0.14","0.10","-0.02","0.01","0.05","-0.17","0.00","0.01","0.00","2.81","-0.03","0.44","-0.07","0.61","-0.10","-0.03","0.33","2.07","0.17","0.04","-0.07","0.43","0.37","0.28","0.25","0.11","0.10","0.24","-0.04","0.07","0.11","0.00"
"2018 FEB","95.2","86.3","103.8","140.1","95.0","198.7","88.1","99.2","93.9","109.7","92.1","99.9","68.5","112.8","93.1","80.5","91.9","88.3","92.8","107.3","93.8","101.6","136.2","0.0","-2.7","0.1","-0.6","-0.5","5.4","0.3","0.0","0.0","-0.6","-0.8","-1.1","0.3","0.2","0.2","-1.3","-0.7","0.0","0.6","2.8","-0.9","-1.3","-0.3","2.3","-13.7","5.0","5.0","7.4","-2.9","-4.1","1.6","2.0","0.5","-1.1","-6.6","9.3","2.4","2.8","2.1","-1.1","1.6","3.9","1.3","0.9","5.7","8.3","0.3","-6.1","0.7","-4.7","1.9","-2.1","-1.4","1.9","0.2","-0.8","-1.2","-2.9","3.6","0.4","0.9","1.3","-0.7","-0.1","1.4","-2.0","-0.8","0.8","1.0","2.5","-9.3","3.4","-5.7","6.2","-5.1","-3.0","3.5","2.3","1.0","0.2","-4.2","8.3","3.9","2.6","2.7","0.8","1.9","4.3","-1.0","3.6","5.9","4.3","-0.01","-0.02","0.02","-0.01","-0.05","0.07","0.00","0.00","-0.01","-0.06","-0.03","-0.03","0.02","0.01","0.02","-0.10","-0.04","0.00","0.04","0.20","-0.01","-0.02","0.00","2.27","-0.10","0.69","0.04","0.73","-0.04","-0.05","0.10","1.58","0.05","-0.04","-0.20","0.58","0.21","0.37","0.16","-0.05","0.08","0.21","0.10","0.01","0.10","0.01","0.35","-0.04","0.10","-0.04","0.20","-0.03","-0.02","0.12","0.17","-0.08","-0.05","-0.08","0.23","0.04","0.11","0.11","-0.04","0.00","0.08","-0.15","-0.01","0.01","0.00","2.48","-0.07","0.48","-0.05","0.63","-0.08","-0.04","0.22","1.85","0.10","0.01","-0.13","0.52","0.34","0.34","0.21","0.04","0.09","0.24","-0.07","0.05","0.10","0.01"
"2018 MAR","95.1","84.4","103.1","132.4","94.8","195.8","88.5","97.7","94.0","107.0","91.9","102.3","70.6","113.5","93.1","80.1","92.0","88.0","92.9","108.0","93.6","103.1","138.9","-0.1","-2.1","-0.7","-5.5","-0.2","-1.5","0.5","-1.5","0.1","-2.5","-0.2","2.4","3.0","0.6","0.0","-0.6","0.1","-0.3","0.1","0.6","-0.2","1.4","2.0","2.1","-15.6","4.9","-1.2","7.1","1.0","-3.8","-0.5","2.0","-2.1","-1.3","-3.5","12.0","2.3","3.0","1.6","-2.2","1.0","4.7","1.7","1.7","5.0","11.9","0.1","-7.1","1.0","6.6","1.2","-2.4","-0.7","-1.3","0.1","-1.8","-1.2","-1.1","4.5","-1.6","0.5","-0.2","-1.2","-0.4","1.3","1.6","-1.4","1.2","1.8","2.2","-13.0","4.7","1.7","7.3","-4.0","-3.9","1.0","2.1","0.0","-0.7","-4.6","10.4","2.6","2.8","1.7","-0.8","1.5","4.3","0.3","1.8","5.6","8.3","-0.10","-0.01","-0.09","-0.05","-0.03","-0.02","0.01","-0.10","0.10","-0.25","-0.01","0.07","0.20","0.06","0.00","-0.04","0.01","-0.01","0.01","0.05","0.00","0.02","0.00","2.08","-0.11","0.67","-0.01","0.70","0.01","-0.05","-0.03","1.56","-0.21","-0.05","-0.11","0.75","0.20","0.39","0.12","-0.11","0.05","0.26","0.13","0.02","0.09","0.02","0.06","-0.05","0.13","0.06","0.13","-0.03","-0.01","-0.08","0.06","-0.19","-0.05","-0.03","0.29","-0.14","0.07","-0.01","-0.06","-0.02","0.07","0.12","-0.02","0.02","0.00","2.24","-0.09","0.64","0.02","0.72","-0.06","-0.05","0.07","1.63","0.00","-0.03","-0.14","0.64","0.23","0.36","0.13","-0.04","0.07","0.24","0.02","0.03","0.10","0.01"
"2018 APR","95.1","82.4","103.3","145.5","95.2","180.8","88.3","96.5","94.1","108.8","93.8","102.6","70.5","111.7","92.6","81.8","92.6","87.4","94.1","106.1","92.2","102.4","137.9","0.0","-2.4","0.2","9.9","0.5","-7.6","-0.2","-1.2","0.1","1.7","2.1","0.2","-0.2","-1.6","-0.5","2.1","0.7","-0.7","1.3","-1.7","-1.5","-0.7","-0.7","1.6","-16.9","5.0","11.2","7.5","-11.0","-0.9","-2.4","1.5","-1.2","0.6","-4.6","10.7","-0.3","2.1","3.0","0.6","-0.3","5.6","-1.0","-3.4","3.6","9.3","-0.1","-7.3","0.5","7.1","0.4","-2.2","-0.1","-2.7","0.1","-2.1","-0.4","0.2","4.0","-1.7","0.1","-0.8","-0.9","-0.6","1.7","3.1","-2.0","0.4","1.8","2.0","-15.4","5.0","4.9","7.3","-4.4","-3.0","-0.4","1.8","-0.9","-0.6","-4.9","10.7","1.5","2.6","2.2","-0.9","0.8","4.7","0.7","-0.3","4.7","9.8","0.04","-0.01","0.03","0.09","0.05","-0.11","0.00","-0.07","0.10","0.17","0.08","0.01","-0.01","-0.14","-0.07","0.17","0.03","-0.03","0.07","-0.13","-0.02","-0.01","0.00","1.60","-0.12","0.67","0.10","0.75","-0.16","-0.01","-0.15","1.20","-0.12","0.02","-0.14","0.67","-0.02","0.28","0.23","0.03","-0.01","0.31","-0.08","-0.05","0.06","0.02","-0.07","-0.05","0.07","0.06","0.05","-0.03","0.00","-0.17","0.08","-0.21","-0.01","0.01","0.26","-0.15","0.02","-0.06","-0.04","-0.03","0.10","0.23","-0.03","0.01","0.00","1.98","-0.11","0.68","0.04","0.73","-0.06","-0.04","-0.03","1.45","-0.09","-0.02","-0.15","0.66","0.13","0.35","0.17","-0.05","0.04","0.26","0.05","0.00","0.08","0.02"
"2018 MAY","95.4","81.5","102.5","142.5","95.3","165.4","88.8","98.2","94.4","109.8","95.8","104.3","70.9","111.6","92.5","81.6","93.1","87.6","94.0","105.6","94.6","103.1","135.7","0.3","-1.1","-0.8","-2.0","0.1","-8.6","0.6","1.8","0.3","0.9","2.1","1.7","0.7","-0.1","-0.1","-0.2","0.5","0.2","0.0","-0.5","2.6","0.7","-1.6","1.6","-16.6","3.4","8.5","6.4","-20.3","4.5","0.3","1.5","0.7","2.4","-2.5","11.3","-1.0","1.6","1.5","-1.5","-0.4","5.5","-1.8","-0.7","3.8","5.6","-0.1","-6.6","-0.2","7.4","0.1","-7.8","0.4","-2.9","0.3","-1.6","1.4","2.3","4.0","-1.6","-0.3","-0.4","0.0","-0.8","1.4","2.1","-1.2","0.8","1.2","1.7","-16.4","4.4","6.1","7.0","-10.4","-0.2","-0.9","1.7","-0.8","0.6","-3.5","11.3","0.4","2.3","2.0","-1.0","0.1","5.2","-0.4","-0.9","4.1","8.9","0.26","-0.01","-0.11","-0.02","0.01","-0.11","0.01","0.11","0.27","0.09","0.08","0.05","0.05","-0.01","-0.01","-0.02","0.03","0.01","0.00","-0.04","0.04","0.01","0.00","1.55","-0.11","0.46","0.07","0.64","-0.30","0.05","0.02","1.18","0.07","0.09","-0.07","0.71","-0.08","0.21","0.12","-0.08","-0.02","0.30","-0.14","-0.01","0.07","0.01","-0.05","-0.04","-0.03","0.06","0.01","-0.11","0.00","-0.18","0.20","-0.17","0.05","0.07","0.26","-0.14","-0.03","-0.03","0.00","-0.04","0.08","0.15","-0.02","0.01","0.00","1.74","-0.11","0.60","0.05","0.70","-0.15","0.00","-0.05","1.31","-0.09","0.02","-0.11","0.71","0.03","0.29","0.16","-0.05","0.01","0.29","-0.03","-0.01","0.07","0.02"
"2018 JUN","95.7","81.0","104.0","149.9","96.2","168.3","91.7","98.9","94.5","109.7","96.5","104.6","71.3","110.0","93.3","80.6","94.7","88.0","94.6","105.0","95.2","104.1","137.8","0.3","-0.7","1.5","5.2","0.9","1.8","3.3","0.7","0.1","-0.1","0.8","0.3","0.6","-1.5","0.8","-1.2","1.7","0.5","0.6","-0.6","0.7","0.9","1.6","1.7","-16.3","4.1","13.4","6.1","-18.4","8.6","0.7","1.5","-0.1","4.3","-1.1","10.3","-2.4","2.3","0.0","0.7","0.1","5.7","-1.8","1.5","5.8","3.9","0.2","-5.6","-0.3","5.9","0.5","-11.8","1.7","-0.8","0.5","0.4","3.3","2.7","2.5","-1.7","-0.3","0.8","1.4","-0.6","1.7","-1.0","-0.1","0.6","0.0","1.6","-16.6","4.2","11.0","6.7","-16.6","4.0","-0.4","1.5","-0.2","2.4","-2.7","10.8","-1.2","2.0","1.5","-0.1","-0.2","5.6","-1.5","-0.9","4.4","6.2","0.33","0.00","0.21","0.05","0.10","0.02","0.04","0.05","0.08","-0.01","0.03","0.01","0.04","-0.13","0.11","-0.09","0.08","0.02","0.03","-0.05","0.01","0.02","0.00","1.72","-0.11","0.57","0.12","0.62","-0.27","0.10","0.05","1.22","-0.01","0.17","-0.03","0.65","-0.21","0.30","0.00","0.03","0.00","0.31","-0.14","0.02","0.10","0.01","0.25","-0.03","-0.04","0.05","0.05","-0.16","0.02","-0.05","0.37","0.04","0.13","0.08","0.17","-0.15","-0.04","0.06","0.07","-0.03","0.10","-0.07","0.00","0.01","0.00","1.62","-0.11","0.57","0.10","0.67","-0.25","0.05","-0.03","1.20","-0.02","0.10","-0.08","0.68","-0.11","0.26","0.12","0.00","-0.01","0.31","-0.12","-0.01","0.08","0.01"
"2018 JUL","95.5","80.5","102.9","135.9","95.7","170.3","91.3","98.6","94.5","109.8","96.8","104.7","70.6","109.5","93.5","81.1","93.8","88.6","94.7","105.2","93.6","103.4","140.8","-0.2","-0.6","-1.0","-9.4","-0.6","1.2","-0.4","-0.4","-0.1","0.1","0.2","0.1","-1.0","-0.5","0.2","0.6","-0.9","0.7","0.1","0.2","-1.7","-0.7","2.1","1.3","-16.2","2.7","3.2","5.4","-17.1","3.7","1.1","1.2","-0.9","3.9","-3.8","10.9","-3.5","2.3","0.4","0.1","0.6","5.4","-0.8","-1.8","5.1","6.0","0.4","-4.0","-0.3","2.5","0.7","-12.4","2.7","0.8","0.5","1.2","4.0","2.9","1.6","-2.1","0.2","0.4","1.8","0.1","1.3","-1.8","1.3","1.1","0.3","1.5","-16.4","3.4","8.4","6.0","-18.6","5.6","0.7","1.4","-0.1","3.5","-2.5","10.8","-2.3","2.1","0.6","-0.3","0.1","5.5","-1.5","-0.3","4.9","5.1","-0.22","0.00","-0.15","-0.09","-0.06","0.01","-0.01","-0.02","-0.05","0.01","0.01","0.00","-0.07","-0.04","0.03","0.04","-0.05","0.03","0.01","0.02","-0.03","-0.01","0.00","1.31","-0.11","0.37","0.03","0.54","-0.25","0.05","0.07","0.99","-0.09","0.15","-0.12","0.68","-0.31","0.30","0.03","0.00","0.03","0.30","-0.06","-0.03","0.09","0.01","0.40","-0.02","-0.04","0.02","0.08","-0.17","0.03","0.05","0.41","0.12","0.16","0.08","0.11","-0.18","0.02","0.03","0.09","0.01","0.07","-0.13","0.02","0.02","0.00","1.53","-0.11","0.47","0.07","0.60","-0.28","0.07","0.04","1.13","-0.01","0.14","-0.07","0.68","-0.20","0.27","0.05","-0.01","0.00","0.30","-0.11","0.00","0.09","0.01"
"2018 AUG","95.8","80.6","103.9","147.2","96.3","168.9","91.1","97.8","94.7","109.2","97.8","104.1","73.0","108.7","93.7","80.5","93.5","89.1","95.2","105.2","94.1","104.9","143.7","0.3","0.1","0.9","8.4","0.7","-0.8","-0.2","-0.8","0.3","-0.6","1.1","-0.6","3.4","-0.7","0.2","-0.7","-0.3","0.7","0.5","0.0","0.6","1.5","2.1","1.5","-15.7","3.9","14.8","6.2","-17.3","3.4","-1.6","1.4","-1.7","4.7","-2.7","12.6","-4.0","2.4","0.2","0.2","1.3","5.7","0.0","-1.6","3.8","9.0","0.5","-2.6","0.6","3.0","1.0","-6.4","3.2","1.0","0.4","1.0","3.4","1.3","1.4","-2.6","0.8","-0.5","1.5","1.0","1.2","-1.4","0.9","1.2","2.4","1.5","-16.1","3.6","10.4","5.9","-17.6","5.2","0.1","1.4","-0.9","4.3","-2.5","11.3","-3.3","2.3","0.2","0.3","0.7","5.6","-0.9","-0.6","4.9","6.3","0.29","0.00","0.13","0.07","0.07","-0.01","0.00","-0.05","0.20","-0.06","0.04","-0.02","0.23","-0.06","0.03","-0.06","-0.01","0.03","0.03","0.00","0.01","0.03","0.00","1.48","-0.11","0.53","0.13","0.62","-0.25","0.04","-0.10","1.15","-0.17","0.18","-0.08","0.80","-0.35","0.31","0.02","0.01","0.06","0.32","0.00","-0.02","0.07","0.02","0.47","-0.01","0.09","0.03","0.10","-0.08","0.04","0.06","0.33","0.09","0.13","0.04","0.10","-0.22","0.11","-0.04","0.08","0.05","0.07","-0.10","0.01","0.02","0.00","1.50","-0.11","0.49","0.09","0.60","-0.26","0.06","0.00","1.12","-0.09","0.17","-0.08","0.71","-0.29","0.30","0.02","0.02","0.03","0.31","-0.07","-0.01","0.09","0.01"
"2018 SEP","95.9","81.1","103.2","142.2","95.8","166.3","91.7","98.3","94.9","109.6","98.5","104.4","73.7","107.9","94.1","81.0","94.4","89.2","94.8","105.2","94.1","103.4","143.0","0.1","0.7","-0.7","-3.4","-0.5","-1.5","0.7","0.5","0.2","0.4","0.7","0.3","1.0","-0.7","0.4","0.5","0.9","0.1","-0.4","0.1","0.0","-1.4","-0.5","1.1","-14.7","1.2","6.7","3.5","-18.6","1.2","0.1","1.3","-1.7","5.1","-1.5","13.3","-4.8","2.5","0.0","1.2","1.3","4.3","-1.1","-1.3","2.4","6.9","0.3","-1.1","0.1","-2.9","0.3","-1.7","2.0","0.4","0.4","0.1","2.4","0.5","2.2","-2.1","1.0","-0.6","0.5","1.5","0.7","-0.4","-0.1","0.6","3.9","1.3","-15.5","2.6","8.2","5.0","-17.6","2.7","-0.1","1.3","-1.4","4.6","-2.7","12.3","-4.1","2.4","0.2","0.5","1.1","5.2","-0.7","-1.6","3.8","7.3","0.12","0.00","-0.10","-0.03","-0.05","-0.02","0.01","0.03","0.18","0.04","0.03","0.01","0.07","-0.06","0.05","0.04","0.04","0.01","-0.02","0.01","0.00","-0.03","0.00","1.12","-0.10","0.16","0.06","0.36","-0.27","0.01","0.01","1.04","-0.18","0.20","-0.05","0.84","-0.42","0.32","0.00","0.06","0.06","0.24","-0.08","-0.02","0.04","0.01","0.32","-0.01","0.01","-0.03","0.03","-0.02","0.03","0.02","0.29","0.01","0.10","0.01","0.15","-0.18","0.13","-0.05","0.02","0.07","0.04","-0.03","0.00","0.01","0.01","1.30","-0.10","0.35","0.07","0.51","-0.26","0.03","-0.01","1.06","-0.15","0.18","-0.08","0.77","-0.36","0.31","0.02","0.02","0.05","0.29","-0.05","-0.02","0.07","0.01"
"2018 OCT","95.9","82.2","102.9","144.9","95.2","168.9","91.2","98.7","95.0","109.7","99.6","105.4","73.3","107.3","94.3","80.8","94.0","89.7","95.3","105.1","94.5","103.8","151.6","0.1","1.3","-0.3","1.9","-0.7","1.6","-0.5","0.4","0.1","0.0","1.1","1.0","-0.6","-0.6","0.3","-0.2","-0.4","0.5","0.5","-0.1","0.5","0.4","6.0","1.1","-13.3","0.4","4.7","1.8","-14.6","2.7","1.0","1.3","-1.2","5.7","2.0","12.0","-5.1","2.3","1.0","0.7","1.2","4.0","-2.2","-1.0","2.3","12.0","0.3","0.4","0.2","1.4","0.0","0.0","0.8","-0.3","0.4","-0.3","2.4","0.1","3.4","-2.1","1.0","-0.4","0.1","1.5","0.7","-0.1","-0.2","0.5","5.8","1.2","-14.6","1.8","8.6","3.8","-16.8","2.4","-0.2","1.4","-1.5","5.2","-0.8","12.6","-4.6","2.4","0.4","0.7","1.3","4.7","-1.1","-1.3","2.8","9.3","0.05","0.01","-0.04","0.02","-0.07","0.02","-0.01","0.02","0.06","0.00","0.05","0.03","-0.04","-0.05","0.04","-0.01","-0.02","0.02","0.03","-0.01","0.01","0.01","0.01","1.08","-0.09","0.05","0.04","0.19","-0.21","0.03","0.06","1.05","-0.12","0.22","0.06","0.76","-0.45","0.29","0.08","0.04","0.06","0.23","-0.17","-0.02","0.04","0.02","0.35","0.00","0.03","0.01","0.00","0.00","0.01","-0.02","0.34","-0.03","0.09","0.00","0.23","-0.18","0.13","-0.03","0.00","0.07","0.04","-0.01","0.00","0.01","0.01","1.22","-0.10","0.25","0.08","0.39","-0.24","0.03","-0.01","1.08","-0.16","0.20","-0.02","0.80","-0.41","0.31","0.03","0.04","0.06","0.26","-0.08","-0.02","0.05","0.02"
"2018 NOV","96.0","83.7","102.4","140.5","95.1","166.0","90.5","98.4","95.2","110.3","99.6","107.0","73.6","107.6","94.5","81.7","93.8","89.7","95.9","104.0","94.3","102.4","149.8","0.1","1.8","-0.5","-3.0","-0.1","-1.7","-0.8","-0.2","0.2","0.6","0.1","1.5","0.4","0.3","0.2","1.1","-0.1","0.0","0.6","-1.1","-0.3","-1.3","-1.2","1.0","-10.4","-0.5","1.1","1.4","-16.6","2.0","-1.2","1.5","-0.7","6.8","5.1","11.2","-5.9","2.0","1.7","0.7","1.2","5.5","-1.7","-1.3","1.1","11.6","0.3","2.0","-0.8","-1.3","-0.7","-1.2","-0.3","0.0","0.5","0.3","2.3","1.1","2.6","-1.6","0.8","0.5","0.0","1.1","0.5","-0.3","0.0","-0.9","5.2","1.1","-12.8","0.3","4.1","2.2","-16.6","2.0","0.0","1.4","-1.2","5.9","1.8","12.1","-5.3","2.2","0.9","0.9","1.3","4.6","-1.7","-1.2","2.0","10.2","0.10","0.01","-0.08","-0.03","-0.01","-0.02","-0.01","-0.01","0.18","0.06","0.00","0.04","0.03","0.03","0.02","0.08","-0.01","0.00","0.04","-0.08","0.00","-0.02","0.00","1.01","-0.07","-0.07","0.01","0.14","-0.23","0.03","-0.08","1.21","-0.07","0.26","0.14","0.71","-0.53","0.26","0.13","0.03","0.06","0.31","-0.13","-0.02","0.02","0.02","0.31","0.01","-0.11","-0.01","-0.08","-0.01","0.00","0.00","0.40","0.03","0.09","0.03","0.18","-0.14","0.11","0.04","0.00","0.05","0.03","-0.02","0.00","-0.02","0.01","1.07","-0.08","0.05","0.04","0.23","-0.24","0.02","0.00","1.10","-0.12","0.23","0.05","0.77","-0.47","0.29","0.07","0.04","0.06","0.26","-0.13","-0.02","0.03","0.02"
"2018 DEC","95.5","85.6","100.4","139.3","93.0","163.1","90.1","96.0","95.1","110.3","99.5","107.0","75.5","107.9","94.0","80.9","92.7","89.9","95.6","102.4","96.9","101.6","152.3","-0.5","2.3","-1.9","-0.9","-2.2","-1.8","-0.4","-2.5","-0.1","-0.1","-0.1","-0.1","2.6","0.2","-0.5","-0.9","-1.2","0.3","-0.3","-1.5","2.8","-0.8","1.7","0.2","-5.9","-1.8","26.2","-1.7","-18.8","1.6","-6.5","1.1","-0.7","7.2","5.6","12.7","-7.7","1.2","-1.7","-0.6","1.6","4.0","1.0","1.7","0.1","13.0","0.1","3.8","-1.4","-0.1","-1.6","-1.5","-0.8","-0.6","0.4","0.5","1.9","2.0","2.3","-1.0","0.5","0.3","-0.4","0.9","0.7","-1.3","1.4","-1.2","6.2","0.8","-9.9","-0.6","9.5","0.5","-16.7","2.1","-2.3","1.3","-0.8","6.6","4.2","12.0","-6.3","1.8","0.3","0.3","1.4","4.5","-1.0","-0.2","1.2","12.2","-0.52","0.01","-0.26","-0.01","-0.23","-0.02","-0.01","-0.15","-0.11","-0.01","0.00","0.00","0.18","0.02","-0.07","-0.07","-0.06","0.01","-0.02","-0.11","0.04","-0.01","0.00","0.18","-0.04","-0.24","0.19","-0.18","-0.27","0.02","-0.42","0.87","-0.07","0.28","0.16","0.82","-0.69","0.15","-0.14","-0.03","0.08","0.22","0.07","0.02","0.00","0.02","0.12","0.02","-0.20","0.00","-0.17","-0.02","-0.01","-0.03","0.33","0.05","0.08","0.06","0.16","-0.08","0.07","0.03","-0.02","0.04","0.04","-0.09","0.02","-0.02","0.01","0.75","-0.06","-0.09","0.08","0.05","-0.24","0.03","-0.14","1.05","-0.09","0.26","0.12","0.77","-0.56","0.24","0.02","0.01","0.07","0.25","-0.08","0.00","0.02","0.02"
"2019 JAN","96.0","88.3","103.4","137.2","96.3","170.9","90.2","98.1","95.0","111.1","99.3","106.3","73.9","107.4","94.4","80.4","93.8","91.1","96.0","101.6","97.9","100.9","152.8","0.5","3.1","2.9","-1.5","3.6","4.8","0.1","2.2","-0.1","0.7","-0.3","-0.7","-2.1","-0.5","0.4","-0.7","1.2","1.4","0.4","-0.9","1.0","-0.7","0.3","0.8","-0.4","-0.3","-2.6","0.8","-9.3","2.8","-1.1","1.2","0.7","6.9","5.3","8.1","-4.7","1.5","-1.5","1.4","3.2","4.1","-2.7","3.4","-2.1","11.9","0.0","5.6","-1.3","-4.0","-1.0","-0.8","-1.2","-0.8","0.2","1.0","0.9","2.1","1.3","-0.3","0.3","0.3","-0.5","1.0","0.8","-2.4","2.3","-2.3","3.8","0.7","-5.7","-0.8","6.8","0.2","-15.0","2.1","-3.0","1.3","-0.2","7.0","5.3","10.6","-6.1","1.6","-0.5","0.5","2.0","4.5","-1.2","1.3","-0.3","12.2","0.51","0.02","0.40","-0.02","0.35","0.06","0.00","0.14","-0.05","0.07","-0.01","-0.02","-0.14","-0.04","0.05","-0.06","0.06","0.07","0.02","-0.06","0.02","-0.01","0.00","0.84","0.00","-0.04","-0.03","0.09","-0.14","0.03","-0.07","0.95","0.07","0.26","0.15","0.48","-0.41","0.20","-0.12","0.07","0.15","0.23","-0.20","0.05","-0.04","0.02","0.00","0.03","-0.18","-0.05","-0.10","-0.01","-0.02","-0.05","0.19","0.10","0.03","0.06","0.08","-0.03","0.03","0.02","-0.03","0.05","0.04","-0.18","0.03","-0.04","0.01","0.67","-0.04","-0.12","0.08","0.02","-0.23","0.03","-0.19","1.01","-0.02","0.26","0.16","0.63","-0.54","0.21","-0.04","0.02","0.10","0.25","-0.09","0.02","-0.01","0.02"
"2019 FEB","96.5","90.2","104.2","141.0","97.7","164.1","89.5","100.1","95.4","111.1","100.0","105.4","74.3","106.3","94.5","81.8","94.5","91.5","95.7","103.1","99.6","101.0","155.4","0.6","2.2","0.8","2.7","1.4","-4.0","-0.8","2.0","0.4","0.1","0.7","-0.8","0.6","-0.9","0.2","1.8","0.7","0.4","-0.3","1.5","1.7","0.1","1.7","1.4","4.6","0.4","0.6","2.8","-17.4","1.6","0.9","1.6","1.3","8.5","5.5","8.5","-5.7","1.5","1.6","2.8","3.7","3.1","-4.0","6.1","-0.6","14.1","0.1","6.9","-0.2","-2.4","0.3","-0.6","-1.3","-0.4","0.1","0.9","0.4","0.6","1.4","-0.4","0.0","-0.1","-0.4","1.5","0.5","-2.3","4.1","-2.0","3.6","0.8","-0.7","-0.6","6.7","0.6","-15.3","2.0","-2.3","1.3","0.4","7.6","5.5","9.7","-6.1","1.4","-0.6","1.2","2.8","3.7","-2.0","3.7","-0.9","13.0","0.56","0.01","0.11","0.03","0.14","-0.05","-0.01","0.13","0.30","0.01","0.03","-0.02","0.04","-0.08","0.02","0.14","0.04","0.02","-0.02","0.10","0.02","0.00","0.00","1.42","0.03","0.05","0.01","0.28","-0.27","0.02","0.06","1.27","0.14","0.32","0.16","0.51","-0.50","0.20","0.12","0.14","0.18","0.17","-0.30","0.09","-0.01","0.03","0.09","0.04","-0.02","-0.03","0.03","-0.01","-0.02","-0.03","0.10","0.09","0.01","0.02","0.09","-0.03","0.00","-0.01","-0.02","0.07","0.03","-0.17","0.06","-0.04","0.01","0.81","0.00","-0.08","0.07","0.06","-0.23","0.02","-0.15","1.03","0.04","0.28","0.16","0.58","-0.53","0.18","-0.05","0.06","0.14","0.21","-0.14","0.05","-0.02","0.02"
"2019 MAR","96.4","91.7","104.6","141.0","98.2","164.8","88.9","98.3","95.3","110.5","99.1","103.7","74.9","105.6","94.8","80.7","94.5","91.8","95.3","105.1","98.1","100.5","156.3","-0.2","1.6","0.4","0.0","0.5","0.4","-0.7","-1.8","-0.1","-0.6","-0.9","-1.6","0.8","-0.7","0.4","-1.4","0.1","0.3","-0.4","2.0","-1.5","-0.5","0.6","1.4","8.5","1.4","6.5","3.6","-15.8","0.5","0.6","1.3","3.3","7.8","1.4","6.1","-7.0","1.8","0.7","2.8","4.3","2.6","-2.7","4.7","-2.4","12.5","0.5","7.4","2.1","-1.3","3.2","0.4","-1.2","1.2","0.1","0.7","-0.1","-1.3","0.3","-1.1","0.3","-0.2","0.9","2.0","0.1","-0.6","3.4","-1.8","2.4","1.2","4.2","0.5","1.4","2.4","-14.3","1.6","0.1","1.4","1.8","7.7","4.0","7.6","-5.8","1.6","0.2","2.3","3.7","3.3","-3.1","4.7","-1.7","12.8","-0.16","0.01","0.05","0.00","0.05","0.01","-0.01","-0.12","-0.10","-0.06","-0.03","-0.05","0.05","-0.06","0.05","-0.11","0.00","0.02","-0.02","0.14","-0.02","-0.01","0.00","1.36","0.06","0.20","0.07","0.36","-0.24","0.01","0.04","1.07","0.33","0.29","0.04","0.38","-0.61","0.25","0.06","0.14","0.21","0.14","-0.21","0.07","-0.04","0.02","0.51","0.05","0.29","-0.02","0.31","0.00","-0.02","0.07","0.11","0.08","-0.01","-0.04","0.02","-0.09","0.04","-0.02","0.04","0.09","0.01","-0.04","0.05","-0.03","0.00","1.21","0.03","0.07","0.02","0.24","-0.21","0.02","0.01","1.10","0.18","0.29","0.12","0.46","-0.50","0.21","0.02","0.12","0.18","0.18","-0.24","0.07","-0.03","0.02"
"2019 APR","96.0","93.0","102.3","139.4","94.8","171.8","89.8","98.5","95.2","110.1","100.6","103.2","75.5","106.2","94.9","81.2","92.7","92.1","94.8","103.7","97.3","99.1","156.7","-0.4","1.5","-2.2","-1.2","-3.5","4.3","1.1","0.2","-0.1","-0.3","1.5","-0.5","0.8","0.6","0.1","0.6","-1.9","0.3","-0.5","-1.3","-0.8","-1.4","0.3","1.0","12.8","-1.0","-4.2","-0.5","-5.0","1.7","2.0","1.1","1.2","7.2","0.6","7.2","-4.9","2.5","-0.8","0.1","5.3","0.8","-2.3","5.5","-3.2","13.6","0.5","6.7","1.6","1.0","2.2","0.1","-1.0","1.5","0.2","0.0","0.4","-2.5","0.8","-1.5","0.5","0.3","0.5","1.7","-0.6","1.3","2.0","-1.4","3.0","1.2","8.6","0.3","0.8","1.9","-13.0","1.3","1.2","1.4","1.9","7.9","2.5","7.2","-5.9","1.9","0.5","1.9","4.4","2.2","-3.0","5.4","-2.1","13.4","-0.36","0.01","-0.31","-0.01","-0.36","0.05","0.01","0.01","-0.08","-0.03","0.06","-0.02","0.05","0.05","0.01","0.05","-0.10","0.01","-0.03","-0.10","-0.01","-0.02","0.00","0.95","0.08","-0.14","-0.05","-0.05","-0.07","0.02","0.12","0.89","0.12","0.27","0.02","0.44","-0.42","0.33","-0.06","0.01","0.25","0.05","-0.17","0.08","-0.06","0.02","0.50","0.04","0.22","0.01","0.22","0.00","-0.01","0.09","0.14","0.00","0.02","-0.08","0.05","-0.12","0.07","0.02","0.03","0.08","-0.03","0.09","0.03","-0.02","0.01","1.24","0.06","0.04","0.01","0.20","-0.19","0.02","0.07","1.08","0.20","0.29","0.07","0.44","-0.51","0.26","0.04","0.10","0.21","0.12","-0.23","0.08","-0.04","0.02"
"2019 MAY","96.5","93.9","103.6","142.4","95.9","175.6","90.0","97.7","95.6","109.8","101.1","102.0","76.5","106.6","95.3","82.2","94.0","92.1","95.4","103.7","96.8","100.9","154.2","0.5","0.9","1.3","2.2","1.2","2.2","0.2","-0.8","0.4","-0.3","0.4","-1.2","1.4","0.4","0.4","1.3","1.4","0.0","0.6","-0.1","-0.4","1.8","-1.6","1.2","15.1","1.1","-0.1","0.6","6.2","1.4","-0.5","1.2","0.0","5.5","-2.2","7.9","-4.5","3.0","0.7","1.0","5.2","1.5","-1.9","2.4","-2.2","13.6","0.3","5.5","0.8","1.2","0.7","2.8","-0.4","0.1","0.2","-0.6","0.7","-3.1","1.5","-1.0","0.8","0.4","0.1","1.2","-0.6","1.8","-0.8","-1.0","1.5","1.2","12.1","0.5","0.6","1.2","-5.5","1.2","0.7","1.2","1.5","6.8","-0.1","7.1","-5.5","2.4","0.2","1.3","4.9","1.6","-2.3","4.2","-2.6","13.3","0.47","0.01","0.17","0.03","0.12","0.03","0.00","-0.05","0.34","-0.03","0.02","-0.04","0.09","0.03","0.05","0.10","0.07","0.00","0.03","0.00","-0.01","0.03","0.00","1.17","0.09","0.15","0.00","0.06","0.08","0.02","-0.03","0.96","0.00","0.21","-0.07","0.49","-0.38","0.39","0.06","0.05","0.24","0.08","-0.14","0.03","-0.04","0.02","0.30","0.04","0.11","0.01","0.07","0.04","-0.01","0.01","0.14","-0.06","0.03","-0.09","0.09","-0.08","0.11","0.03","0.01","0.06","-0.04","0.13","-0.01","-0.02","0.00","1.16","0.08","0.07","0.01","0.12","-0.08","0.01","0.04","0.97","0.15","0.26","0.00","0.44","-0.47","0.32","0.02","0.07","0.23","0.09","-0.17","0.06","-0.05","0.02"
"2019 JUN","97.1","94.9","103.8","135.2","96.2","181.7","90.9","97.7","96.3","109.4","100.2","105.2","78.6","107.3","95.5","83.9","94.6","92.1","95.9","104.3","100.2","100.8","151.4","0.6","1.1","0.2","-5.0","0.4","3.5","0.9","0.0","0.7","-0.4","-0.9","3.2","2.7","0.6","0.2","2.1","0.6","0.0","0.5","0.6","3.4","-0.1","-1.8","1.5","17.2","-0.2","-9.8","0.0","8.0","-0.9","-1.2","1.9","-0.3","3.8","0.6","10.2","-2.5","2.4","4.0","-0.1","4.7","1.4","-0.6","5.2","-3.1","9.8","0.2","4.3","-0.8","-0.5","-1.8","5.9","0.8","-0.9","0.5","-1.0","1.2","-1.6","3.4","0.2","0.7","1.8","-0.5","0.6","-0.3","0.6","-0.4","-0.5","-0.5","1.2","15.0","0.0","-4.8","0.0","2.8","0.7","0.1","1.4","0.3","5.5","-0.4","8.4","-4.0","2.6","1.3","0.3","5.1","1.2","-1.6","4.4","-2.8","12.4","0.63","0.01","0.03","-0.06","0.04","0.05","0.01","0.00","0.59","-0.04","-0.03","0.09","0.18","0.05","0.03","0.16","0.03","0.00","0.03","0.04","0.05","0.00","0.00","1.47","0.11","-0.03","-0.12","0.00","0.10","-0.01","-0.08","1.47","-0.03","0.15","0.02","0.64","-0.21","0.31","0.31","-0.01","0.22","0.08","-0.05","0.08","-0.06","0.02","0.24","0.03","-0.11","-0.01","-0.19","0.07","0.01","-0.05","0.38","-0.10","0.05","-0.05","0.22","0.02","0.10","0.14","-0.03","0.03","-0.02","0.05","-0.01","-0.01","0.00","1.20","0.09","-0.01","-0.06","0.00","0.04","0.01","0.01","1.11","0.03","0.21","-0.01","0.52","-0.34","0.35","0.10","0.02","0.24","0.07","-0.12","0.06","-0.05","0.02"
"2019 JUL","97.2","96.2","104.2","137.2","96.7","180.8","90.2","98.0","96.3","108.5","101.2","106.0","77.8","107.6","95.3","84.4","95.5","91.8","96.3","105.7","96.4","100.4","152.4","0.1","1.4","0.4","1.5","0.5","-0.5","-0.7","0.2","0.0","-0.8","1.0","0.7","-1.1","0.3","-0.2","0.6","1.0","-0.3","0.4","1.3","-3.7","-0.4","0.7","1.8","19.6","1.2","1.0","1.1","6.2","-1.2","-0.6","2.0","-1.2","4.5","1.2","10.1","-1.7","1.9","4.0","1.9","3.7","1.7","0.5","3.1","-2.9","8.3","0.6","3.7","0.2","-1.5","-0.6","7.4","1.1","-1.2","0.8","-1.2","0.9","0.2","3.6","1.0","0.6","2.8","0.8","0.2","0.6","0.6","-0.5","0.5","-2.2","1.5","17.3","0.7","-3.2","0.5","6.8","-0.3","-0.8","1.7","-0.5","4.6","-0.2","9.4","-2.9","2.4","2.9","0.9","4.5","1.5","-0.7","3.6","-2.7","10.5","0.11","0.01","0.05","0.02","0.05","-0.01","-0.01","0.01","0.03","-0.08","0.04","0.02","-0.07","0.02","-0.03","0.05","0.05","-0.02","0.02","0.10","-0.06","-0.01","0.00","1.81","0.12","0.17","0.01","0.11","0.08","-0.02","-0.04","1.56","-0.12","0.18","0.04","0.62","-0.14","0.25","0.32","0.10","0.18","0.09","0.03","0.04","-0.05","0.02","0.63","0.03","0.02","-0.02","-0.06","0.10","0.01","-0.07","0.66","-0.12","0.04","0.01","0.24","0.08","0.09","0.22","0.04","0.01","0.03","0.04","-0.01","0.01","0.00","1.48","0.11","0.10","-0.04","0.06","0.09","0.00","-0.05","1.33","-0.05","0.18","0.00","0.58","-0.25","0.32","0.23","0.05","0.21","0.08","-0.05","0.05","-0.05","0.02"
"2019 AUG","97.0","98.4","103.5","139.9","95.4","180.1","91.6","98.3","96.1","108.3","100.2","105.0","77.7","108.0","95.4","84.5","95.6","91.6","95.7","103.2","98.9","102.8","149.3","-0.2","2.2","-0.7","1.9","-1.3","-0.4","1.5","0.4","-0.2","-0.2","-1.0","-0.9","0.0","0.4","0.1","0.1","0.0","-0.2","-0.6","-2.4","2.6","2.4","-2.0","1.3","22.1","-0.4","-5.0","-0.9","6.6","0.5","0.6","1.5","-0.8","2.4","0.9","6.4","-0.7","1.8","4.9","2.2","2.8","0.5","-1.9","5.1","-2.0","3.9","0.8","4.0","0.4","-2.5","-0.2","5.9","1.5","-0.1","1.0","-1.3","0.2","2.4","3.1","1.4","0.4","3.6","1.6","-0.2","0.8","0.2","1.1","1.2","-3.0","1.5","19.6","0.2","-4.8","0.1","6.9","-0.6","-0.4","1.8","-0.8","3.6","0.9","8.9","-1.6","2.0","4.3","1.3","3.7","1.2","-0.7","4.5","-2.7","7.3","-0.23","0.02","-0.10","0.02","-0.13","-0.01","0.02","0.02","-0.17","-0.02","-0.04","-0.03","0.00","0.03","0.01","0.01","0.00","-0.01","-0.03","-0.17","0.04","0.04","0.00","1.28","0.13","-0.06","-0.06","-0.09","0.09","0.01","0.03","1.18","-0.08","0.09","0.03","0.41","-0.05","0.24","0.38","0.11","0.13","0.03","-0.14","0.07","-0.03","0.01","0.82","0.03","0.05","-0.03","-0.02","0.08","0.02","-0.01","0.75","-0.13","0.01","0.07","0.21","0.11","0.05","0.28","0.08","-0.01","0.04","0.02","0.02","0.02","-0.01","1.52","0.12","0.03","-0.06","0.01","0.09","-0.01","-0.03","1.40","-0.08","0.14","0.03","0.56","-0.14","0.27","0.34","0.07","0.18","0.07","-0.05","0.06","-0.05","0.01"
"2019 SEP","97.4","101.3","105.3","146.5","96.7","188.4","91.4","98.1","96.3","109.0","100.0","105.5","80.3","107.3","95.8","82.6","94.3","91.7","96.8","104.3","96.8","104.5","145.6","0.4","2.9","1.8","4.8","1.3","4.6","-0.1","-0.3","0.2","0.6","-0.2","0.5","3.3","-0.7","0.4","-2.2","-1.3","0.0","1.1","1.1","-2.1","1.7","-2.5","1.6","24.8","2.1","3.1","0.9","13.2","-0.3","-0.3","1.5","-0.6","1.5","1.1","8.9","-0.6","1.8","2.1","0.0","2.7","2.1","-0.9","3.0","1.1","1.8","0.7","5.0","1.1","1.6","0.7","3.8","0.9","0.2","0.6","-1.1","-0.2","2.0","2.2","0.9","0.2","1.7","1.5","-0.4","0.9","0.5","-0.7","2.3","-3.2","1.6","22.2","1.0","-0.4","0.4","8.7","-0.3","-0.1","1.7","-0.9","2.8","1.1","8.5","-1.0","1.8","3.7","1.3","3.1","1.4","-0.8","3.7","-1.2","4.7","0.44","0.02","0.25","0.05","0.13","0.06","0.00","-0.02","0.19","0.06","-0.01","0.01","0.22","-0.05","0.06","-0.18","-0.07","0.00","0.06","0.08","-0.03","0.03","0.00","1.61","0.15","0.28","0.04","0.09","0.17","0.00","-0.02","1.19","-0.06","0.06","0.03","0.57","-0.05","0.24","0.16","0.00","0.13","0.12","-0.06","0.04","0.02","0.00","0.68","0.04","0.15","0.02","0.07","0.05","0.01","0.01","0.49","-0.11","-0.01","0.06","0.15","0.07","0.03","0.14","0.07","-0.02","0.05","0.04","-0.01","0.04","-0.01","1.57","0.14","0.13","0.00","0.04","0.11","0.00","-0.01","1.31","-0.09","0.11","0.03","0.53","-0.08","0.24","0.29","0.07","0.15","0.08","-0.06","0.05","-0.02","0.01"
"2019 OCT","97.3","103.2","106.3","142.1","97.2","203.9","90.7","96.2","96.2","108.0","100.1","106.0","79.8","106.5","95.4","84.9","93.5","90.9","97.3","103.5","95.5","104.9","144.4","-0.1","1.9","0.9","-3.0","0.5","8.3","-0.8","-1.9","-0.2","-0.9","0.1","0.4","-0.6","-0.7","-0.4","2.7","-0.9","-0.8","0.5","-0.8","-1.4","0.4","-0.8","1.4","25.6","3.2","-2.0","2.1","20.7","-0.6","-2.5","1.2","-1.5","0.6","0.6","8.9","-0.7","1.1","5.0","-0.5","1.4","2.1","-1.6","1.0","1.1","-4.8","0.3","6.3","1.1","3.3","0.2","6.4","1.0","-0.3","0.2","-0.7","-0.7","1.1","2.1","0.1","0.1","0.6","-0.3","-0.6","0.8","-0.8","-0.7","3.4","-4.1","1.4","24.2","1.6","-1.3","0.7","13.5","-0.1","-0.7","1.4","-1.0","1.5","0.9","8.1","-0.7","1.6","4.0","0.5","2.3","1.6","-1.4","3.0","0.1","0.2","-0.12","0.02","0.12","-0.04","0.05","0.12","-0.01","-0.12","-0.14","-0.09","0.01","0.01","-0.04","-0.06","-0.06","0.21","-0.04","-0.04","0.03","-0.06","-0.02","0.01","0.00","1.43","0.16","0.45","-0.02","0.21","0.27","-0.01","-0.16","0.98","-0.15","0.02","0.02","0.57","-0.06","0.15","0.39","-0.03","0.07","0.12","-0.12","0.02","0.02","-0.01","0.31","0.04","0.15","0.04","0.02","0.09","0.01","-0.02","0.12","-0.07","-0.03","0.03","0.14","0.01","0.02","0.05","-0.01","-0.03","0.04","-0.06","-0.01","0.06","-0.01","1.44","0.15","0.23","-0.02","0.07","0.17","0.00","-0.05","1.12","-0.10","0.06","0.03","0.51","-0.05","0.21","0.31","0.03","0.11","0.09","-0.11","0.04","0.00","0.00"
"2019 NOV","97.0","104.6","106.1","149.5","95.9","211.1","91.0","97.5","95.7","106.2","97.8","108.4","79.1","106.3","95.6","83.0","94.5","90.3","98.1","102.1","98.3","106.0","146.4","-0.3","1.3","-0.1","5.2","-1.3","3.5","0.3","1.4","-0.5","-1.7","-2.3","2.2","-0.9","-0.2","0.2","-2.3","1.0","-0.7","0.9","-1.3","2.9","1.0","1.4","1.0","25.1","3.7","6.4","0.8","27.2","0.5","-1.0","0.5","-3.8","-1.9","1.3","7.5","-1.3","1.1","1.6","0.7","0.7","2.4","-1.8","4.3","3.5","-2.3","0.1","6.8","2.0","6.2","0.5","11.2","0.2","-0.8","-0.2","-0.9","-1.2","1.2","2.2","-0.8","0.2","-0.9","-1.2","-0.9","1.5","-1.1","-1.6","3.7","-3.7","1.3","25.2","3.0","2.4","1.3","20.4","-0.1","-1.3","1.1","-2.0","0.1","1.0","8.4","-0.9","1.3","2.9","0.0","1.6","2.2","-1.4","2.7","1.9","-1.8","-0.32","0.01","-0.02","0.06","-0.13","0.05","0.00","0.08","-0.40","-0.17","-0.09","0.07","-0.06","-0.02","0.03","-0.18","0.05","-0.03","0.05","-0.10","0.04","0.02","0.00","1.00","0.16","0.50","0.07","0.08","0.35","0.01","-0.06","0.40","-0.38","-0.07","0.04","0.48","-0.10","0.15","0.13","0.03","0.03","0.13","-0.14","0.06","0.06","0.00","0.13","0.05","0.27","0.07","0.05","0.15","0.00","-0.05","-0.14","-0.09","-0.05","0.04","0.15","-0.07","0.02","-0.07","-0.06","-0.05","0.09","-0.08","-0.02","0.06","-0.01","1.35","0.16","0.41","0.03","0.13","0.26","0.00","-0.08","0.86","-0.20","0.00","0.03","0.54","-0.07","0.18","0.23","0.00","0.08","0.12","-0.11","0.04","0.03","0.00"
"2019 DEC","97.4","104.2","106.2","147.6","96.7","201.8","91.8","98.3","96.1","106.3","97.8","110.5","81.2","107.0","95.9","82.8","95.1","89.8","99.3","100.8","100.5","106.7","148.8","0.4","-0.4","0.1","-1.2","0.8","-4.4","1.0","0.8","0.4","0.1","0.0","1.9","2.6","0.7","0.4","-0.3","0.7","-0.6","1.2","-1.3","2.2","0.7","1.7","1.9","21.7","5.8","6.0","4.0","23.7","1.9","2.4","1.1","-3.6","-1.7","3.3","7.5","-0.8","2.0","2.3","2.6","-0.2","3.9","-1.6","3.6","5.0","-2.3","0.0","5.5","1.8","3.7","0.3","12.3","0.1","-0.8","-0.3","-1.6","-1.8","2.6","1.8","-1.0","0.1","-0.4","-0.8","-1.5","2.1","-2.2","0.7","3.2","-1.7","1.5","24.1","4.2","3.4","2.3","23.8","0.6","-0.4","0.9","-3.0","-1.0","1.7","8.0","-0.9","1.4","3.0","0.9","0.7","2.8","-1.7","3.0","3.2","-3.1","0.40","0.00","0.01","-0.02","0.08","-0.07","0.01","0.05","0.35","0.01","0.00","0.06","0.18","0.06","0.05","-0.02","0.03","-0.03","0.07","-0.09","0.03","0.01","0.00","1.94","0.14","0.78","0.07","0.39","0.30","0.02","0.15","0.87","-0.37","-0.07","0.10","0.49","-0.07","0.27","0.18","0.13","-0.01","0.22","-0.12","0.05","0.09","0.00","0.02","0.04","0.25","0.04","0.03","0.17","0.00","-0.05","-0.22","-0.16","-0.07","0.08","0.12","-0.08","0.02","-0.03","-0.04","-0.07","0.12","-0.16","0.01","0.05","0.00","1.46","0.15","0.58","0.04","0.23","0.30","0.01","-0.02","0.75","-0.30","-0.04","0.05","0.51","-0.08","0.19","0.23","0.05","0.03","0.16","-0.12","0.04","0.06","-0.01"
"2020 JAN","97.3","102.0","108.0","150.7","99.2","194.6","92.8","97.8","95.7","105.1","97.9","110.0","79.6","105.7","95.8","84.3","96.2","89.0","99.4","100.9","99.9","99.0","156.8","-0.1","-2.1","1.7","2.1","2.6","-3.6","1.0","-0.4","-0.4","-1.2","0.1","-0.4","-2.0","-1.2","-0.1","1.9","1.2","-0.9","0.1","0.2","-0.6","-7.2","5.4","1.3","15.5","4.5","9.8","3.0","13.9","2.8","-0.3","0.8","-5.4","-1.4","3.5","7.7","-1.5","1.6","4.9","2.6","-2.4","3.5","-0.6","2.0","-1.9","2.6","0.0","2.6","1.7","4.5","0.9","6.1","0.7","0.3","-0.4","-2.4","-2.3","3.9","0.9","-0.9","0.3","-0.8","0.8","-1.9","2.5","-2.3","2.5","-0.2","2.9","1.4","20.7","4.6","7.4","2.6","21.5","1.7","0.4","0.8","-4.2","-1.7","2.7","7.6","-1.2","1.6","2.9","1.9","-0.6","3.2","-1.4","3.3","2.2","-0.6","-0.11","-0.01","0.24","0.02","0.26","-0.06","0.01","-0.03","-0.31","-0.12","0.00","-0.01","-0.13","-0.10","-0.01","0.15","0.06","-0.04","0.01","0.01","-0.01","-0.13","0.01","1.32","0.09","0.62","0.10","0.31","0.19","0.04","-0.02","0.60","-0.57","-0.06","0.11","0.47","-0.13","0.20","0.38","0.13","-0.12","0.20","-0.05","0.03","-0.03","0.01","-0.02","0.02","0.23","0.05","0.09","0.09","0.01","0.02","-0.30","-0.24","-0.09","0.12","0.05","-0.07","0.04","-0.06","0.04","-0.09","0.14","-0.17","0.04","0.00","0.01","1.42","0.12","0.63","0.07","0.26","0.29","0.02","0.02","0.62","-0.45","-0.07","0.08","0.46","-0.10","0.21","0.23","0.10","-0.03","0.19","-0.10","0.05","0.04","0.00"
"2020 FEB","97.3","101.3","110.1","152.2","101.4","198.9","92.2","98.0","95.5","102.9","95.8","112.4","81.9","105.6","96.1","84.0","96.1","88.4","98.0","100.2","98.2","99.9","147.1","0.0","-0.7","1.9","1.0","2.2","2.2","-0.6","0.2","-0.3","-2.0","-2.2","2.2","2.9","-0.1","0.3","-0.4","-0.2","-0.6","-1.4","-0.7","-1.7","1.0","-6.2","0.8","12.3","5.6","7.9","3.8","21.2","3.0","-2.1","0.1","-7.4","-4.2","6.6","10.2","-0.7","1.7","2.6","1.7","-3.4","2.4","-2.8","-1.4","-1.1","-5.3","0.1","-0.5","2.1","2.8","2.6","-1.3","1.3","0.8","-0.3","-2.7","-2.2","4.0","1.5","-0.6","0.4","0.2","1.8","-2.1","1.5","-2.5","2.7","-3.1","3.7","1.3","16.4","5.3","7.9","3.6","19.5","2.6","0.0","0.6","-5.5","-2.4","4.4","8.5","-1.0","1.8","3.3","2.3","-2.0","3.3","-1.7","1.4","0.7","-1.7","0.04","0.00","0.27","0.01","0.23","0.03","-0.01","0.01","-0.24","-0.20","-0.08","0.07","0.19","-0.01","0.04","-0.03","-0.01","-0.03","-0.08","-0.05","-0.03","0.02","-0.01","0.79","0.07","0.77","0.08","0.39","0.28","0.04","-0.13","0.05","-0.78","-0.17","0.20","0.62","-0.06","0.22","0.20","0.09","-0.16","0.14","-0.21","-0.02","-0.02","-0.01","0.09","0.00","0.29","0.03","0.26","-0.02","0.02","0.05","-0.25","-0.28","-0.09","0.12","0.09","-0.04","0.05","0.02","0.09","-0.10","0.09","-0.19","0.04","-0.06","0.01","1.35","0.10","0.72","0.08","0.36","0.26","0.03","0.00","0.51","-0.58","-0.10","0.14","0.52","-0.08","0.23","0.25","0.12","-0.10","0.19","-0.13","0.02","0.01","0.00"
"2020 MAR","89.9","99.4","101.9","136.5","91.6","207.3","91.5","93.3","87.9","88.8","74.2","78.9","82.2","104.6","96.3","82.7","85.2","88.0","86.2","85.7","76.6","89.2","108.8","-7.6","-1.9","-7.4","-10.3","-9.7","4.3","-0.7","-4.8","-7.9","-13.7","-22.6","-29.8","0.3","-1.0","0.2","-1.4","-11.3","-0.5","-12.0","-14.5","-22.0","-10.7","-26.0","-6.7","8.4","-2.5","-3.2","-6.7","25.8","3.0","-5.1","-7.7","-19.6","-25.2","-24.0","9.7","-1.0","1.5","2.6","-9.9","-4.2","-9.5","-18.4","-21.9","-11.3","-30.4","-2.5","-3.0","0.5","0.1","0.9","-2.6","1.1","-1.0","-3.1","-7.4","-9.4","-7.3","1.5","-1.2","0.5","0.2","-2.0","-2.1","-3.8","-6.3","-6.7","-9.3","-6.1","-1.5","12.0","2.5","4.8","0.0","20.2","2.9","-2.5","-2.3","-10.8","-10.2","-4.5","9.2","-1.1","1.6","3.4","-1.9","-3.3","-1.2","-7.4","-7.1","-4.7","-11.1","-7.60","-0.01","-1.07","-0.11","-1.02","0.07","-0.01","-0.30","-6.21","-1.33","-0.86","-0.95","0.02","-0.08","0.03","-0.11","-0.59","-0.02","-0.70","-1.06","-0.33","-0.18","-0.05","-6.72","0.05","-0.35","-0.03","-0.69","0.34","0.04","-0.32","-6.11","-2.06","-1.01","-0.71","0.59","-0.08","0.20","0.20","-0.51","-0.20","-0.54","-1.43","-0.33","-0.19","-0.06","-2.46","-0.02","0.06","0.00","0.09","-0.04","0.01","-0.06","-2.44","-0.74","-0.37","-0.22","0.10","-0.10","0.06","0.01","-0.10","-0.10","-0.22","-0.47","-0.10","-0.17","-0.01","-1.54","0.07","0.35","0.05","0.00","0.27","0.04","-0.16","-1.82","-1.14","-0.41","-0.13","0.56","-0.09","0.21","0.26","-0.10","-0.16","-0.07","-0.56","-0.11","-0.08","-0.02"
"2020 APR","72.7","90.5","86.0","143.4","72.7","194.3","86.1","55.0","72.0","62.4","43.2","10.6","76.9","99.5","95.1","72.2","63.8","87.8","62.6","58.0","50.8","60.1","73.0","-19.2","-8.9","-15.6","5.0","-20.6","-6.3","-5.9","-41.1","-18.1","-29.8","-41.7","-86.5","-6.4","-4.8","-1.2","-12.8","-25.1","-0.2","-27.4","-32.3","-33.6","-32.7","-32.9","-24.3","-2.7","-15.9","2.9","-23.3","13.1","-4.1","-44.2","-24.4","-43.4","-57.1","-89.7","1.9","-6.3","0.2","-11.1","-31.2","-4.6","-34.0","-44.0","-47.7","-39.4","-53.4","-10.9","-6.3","-7.0","-3.5","-8.9","-1.2","-2.1","-16.1","-11.2","-20.0","-27.4","-38.6","0.5","-2.9","0.1","-4.5","-14.3","-1.8","-16.8","-19.7","-24.5","-20.0","-27.2","-10.1","5.9","-4.2","2.5","-8.6","19.9","0.6","-17.0","-10.7","-23.4","-28.9","-35.4","7.2","-2.7","1.1","-2.0","-13.0","-4.1","-13.6","-21.8","-23.5","-17.1","-29.8","-19.18","-0.06","-2.26","0.05","-2.12","-0.11","-0.08","-2.63","-14.23","-2.69","-1.34","-2.09","-0.46","-0.41","-0.18","-1.08","-1.25","-0.01","-1.52","-2.19","-0.42","-0.53","-0.05","-24.34","-0.02","-2.16","0.03","-2.31","0.18","-0.05","-2.79","-19.38","-4.55","-2.33","-2.65","0.12","-0.51","0.02","-0.86","-1.59","-0.23","-1.94","-3.39","-0.71","-0.67","-0.11","-10.88","-0.04","-0.98","-0.04","-0.90","-0.02","-0.03","-1.00","-8.86","-1.99","-1.07","-1.20","0.03","-0.24","0.01","-0.35","-0.73","-0.08","-0.99","-1.46","-0.37","-0.35","-0.05","-10.06","0.04","-0.58","0.03","-0.87","0.27","0.01","-1.08","-8.46","-2.46","-1.17","-1.05","0.44","-0.22","0.15","-0.15","-0.67","-0.20","-0.78","-1.68","-0.35","-0.29","-0.06"
"2020 MAY","74.2","93.2","92.4","146.8","80.4","195.9","86.3","60.2","72.4","72.3","45.5","12.6","76.1","100.0","94.9","71.8","64.5","87.6","53.7","57.8","43.6","62.7","62.4","2.1","3.0","7.4","2.4","10.6","0.8","0.2","9.5","0.7","16.0","5.2","18.2","-1.0","0.5","-0.2","-0.5","1.1","-0.3","-14.2","-0.4","-14.3","4.3","-14.5","-23.1","-0.7","-10.8","3.1","-16.1","11.6","-4.2","-38.4","-24.2","-34.1","-55.0","-87.7","-0.6","-6.2","-0.4","-12.6","-31.4","-4.9","-43.7","-44.2","-55.0","-37.9","-59.5","-18.9","-7.9","-13.6","-5.3","-17.7","0.4","-4.7","-29.1","-19.1","-28.9","-44.1","-69.3","-3.1","-4.5","-0.5","-9.7","-25.7","-1.4","-31.7","-33.2","-42.7","-30.6","-46.1","-18.0","1.6","-9.7","0.9","-15.3","16.7","-1.8","-29.2","-18.8","-32.4","-45.9","-66.9","3.6","-4.5","0.4","-7.1","-24.1","-4.6","-29.1","-35.5","-41.5","-29.5","-47.7","2.11","0.02","1.12","0.03","1.07","0.02","0.00","0.45","0.53","1.25","0.12","0.07","-0.09","0.05","-0.04","-0.04","0.05","-0.02","-0.71","-0.02","-0.15","0.06","-0.02","-23.10","0.00","-1.48","0.03","-1.62","0.16","-0.05","-2.40","-19.23","-3.55","-2.24","-2.55","-0.04","-0.50","-0.06","-0.98","-1.61","-0.24","-2.49","-3.39","-0.82","-0.65","-0.12","-18.90","-0.05","-1.92","-0.06","-1.82","0.01","-0.06","-1.81","-15.11","-2.85","-1.71","-2.17","-0.20","-0.36","-0.07","-0.76","-1.33","-0.07","-1.86","-2.45","-0.64","-0.53","-0.09","-18.05","0.01","-1.33","0.01","-1.54","0.23","-0.02","-1.84","-14.90","-3.39","-1.86","-1.97","0.22","-0.36","0.06","-0.55","-1.23","-0.22","-1.66","-2.74","-0.62","-0.50","-0.10"
"2020 JUN","81.1","95.0","102.3","154.0","90.9","206.6","91.3","73.7","78.4","92.7","55.3","27.3","80.6","101.1","95.2","77.0","76.2","87.3","58.1","60.6","53.5","63.4","73.2","9.3","2.0","10.7","4.9","13.1","5.5","5.9","22.5","8.3","28.2","21.6","116.7","5.9","1.1","0.3","7.2","18.1","-0.3","8.1","4.7","22.7","1.1","17.3","-16.5","0.2","-1.5","13.9","-5.5","13.7","0.5","-24.5","-18.5","-15.3","-44.8","-74.1","2.5","-5.7","-0.3","-8.2","-19.4","-5.2","-39.4","-41.9","-46.6","-37.1","-51.6","-19.9","-7.9","-12.3","1.1","-16.5","-0.7","-4.6","-34.7","-20.2","-23.4","-46.3","-83.2","-4.2","-4.8","-1.1","-12.0","-26.3","-1.0","-38.5","-38.5","-46.2","-35.4","-49.5","-21.3","-1.1","-9.4","6.5","-14.9","12.8","-2.6","-35.7","-22.4","-31.0","-52.3","-83.7","1.3","-6.0","-0.2","-10.6","-27.3","-4.9","-39.0","-43.4","-49.8","-38.1","-54.9","9.33","0.02","1.70","0.07","1.43","0.11","0.09","1.13","6.49","2.51","0.52","0.54","0.47","0.11","0.05","0.64","0.83","-0.02","0.34","0.26","0.20","0.02","0.02","-16.46","0.00","-0.20","0.13","-0.55","0.20","0.01","-1.52","-14.74","-1.57","-1.80","-2.21","0.16","-0.46","-0.04","-0.65","-0.99","-0.25","-2.25","-3.21","-0.71","-0.63","-0.10","-19.86","-0.05","-1.76","0.01","-1.71","-0.01","-0.06","-2.17","-15.86","-2.23","-1.69","-2.42","-0.28","-0.39","-0.14","-0.97","-1.35","-0.05","-2.22","-2.77","-0.66","-0.59","-0.09","-21.28","-0.01","-1.28","0.07","-1.49","0.18","-0.03","-2.24","-17.77","-3.22","-2.12","-2.47","0.08","-0.49","-0.03","-0.83","-1.39","-0.24","-2.23","-3.33","-0.75","-0.65","-0.11"
"2020 JUL","86.6","94.2","106.6","149.3","96.7","209.0","90.7","85.1","83.7","97.7","64.0","67.3","83.0","102.0","95.0","79.3","77.6","85.9","73.1","64.5","63.8","95.9","100.3","6.7","-0.9","4.3","-3.1","6.3","1.2","-0.7","15.3","6.7","5.4","15.7","146.9","3.0","0.8","-0.2","3.0","1.9","-1.6","25.8","6.5","19.4","51.4","37.0","-10.9","-2.2","2.3","8.8","-0.1","15.6","0.5","-13.2","-13.1","-10.0","-36.8","-36.5","6.7","-5.2","-0.3","-6.0","-18.7","-6.5","-24.1","-38.9","-33.8","-4.5","-34.2","-6.9","-3.0","1.1","4.2","0.8","1.8","-0.6","-11.1","-8.1","3.4","-22.7","-46.9","-0.6","-2.1","-0.8","-4.5","-10.9","-1.3","-25.1","-25.0","-28.7","-10.9","-28.3","-16.8","-0.9","-3.3","8.5","-7.2","13.6","-1.1","-25.4","-18.6","-19.8","-45.5","-65.8","2.9","-5.7","-0.4","-8.9","-23.1","-5.5","-35.7","-41.7","-45.2","-26.5","-48.5","6.72","-0.01","0.69","-0.04","0.71","0.02","-0.01","0.86","5.18","0.56","0.42","1.36","0.23","0.08","-0.03","0.26","0.09","-0.09","1.07","0.35","0.19","0.66","0.04","-10.94","-0.01","0.32","0.09","-0.01","0.23","0.01","-0.82","-10.43","-1.02","-1.49","-1.09","0.42","-0.42","-0.04","-0.48","-0.97","-0.31","-1.38","-3.02","-0.50","-0.08","-0.07","-6.92","-0.02","0.16","0.05","0.09","0.03","-0.01","-0.65","-6.41","0.30","-0.73","-1.00","-0.04","-0.19","-0.12","-0.38","-0.54","-0.07","-1.38","-1.67","-0.37","-0.17","-0.04","-16.82","-0.01","-0.45","0.08","-0.72","0.20","-0.01","-1.58","-14.79","-2.04","-1.84","-1.95","0.18","-0.46","-0.05","-0.70","-1.19","-0.27","-2.04","-3.20","-0.67","-0.45","-0.10"
"2020 AUG","89.6","94.8","110.0","143.8","101.0","208.3","93.6","87.7","86.7","98.5","65.0","100.5","83.2","103.6","95.4","80.7","80.0","86.0","87.6","67.7","64.8","87.8","123.0","3.5","0.7","3.2","-3.7","4.5","-0.4","3.2","3.1","3.6","0.8","1.7","49.3","0.3","1.6","0.4","1.7","3.0","0.1","19.9","4.9","1.5","-8.5","22.7","-7.6","-3.6","6.3","2.8","5.8","15.6","2.2","-10.8","-9.8","-9.1","-35.1","-4.3","7.1","-4.1","0.0","-4.5","-16.3","-6.1","-8.4","-34.4","-34.5","-14.7","-17.6","8.7","0.4","13.8","4.8","17.9","4.4","4.4","18.3","7.1","29.3","13.2","91.1","4.9","0.9","-0.3","4.5","9.5","-1.6","8.0","-4.4","6.5","16.6","21.4","-11.7","-1.9","2.4","8.4","0.1","15.0","1.1","-16.2","-13.8","-11.4","-38.9","-38.3","5.4","-5.0","-0.2","-6.2","-18.1","-5.9","-24.0","-38.4","-38.4","-18.7","-34.6","3.51","0.01","0.50","-0.04","0.50","-0.01","0.04","0.19","2.82","0.08","0.05","1.05","0.02","0.14","0.06","0.14","0.14","0.01","0.97","0.26","0.02","-0.15","0.03","-7.60","-0.02","0.86","0.03","0.58","0.23","0.03","-0.68","-7.76","-0.92","-1.41","-0.13","0.45","-0.33","0.00","-0.36","-0.85","-0.30","-0.48","-2.61","-0.52","-0.25","-0.03","8.67","0.00","2.08","0.06","1.87","0.09","0.06","0.99","5.60","2.53","0.35","1.08","0.38","0.08","-0.04","0.40","0.45","-0.09","0.39","-0.26","0.07","0.24","0.03","-11.67","-0.01","0.32","0.08","0.01","0.22","0.01","-1.01","-10.98","-1.17","-1.57","-1.14","0.34","-0.41","-0.03","-0.50","-0.94","-0.29","-1.37","-2.94","-0.57","-0.32","-0.07"
"2020 SEP","90.8","95.4","111.1","137.1","103.3","204.0","92.0","90.4","87.9","99.3","67.5","88.1","83.7","105.8","95.9","82.3","80.7","86.6","94.7","69.9","70.0","85.8","125.5","1.4","0.5","1.0","-4.6","2.3","-2.0","-1.7","3.0","1.3","0.8","3.7","-12.4","0.6","2.1","0.6","2.0","0.9","0.7","8.0","3.3","8.0","-2.2","2.0","-6.7","-5.8","5.5","-6.4","6.8","8.3","0.7","-7.8","-8.8","-8.9","-32.5","-16.5","4.3","-1.4","0.2","-0.5","-14.4","-5.6","-2.2","-33.0","-27.7","-17.9","-13.8","17.1","2.0","16.8","-3.2","23.3","4.1","4.8","39.3","15.9","29.9","36.5","406.9","7.0","3.5","0.4","9.6","16.5","-1.6","46.4","14.6","34.3","44.8","67.2","-8.4","-3.9","4.7","1.5","4.2","13.1","1.1","-10.6","-10.6","-9.3","-34.8","-19.1","6.0","-3.6","0.0","-3.7","-16.5","-6.1","-11.6","-35.4","-32.0","-12.4","-22.0","1.37","0.00","0.15","-0.05","0.26","-0.04","-0.02","0.18","1.04","0.08","0.11","-0.38","0.04","0.18","0.09","0.17","0.04","0.03","0.45","0.18","0.09","-0.04","0.00","-6.74","-0.04","0.75","-0.07","0.68","0.13","0.01","-0.49","-6.96","-0.91","-1.30","-0.49","0.27","-0.12","0.02","-0.03","-0.73","-0.27","-0.12","-2.52","-0.41","-0.32","-0.03","17.12","0.02","2.63","-0.04","2.52","0.08","0.07","2.01","12.47","2.73","0.90","2.48","0.56","0.34","0.06","0.85","0.78","-0.09","2.05","0.80","0.33","0.60","0.08","-8.43","-0.03","0.64","0.02","0.42","0.19","0.01","-0.66","-8.39","-0.95","-1.40","-0.57","0.38","-0.29","-0.01","-0.29","-0.85","-0.29","-0.66","-2.71","-0.47","-0.22","-0.04"
"2020 OCT","91.2","93.2","111.0","138.1","103.1","202.0","93.6","90.1","88.3","100.1","66.2","74.3","86.0","105.8","95.5","85.0","82.0","86.5","97.2","71.7","73.4","80.6","114.5","0.3","-2.3","-0.1","0.7","-0.1","-1.0","1.7","-0.3","0.5","0.8","-1.8","-15.6","2.7","0.0","-0.5","3.3","1.6","-0.1","2.7","2.6","4.9","-6.1","-8.8","-6.3","-9.7","4.5","-2.8","6.1","-0.9","3.2","-6.3","-8.2","-7.4","-33.9","-29.9","7.8","-0.7","0.1","0.1","-12.3","-4.8","-0.1","-30.7","-23.2","-23.2","-20.7","12.3","0.4","10.2","-6.9","14.7","0.5","4.1","22.5","12.1","13.4","20.6","145.4","5.5","4.0","0.6","8.7","11.1","-0.6","51.2","14.5","29.4","14.5","53.9","-6.9","-6.4","5.4","-2.2","6.3","7.3","2.0","-8.3","-8.9","-8.4","-33.8","-16.9","6.4","-2.1","0.1","-1.6","-14.4","-5.5","-3.5","-32.7","-28.5","-18.6","-17.4","0.35","-0.01","-0.01","0.01","-0.02","-0.02","0.02","-0.02","0.37","0.08","-0.05","-0.42","0.20","0.00","-0.07","0.27","0.08","0.00","0.16","0.14","0.06","-0.09","-0.02","-6.31","-0.07","0.62","-0.03","0.62","-0.02","0.04","-0.38","-6.49","-0.75","-1.36","-0.90","0.50","-0.06","0.02","0.01","-0.62","-0.23","-0.01","-2.32","-0.34","-0.41","-0.04","12.28","0.00","1.62","-0.09","1.64","0.01","0.06","1.25","9.40","1.33","0.55","1.77","0.43","0.37","0.09","0.75","0.53","-0.03","2.26","0.78","0.29","0.22","0.07","-6.88","-0.04","0.74","-0.02","0.63","0.11","0.02","-0.51","-7.07","-0.86","-1.36","-0.51","0.41","-0.17","0.01","-0.13","-0.73","-0.26","-0.20","-2.48","-0.42","-0.33","-0.03"
"2020 NOV","89.2","94.0","111.9","133.4","104.4","202.9","93.9","91.2","85.8","93.2","65.6","44.2","84.8","107.0","95.7","83.0","80.9","87.4","92.3","72.1","65.2","78.8","108.8","-2.1","0.8","0.8","-3.4","1.2","0.5","0.3","1.1","-2.9","-6.9","-0.9","-40.6","-1.4","1.2","0.3","-2.3","-1.4","1.0","-5.0","0.5","-11.1","-2.2","-5.0","-8.0","-10.2","5.4","-10.7","8.8","-3.9","3.2","-6.5","-10.4","-12.3","-32.9","-59.2","7.2","0.7","0.2","0.0","-14.4","-3.2","-5.9","-29.4","-33.6","-25.6","-25.7","5.4","-0.5","4.7","-8.6","7.7","-2.4","1.4","10.2","5.3","1.2","8.2","5.9","3.1","3.9","0.6","5.6","4.2","0.5","29.9","10.9","14.6","-0.8","17.6","-7.0","-8.6","5.1","-6.7","7.3","0.9","2.3","-6.9","-9.1","-9.5","-33.1","-35.4","6.4","-0.5","0.2","-0.1","-13.7","-4.5","-2.7","-31.0","-28.2","-22.3","-20.1","-2.13","0.01","0.12","-0.04","0.14","0.01","0.00","0.07","-2.24","-0.69","-0.03","-0.91","-0.10","0.10","0.04","-0.20","-0.07","0.05","-0.31","0.03","-0.13","-0.03","-0.01","-8.00","-0.07","0.76","-0.11","0.88","-0.07","0.04","-0.40","-8.22","-1.23","-1.29","-1.82","0.46","0.06","0.02","0.00","-0.74","-0.15","-0.35","-2.20","-0.50","-0.46","-0.05","5.41","0.00","0.74","-0.10","0.87","-0.04","0.02","0.60","4.08","0.13","0.23","0.12","0.24","0.34","0.08","0.47","0.20","0.03","1.47","0.58","0.15","-0.01","0.03","-7.02","-0.06","0.71","-0.07","0.73","0.01","0.03","-0.42","-7.22","-0.96","-1.32","-1.07","0.41","-0.04","0.02","-0.01","-0.70","-0.22","-0.16","-2.35","-0.42","-0.39","-0.04"
"2020 DEC","90.8","96.1","111.5","139.1","103.3","201.0","97.2","90.2","87.7","96.9","67.3","55.8","84.2","110.3","96.3","85.2","84.0","88.2","84.4","72.7","75.1","111.6","117.6","1.7","2.2","-0.3","4.2","-1.0","-0.9","3.6","-1.1","2.3","4.0","2.5","26.4","-0.8","3.0","0.6","2.7","3.9","0.9","-8.6","0.9","15.1","41.7","8.1","-6.8","-7.8","5.0","-5.8","6.9","-0.4","5.9","-8.2","-8.7","-8.9","-31.2","-49.5","3.7","3.0","0.4","3.0","-11.7","-1.7","-15.0","-27.8","-25.3","4.7","-21.0","1.5","-0.4","2.0","-4.6","3.3","-2.5","3.0","3.2","1.4","-1.8","1.4","-31.9","2.0","3.8","0.4","4.5","3.6","1.4","7.3","7.1","7.6","0.6","-2.3","-7.0","-9.2","5.0","-6.5","7.3","-1.8","4.1","-7.0","-9.1","-9.5","-32.7","-46.3","6.2","1.0","0.2","1.0","-12.8","-3.3","-7.1","-29.3","-27.4","-14.7","-22.5","1.72","0.02","-0.05","0.04","-0.12","-0.02","0.05","-0.07","1.79","0.38","0.07","0.36","-0.06","0.27","0.08","0.23","0.18","0.05","-0.51","0.05","0.16","0.60","0.01","-6.80","-0.05","0.70","-0.06","0.69","-0.01","0.07","-0.51","-6.90","-0.89","-1.22","-1.54","0.24","0.25","0.05","0.23","-0.60","-0.08","-0.88","-2.05","-0.38","0.08","-0.04","1.54","0.00","0.32","-0.05","0.37","-0.04","0.04","0.19","1.05","-0.18","0.04","-0.84","0.15","0.32","0.06","0.38","0.17","0.07","0.40","0.38","0.08","0.01","0.00","-7.03","-0.06","0.69","-0.07","0.73","-0.03","0.05","-0.43","-7.20","-0.95","-1.29","-1.42","0.40","0.08","0.03","0.08","-0.65","-0.15","-0.41","-2.19","-0.41","-0.26","-0.04"
"2021 JAN","87.8","98.5","108.6","135.2","100.5","196.3","96.2","89.2","84.7","87.6","61.6","44.5","85.1","108.8","97.5","83.2","79.9","89.1","78.5","73.9","69.6","79.7","117.7","-3.2","2.6","-2.6","-2.8","-2.8","-2.4","-1.0","-1.1","-3.5","-9.6","-8.4","-20.3","1.1","-1.3","1.3","-2.4","-4.9","1.0","-6.9","1.6","-7.3","-28.6","0.1","-9.7","-3.4","0.6","-10.3","1.2","0.9","3.7","-8.8","-11.6","-16.6","-37.0","-59.5","7.0","3.0","1.7","-1.3","-17.0","0.2","-21.0","-26.8","-30.3","-19.4","-25.0","-1.4","1.8","0.0","-2.7","0.2","-2.3","2.9","0.9","-1.8","-6.8","-2.1","-45.0","0.5","3.5","1.0","1.4","0.8","2.2","-8.7","4.5","0.8","6.3","-5.3","-8.2","-7.1","3.6","-9.0","5.6","-1.2","4.3","-7.8","-10.2","-12.6","-33.7","-56.1","5.9","2.2","0.8","0.6","-14.4","-1.6","-14.0","-28.0","-29.7","-13.3","-23.9","-3.21","0.02","-0.36","-0.02","-0.29","-0.04","-0.01","-0.06","-2.79","-1.01","-0.25","-0.33","0.07","-0.12","0.17","-0.19","-0.23","0.05","-0.42","0.13","-0.09","-0.57","0.00","-9.69","-0.02","0.07","-0.07","0.12","0.01","0.04","-0.52","-9.35","-1.77","-1.52","-1.78","0.40","0.24","0.21","-0.10","-0.85","0.01","-1.41","-2.77","-0.46","-0.32","-0.05","-1.40","0.01","0.00","-0.02","0.02","-0.04","0.04","0.05","-1.44","-0.73","-0.06","-1.16","0.03","0.30","0.13","0.12","0.04","0.11","-0.59","0.34","0.01","0.10","-0.01","-8.16","-0.05","0.46","-0.06","0.52","-0.02","0.05","-0.46","-8.27","-1.35","-1.39","-1.67","0.35","0.18","0.09","0.04","-0.71","-0.08","-0.94","-2.91","-0.45","-0.23","-0.04"
"2021 FEB","88.9","100.3","108.7","125.1","101.1","193.3","97.1","92.1","85.7","91.4","63.0","46.6","84.1","108.4","98.0","85.4","79.9","89.8","76.9","77.1","69.7","79.7","106.8","1.2","1.8","0.0","-7.4","0.7","-1.5","0.9","3.3","1.3","4.3","2.2","4.7","-1.2","-0.4","0.5","2.6","0.1","0.8","-2.1","4.4","0.1","-0.1","-9.3","-8.6","-0.9","-1.3","-17.8","-0.3","-2.8","5.4","-6.0","-10.2","-11.3","-34.2","-58.5","2.7","2.7","2.0","1.7","-16.8","1.6","-21.5","-23.0","-29.0","-20.3","-27.4","-1.4","4.4","-1.5","-2.3","-1.9","-3.0","4.0","-0.1","-1.5","-5.7","-3.7","-28.9","-0.4","2.8","1.6","1.4","0.1","2.6","-15.6","4.7","2.7","10.6","-2.0","-8.4","-4.1","1.4","-11.3","2.6","-0.8","5.0","-7.7","-10.2","-12.3","-34.1","-55.9","4.4","2.9","1.4","1.1","-15.2","0.0","-19.2","-25.9","-28.2","-11.3","-24.5","1.20","0.01","0.01","-0.05","0.07","-0.02","0.01","0.19","0.99","0.42","0.06","0.06","-0.08","-0.04","0.07","0.21","0.00","0.04","-0.12","0.37","0.00","0.00","-0.01","-8.64","-0.01","-0.16","-0.13","-0.03","-0.04","0.06","-0.35","-8.21","-1.17","-1.38","-1.79","0.16","0.21","0.24","0.13","-0.84","0.08","-1.42","-2.37","-0.43","-0.33","-0.05","-1.37","0.03","-0.22","-0.02","-0.20","-0.05","0.05","0.00","-1.16","-0.60","-0.11","-0.58","-0.03","0.24","0.21","0.12","0.00","0.13","-1.07","0.37","0.03","0.15","0.00","-8.37","-0.03","0.18","-0.08","0.24","-0.01","0.06","-0.45","-8.21","-1.30","-1.39","-1.69","0.26","0.23","0.17","0.09","-0.76","0.00","-1.28","-2.67","-0.43","-0.19","-0.05"
"2021 MAR","91.5","100.6","109.2","128.9","102.1","185.0","97.7","95.6","88.6","96.9","65.3","46.2","85.6","109.6","98.2","88.3","83.4","90.5","82.5","84.5","66.1","80.8","87.3","2.9","0.3","0.5","3.0","1.0","-4.3","0.6","3.8","3.3","6.1","3.6","-0.9","1.7","1.1","0.2","3.5","4.3","0.7","7.2","9.5","-5.1","1.4","-18.2","1.8","1.3","7.2","-5.6","11.5","-10.8","6.7","2.5","0.8","9.2","-11.9","-41.5","4.1","4.9","1.9","6.7","-2.1","2.8","-4.4","-1.4","-13.7","-9.4","-19.8","-1.1","5.7","-2.3","-5.2","-2.3","-5.2","2.2","2.0","-1.1","-4.9","-4.6","-21.2","-0.1","1.2","2.2","1.5","-1.5","2.8","-13.1","8.8","-3.9","-11.4","-8.5","-5.7","-1.0","2.0","-11.4","3.9","-4.4","5.3","-4.2","-7.2","-7.1","-29.1","-54.4","4.6","3.5","1.9","2.4","-12.4","1.5","-16.1","-17.9","-25.2","-16.6","-24.5","2.94","0.00","0.07","0.02","0.10","-0.07","0.01","0.23","2.65","0.62","0.10","-0.01","0.12","0.10","0.02","0.29","0.20","0.04","0.41","0.82","-0.06","0.02","-0.03","1.78","0.01","0.93","-0.04","1.08","-0.18","0.08","0.15","0.61","0.89","-0.40","-0.96","0.27","0.41","0.26","0.55","-0.10","0.14","-0.27","-0.14","-0.17","-0.15","-0.03","-1.06","0.04","-0.33","-0.04","-0.24","-0.08","0.03","0.12","-0.86","-0.52","-0.14","-0.36","0.00","0.10","0.28","0.12","-0.07","0.14","-0.87","0.70","-0.05","-0.18","-0.01","-5.71","-0.01","0.26","-0.08","0.37","-0.07","0.06","-0.25","-5.81","-0.72","-1.12","-1.53","0.28","0.28","0.24","0.18","-0.61","0.07","-1.06","-1.80","-0.36","-0.27","-0.04"
"2021 APR","94.5","98.9","109.0","110.6","103.2","180.4","97.1","97.1","92.1","104.2","67.4","65.0","88.2","109.2","97.8","87.5","83.9","90.6","92.3","89.4","72.3","100.5","101.5","3.2","-1.7","-0.2","-14.2","1.0","-2.5","-0.6","1.5","4.0","7.4","3.1","40.9","3.1","-0.4","-0.4","-0.9","0.5","0.1","11.9","5.8","9.5","24.4","16.2","30.0","9.3","26.7","-22.9","41.9","-7.2","12.7","76.7","28.0","67.0","55.9","510.8","14.7","9.7","2.8","21.3","31.5","3.1","47.4","54.1","42.3","67.3","39.1","2.6","3.9","-1.5","-10.6","-0.6","-6.9","1.6","5.3","3.2","5.3","0.6","9.2","1.5","0.3","1.5","3.9","1.0","2.3","-1.4","14.8","-0.9","-3.4","-14.1","5.8","3.0","9.7","-15.6","15.3","-7.0","8.2","15.7","4.4","15.1","-8.2","-21.8","7.0","5.7","2.2","9.4","0.9","2.5","2.0","2.9","-7.8","4.7","-10.1","3.23","-0.01","-0.03","-0.09","0.10","-0.04","-0.01","0.09","3.19","0.78","0.09","0.55","0.21","-0.04","-0.05","-0.08","0.03","0.00","0.71","0.54","0.10","0.35","0.02","30.00","0.08","3.62","-0.21","3.86","-0.14","0.18","3.39","22.79","5.66","1.36","1.98","1.10","0.97","0.46","1.86","1.40","0.20","2.68","4.31","0.44","0.90","0.05","2.63","0.03","-0.22","-0.08","-0.06","-0.11","0.02","0.31","2.54","0.54","0.02","0.13","0.10","0.03","0.21","0.32","0.05","0.12","-0.09","1.20","-0.01","-0.06","-0.02","5.77","0.02","1.27","-0.12","1.44","-0.11","0.10","0.87","3.51","1.45","-0.27","-0.45","0.46","0.49","0.31","0.76","0.04","0.13","0.12","0.27","-0.10","0.07","-0.02"
"2021 MAY","95.8","98.5","107.9","113.6","101.5","181.8","97.2","95.8","94.0","105.0","67.8","90.5","88.3","108.7","97.9","88.0","85.4","91.1","100.0","92.0","79.0","84.7","113.1","1.4","-0.4","-1.0","2.7","-1.6","0.8","0.1","-1.4","2.0","0.8","0.7","39.1","0.1","-0.4","0.2","0.5","1.8","0.6","8.3","2.9","9.3","-15.7","11.4","29.1","5.7","16.8","-22.6","26.2","-7.2","12.7","59.1","29.8","45.2","49.2","619.0","16.0","8.7","3.2","22.5","32.3","4.0","86.1","59.1","81.4","35.1","81.3","5.3","1.0","-0.8","-11.6","0.6","-7.3","0.5","6.2","6.4","11.0","4.5","37.2","3.4","0.0","0.7","3.9","3.6","1.8","14.5","18.8","1.5","-1.9","-11.7","19.0","5.3","16.3","-17.2","25.4","-8.4","10.6","38.4","18.2","37.0","23.1","97.5","11.4","7.7","2.7","16.4","18.3","3.3","35.6","31.9","27.2","25.5","23.7","1.40","0.00","-0.13","0.02","-0.16","0.01","0.00","-0.08","1.62","0.09","0.02","0.71","0.00","-0.03","0.02","0.04","0.08","0.03","0.53","0.27","0.11","-0.27","0.01","29.09","0.05","2.39","-0.21","2.62","-0.13","0.18","2.80","23.85","4.33","1.23","2.78","1.16","0.86","0.51","1.92","1.43","0.25","4.10","4.59","0.71","0.48","0.08","5.33","0.01","-0.12","-0.08","0.06","-0.11","0.01","0.37","5.10","1.11","0.13","0.54","0.23","0.00","0.10","0.33","0.17","0.10","0.86","1.57","0.02","-0.03","-0.02","19.00","0.04","2.21","-0.15","2.41","-0.15","0.14","1.97","14.70","3.43","0.65","1.11","0.80","0.72","0.40","1.38","0.84","0.19","2.00","2.71","0.29","0.37","0.03"
"2021 JUN","96.7","98.7","107.2","104.4","101.7","169.3","99.0","94.3","95.3","106.1","71.6","99.5","88.8","107.8","98.6","90.3","87.2","91.6","102.1","93.5","78.8","79.4","122.8","1.0","0.2","-0.7","-8.1","0.2","-6.9","1.9","-1.6","1.4","1.0","5.5","10.0","0.6","-0.9","0.7","2.7","2.1","0.5","2.1","1.6","-0.3","-6.2","8.6","19.2","3.8","4.8","-32.2","11.9","-18.0","8.4","27.8","21.5","14.4","29.5","265.1","10.3","6.6","3.6","17.3","14.4","4.9","75.8","54.3","47.4","25.3","67.8","7.0","-1.2","-0.8","-15.5","0.9","-7.5","0.8","3.7","8.7","14.3","8.8","85.8","4.1","-0.4","0.2","3.5","5.4","1.4","23.7","16.7","12.1","10.2","8.3","25.9","6.2","15.5","-26.0","25.5","-10.9","11.2","52.0","26.3","38.6","43.6","405.1","13.6","8.3","3.2","20.3","25.4","4.0","68.8","55.8","55.7","42.2","61.8","0.95","0.00","-0.09","-0.05","0.02","-0.09","0.02","-0.09","1.13","0.11","0.16","0.25","0.04","-0.07","0.09","0.22","0.09","0.03","0.15","0.16","0.00","-0.09","0.01","19.20","0.03","0.69","-0.29","1.22","-0.32","0.12","1.48","17.08","1.62","0.82","2.36","0.72","0.60","0.52","1.45","0.68","0.28","3.57","4.05","0.46","0.32","0.07","6.97","-0.01","-0.11","-0.11","0.09","-0.11","0.01","0.22","6.88","1.44","0.26","1.16","0.28","-0.03","0.03","0.29","0.25","0.07","1.38","1.46","0.14","0.15","0.01","25.86","0.05","2.18","-0.24","2.52","-0.20","0.16","2.52","21.10","3.79","1.13","2.38","0.99","0.80","0.50","1.73","1.15","0.24","3.46","4.31","0.53","0.55","0.07"
"2021 JUL","96.3","98.4","105.5","115.2","100.3","152.2","99.1","93.9","95.1","104.5","74.3","97.9","89.4","106.8","97.9","90.3","88.3","91.5","99.4","94.6","82.3","80.8","104.3","-0.4","-0.3","-1.6","10.3","-1.4","-10.1","0.1","-0.4","-0.2","-1.5","3.8","-1.7","0.7","-1.0","-0.7","-0.1","1.3","-0.1","-2.6","1.2","4.4","1.8","-15.1","11.3","4.5","-1.1","-22.8","3.8","-27.2","9.3","10.4","13.7","6.9","16.2","45.3","7.8","4.7","3.1","13.8","13.7","6.5","36.1","46.6","29.0","-15.8","4.0","5.1","-1.4","-1.9","-8.6","-0.9","-9.9","1.2","-0.3","6.8","7.9","9.2","82.4","3.4","-1.2","0.2","2.8","5.5","1.2","19.8","11.6","15.4","-6.2","15.1","19.4","4.7","6.4","-25.9","13.3","-17.7","10.1","29.6","21.3","20.1","29.8","168.6","11.2","6.7","3.3","17.7","19.4","5.2","63.1","53.1","49.3","10.3","44.2","-0.40","0.00","-0.20","0.05","-0.13","-0.13","0.00","-0.02","-0.18","-0.16","0.12","-0.05","0.04","-0.08","-0.09","0.00","0.06","0.00","-0.18","0.12","0.05","0.02","-0.02","11.25","0.03","-0.15","-0.19","0.39","-0.46","0.12","0.59","10.84","0.77","0.49","0.93","0.53","0.41","0.42","1.12","0.62","0.34","2.00","3.47","0.32","-0.28","0.01","5.07","-0.01","-0.26","-0.05","-0.10","-0.14","0.01","-0.02","5.37","0.83","0.27","1.25","0.22","-0.10","0.02","0.24","0.25","0.06","1.19","1.05","0.17","-0.09","0.02","19.39","0.04","0.91","-0.23","1.35","-0.32","0.14","1.57","16.92","2.15","0.83","1.98","0.79","0.61","0.48","1.48","0.89","0.29","3.17","4.01","0.49","0.15","0.05"
"2021 AUG","97.3","98.2","106.2","136.0","100.6","146.1","98.2","92.8","96.3","104.2","76.9","113.2","89.9","107.0","98.5","91.7","89.0","91.6","97.7","95.7","88.0","87.1","91.1","1.0","-0.2","0.6","18.0","0.3","-4.0","-0.9","-1.2","1.2","-0.2","3.5","15.7","0.5","0.2","0.6","1.6","0.8","0.2","-1.8","1.1","6.9","7.8","-12.6","8.5","3.6","-3.5","-5.4","-0.4","-29.8","4.9","5.8","11.0","5.8","18.3","12.6","8.0","3.3","3.3","13.7","11.3","6.6","11.4","41.3","35.9","-0.7","-26.0","3.0","-0.9","-2.2","0.7","-1.4","-14.5","1.5","-2.6","4.4","2.8","11.1","54.0","2.3","-1.8","0.4","3.2","4.7","1.0","8.9","6.7","14.6","-7.0","5.4","12.8","4.0","0.0","-20.4","4.9","-25.0","7.5","14.0","15.2","8.9","20.9","59.2","8.7","4.9","3.3","14.9","13.1","6.0","36.8","47.2","36.8","0.1","7.3","0.98","0.00","0.08","0.10","0.03","-0.04","-0.01","-0.07","0.97","-0.02","0.11","0.42","0.03","0.02","0.08","0.13","0.04","0.01","-0.12","0.11","0.09","0.11","-0.02","8.53","0.03","-0.49","-0.04","-0.04","-0.49","0.06","0.33","8.72","0.63","0.54","0.37","0.52","0.28","0.44","1.09","0.51","0.33","0.74","3.12","0.38","-0.01","-0.04","3.02","-0.01","-0.29","0.00","-0.14","-0.20","0.02","-0.16","3.48","0.30","0.32","1.02","0.15","-0.15","0.05","0.27","0.21","0.05","0.57","0.63","0.17","-0.11","0.01","12.81","0.03","0.00","-0.17","0.50","-0.43","0.10","0.78","12.07","0.99","0.61","1.19","0.59","0.42","0.46","1.21","0.60","0.32","2.05","3.53","0.39","0.00","0.01"
"2021 SEP","97.8","97.1","105.2","130.7","100.4","137.9","96.5","93.3","97.1","105.1","80.0","111.7","89.7","107.5","98.9","92.0","91.3","91.6","97.3","97.8","89.5","92.8","94.1","0.6","-1.1","-0.9","-3.9","-0.2","-5.6","-1.7","0.6","0.9","0.9","4.0","-1.3","-0.2","0.5","0.4","0.3","2.6","-0.1","-0.3","2.2","1.7","6.5","3.3","7.7","1.9","-5.3","-4.7","-2.8","-32.4","4.8","3.3","10.5","5.9","18.6","26.8","7.1","1.7","3.0","11.8","13.1","5.7","2.8","39.8","27.9","8.1","-25.0","1.6","-0.8","-2.2","16.2","-1.6","-17.9","0.2","-2.5","2.5","-0.4","11.8","26.6","1.4","-1.3","0.3","3.1","4.7","0.5","0.0","4.8","12.9","-1.5","-14.2","9.1","3.3","-3.3","-11.2","0.1","-29.8","6.3","6.4","11.7","6.2","17.7","26.1","7.6","3.2","3.1","13.1","12.7","6.3","15.3","42.5","30.8","-3.3","-17.0","0.60","-0.01","-0.12","-0.03","-0.02","-0.06","-0.02","0.03","0.70","0.09","0.13","-0.04","-0.01","0.04","0.05","0.03","0.12","0.00","-0.02","0.21","0.02","0.09","0.00","7.71","0.01","-0.74","-0.03","-0.29","-0.52","0.06","0.19","8.30","0.64","0.56","0.69","0.47","0.14","0.40","0.95","0.59","0.29","0.19","3.06","0.32","0.12","-0.04","1.55","-0.01","-0.29","0.09","-0.16","-0.24","0.00","-0.14","2.00","-0.05","0.35","0.63","0.09","-0.11","0.04","0.25","0.22","0.03","0.00","0.46","0.15","-0.02","-0.02","9.13","0.02","-0.47","-0.09","0.01","-0.49","0.08","0.37","9.26","0.68","0.53","0.66","0.51","0.27","0.42","1.05","0.57","0.32","0.96","3.21","0.34","-0.05","-0.03"
"2021 OCT","98.0","95.9","103.7","130.3","98.3","134.4","98.9","92.7","97.5","105.0","82.2","104.5","92.2","107.9","98.6","90.6","94.2","91.4","97.1","99.7","90.6","98.4","98.7","0.1","-1.3","-1.4","-0.3","-2.1","-2.5","2.5","-0.7","0.5","-0.2","2.8","-6.5","2.8","0.3","-0.2","-1.5","3.1","-0.1","-0.3","2.0","1.3","6.1","4.8","7.5","2.9","-6.6","-5.7","-4.7","-33.4","5.7","2.8","10.4","4.9","24.1","40.6","7.2","2.0","3.3","6.7","14.8","5.7","-0.1","39.0","23.5","22.1","-13.8","1.5","-1.4","-1.7","19.1","-1.4","-16.9","-0.5","-1.8","2.3","-0.4","11.9","14.4","1.9","-0.3","0.5","2.1","5.2","0.2","-3.1","4.7","11.6","13.6","-16.6","7.9","2.8","-5.1","-5.3","-2.6","-31.9","5.2","3.9","10.6","5.5","20.3","25.3","7.4","2.3","3.2","10.7","13.1","6.0","4.5","40.0","28.8","9.5","-21.8","0.14","-0.01","-0.17","0.00","-0.20","-0.03","0.03","-0.04","0.37","-0.02","0.09","-0.20","0.18","0.02","-0.03","-0.12","0.15","-0.01","-0.02","0.20","0.02","0.09","0.01","7.49","0.02","-0.91","-0.04","-0.49","-0.52","0.07","0.16","8.29","0.53","0.72","0.88","0.48","0.17","0.43","0.55","0.68","0.28","-0.01","3.07","0.28","0.31","-0.02","1.48","-0.01","-0.22","0.10","-0.13","-0.21","-0.01","-0.10","1.82","-0.04","0.36","0.38","0.13","-0.02","0.07","0.18","0.24","0.01","-0.22","0.45","0.14","0.19","-0.02","7.91","0.02","-0.72","-0.04","-0.27","-0.51","0.06","0.23","8.44","0.60","0.61","0.65","0.49","0.20","0.42","0.86","0.59","0.30","0.30","3.08","0.33","0.14","-0.04"
"2021 NOV","98.5","96.5","105.1","124.9","100.4","133.8","99.2","93.3","97.9","103.7","85.9","102.7","92.3","109.2","98.8","92.4","95.7","91.5","96.8","99.7","92.5","97.5","103.3","0.5","0.6","1.3","-4.1","2.1","-0.4","0.2","0.7","0.4","-1.2","4.5","-1.7","0.2","1.2","0.2","1.9","1.7","0.1","-0.3","0.0","2.1","-0.9","4.7","10.4","2.7","-6.1","-6.4","-3.8","-34.0","5.6","2.4","14.2","11.3","30.9","132.5","8.9","2.0","3.2","11.3","18.4","4.7","4.8","38.3","41.8","23.8","-5.1","1.4","-2.0","-1.5","8.5","-1.1","-13.1","-0.6","-0.6","2.0","-0.3","11.3","2.7","2.3","0.9","0.4","1.0","6.3","-0.1","-2.7","4.8","9.4","16.7","-7.0","8.5","2.5","-6.0","-5.6","-3.7","-33.3","5.4","2.8","11.7","7.3","24.5","54.3","7.7","1.9","3.2","9.9","15.4","5.4","2.5","39.1","30.7","17.8","-15.1","0.55","0.00","0.16","-0.03","0.20","0.00","0.00","0.04","0.35","-0.13","0.15","-0.05","0.01","0.10","0.02","0.15","0.08","0.00","-0.02","0.00","0.03","-0.01","0.01","10.43","0.02","-0.88","-0.04","-0.41","-0.55","0.07","0.14","11.20","1.16","0.93","1.74","0.60","0.18","0.43","0.93","0.85","0.24","0.33","3.09","0.45","0.34","-0.01","1.41","-0.01","-0.19","0.05","-0.11","-0.15","-0.01","-0.03","1.65","-0.03","0.36","0.07","0.15","0.07","0.06","0.08","0.29","0.00","-0.18","0.46","0.12","0.23","-0.01","8.53","0.02","-0.84","-0.04","-0.39","-0.53","0.07","0.17","9.25","0.77","0.74","1.10","0.51","0.16","0.42","0.81","0.70","0.27","0.17","3.07","0.35","0.26","-0.02"
"2021 DEC","98.3","100.0","104.0","122.7","99.4","128.6","99.7","94.2","97.8","102.9","87.9","91.2","92.5","109.2","99.0","93.8","95.8","92.0","97.9","99.4","91.9","95.2","104.4","-0.2","3.6","-1.0","-1.8","-1.0","-3.9","0.5","0.9","-0.2","-0.7","2.4","-11.2","0.1","0.0","0.2","1.5","0.1","0.5","1.2","-0.3","-0.6","-2.4","1.1","8.3","4.1","-6.8","-11.8","-3.8","-36.0","2.5","4.5","11.4","6.2","30.7","63.3","9.9","-1.0","2.8","10.0","14.1","4.2","16.0","36.6","22.5","-14.7","-11.2","1.2","-0.5","-1.3","-1.1","-1.0","-9.0","1.4","0.1","1.7","-0.7","10.7","-7.6","3.0","1.5","0.4","1.0","6.4","0.1","-0.9","3.7","5.9","11.7","5.8","8.7","3.2","-6.5","-8.0","-4.1","-34.5","4.6","3.2","12.0","7.4","28.6","71.1","8.6","1.0","3.1","9.3","15.7","4.9","6.5","38.0","28.7","7.4","-10.1","-0.20","0.02","-0.13","-0.01","-0.10","-0.04","0.01","0.05","-0.15","-0.08","0.08","-0.31","0.01","0.00","0.02","0.13","0.00","0.02","0.08","-0.04","-0.01","-0.04","0.00","8.34","0.03","-0.95","-0.08","-0.40","-0.56","0.03","0.26","9.06","0.65","0.93","1.03","0.65","-0.09","0.37","0.83","0.66","0.22","0.98","2.93","0.28","-0.29","-0.02","1.18","0.00","-0.16","-0.01","-0.10","-0.10","0.02","0.00","1.34","-0.08","0.35","-0.22","0.19","0.12","0.05","0.08","0.30","0.00","-0.06","0.37","0.08","0.17","0.01","8.74","0.02","-0.91","-0.06","-0.43","-0.55","0.06","0.19","9.51","0.78","0.86","1.21","0.58","0.08","0.41","0.77","0.73","0.25","0.43","3.03","0.34","0.12","-0.02"
"2022 JAN","98.9","101.3","104.4","128.5","99.3","127.7","100.6","96.3","98.2","105.4","87.7","96.3","95.1","109.5","99.2","93.4","95.8","93.0","100.6","94.5","91.9","96.9","95.7","0.6","1.3","0.4","4.7","-0.1","-0.7","1.0","2.2","0.5","2.4","-0.2","5.6","2.8","0.3","0.2","-0.4","0.0","1.1","2.7","-4.9","0.0","1.7","-8.3","12.6","2.8","-3.9","-5.0","-1.1","-34.9","4.6","7.9","16.0","20.3","42.3","116.3","11.7","0.6","1.7","12.2","20.0","4.3","28.1","27.8","32.1","21.5","-18.6","0.9","2.2","-0.5","-5.3","-0.1","-6.8","2.0","1.8","1.1","-0.8","9.4","-11.9","3.0","1.7","0.3","1.9","4.7","0.7","1.1","0.1","3.1","4.1","6.9","10.4","3.2","-5.6","-7.8","-2.9","-35.0","4.2","4.9","13.8","12.3","34.4","100.8","10.2","0.5","2.6","11.2","17.4","4.4","15.7","34.2","31.7","7.2","-11.8","0.58","0.01","0.05","0.05","-0.01","-0.01","0.01","0.12","0.39","0.25","-0.01","0.14","0.18","0.03","0.03","-0.03","0.00","0.05","0.17","-0.43","0.00","0.03","-0.01","12.58","0.02","-0.56","-0.06","-0.12","-0.45","0.06","0.47","12.62","2.00","1.21","1.64","0.78","0.06","0.24","1.04","0.95","0.23","1.56","2.04","0.38","0.32","-0.03","0.91","0.02","-0.07","-0.06","-0.01","-0.06","0.03","0.10","0.85","-0.08","0.31","-0.37","0.19","0.14","0.04","0.16","0.23","0.03","0.07","0.01","0.04","0.06","0.01","10.43","0.03","-0.81","-0.10","-0.31","-0.45","0.06","0.29","10.91","1.27","1.02","1.52","0.67","0.05","0.36","0.94","0.83","0.23","0.93","2.43","0.37","0.12","-0.02"
"2022 FEB","99.3","101.6","103.5","129.2","98.3","125.3","99.7","96.3","98.9","103.8","90.0","107.2","95.6","109.3","99.5","94.0","97.2","93.4","100.1","96.0","94.6","95.8","94.0","0.4","0.3","-0.9","0.5","-1.0","-1.9","-0.9","0.0","0.7","-1.5","2.6","11.4","0.5","-0.2","0.3","0.6","1.4","0.4","-0.5","1.6","2.9","-1.1","-1.8","11.7","1.2","-4.8","3.2","-2.8","-35.2","2.7","4.6","15.4","13.6","42.8","130.1","13.6","0.8","1.5","10.1","21.6","3.9","30.1","24.4","35.8","20.3","-12.0","0.7","4.6","-0.7","-1.5","-0.7","-6.1","1.8","2.7","0.8","-0.6","7.1","-7.6","3.3","1.0","0.4","2.2","2.7","1.4","2.6","-2.5","2.1","-0.3","-0.7","10.9","2.7","-5.2","-4.8","-2.6","-35.4","3.2","5.6","14.2","13.1","38.4","100.5","11.7","0.1","2.0","10.7","18.5","4.1","24.5","29.5","29.9","6.2","-14.0","0.45","0.00","-0.11","0.01","-0.09","-0.01","-0.01","0.00","0.55","-0.16","0.09","0.31","0.03","-0.02","0.04","0.05","0.07","0.02","-0.03","0.13","0.04","-0.02","0.00","11.74","0.01","-0.68","0.04","-0.29","-0.44","0.04","0.28","12.11","1.38","1.24","1.90","0.89","0.08","0.21","0.86","1.01","0.21","1.62","1.84","0.42","0.29","-0.02","0.75","0.03","-0.08","-0.02","-0.07","-0.05","0.02","0.15","0.65","-0.06","0.24","-0.23","0.21","0.09","0.06","0.19","0.14","0.07","0.16","-0.22","0.03","0.00","0.00","10.86","0.02","-0.74","-0.06","-0.27","-0.45","0.04","0.34","11.23","1.34","1.12","1.54","0.77","0.01","0.28","0.91","0.88","0.22","1.36","2.15","0.36","0.10","-0.02"
"2022 MAR","99.3","101.9","103.2","128.5","98.2","119.6","100.2","99.5","98.7","102.3","92.1","105.7","93.1","109.0","99.7","94.2","97.2","93.4","99.7","97.2","93.3","97.8","82.1","0.0","0.3","-0.3","-0.5","-0.1","-4.5","0.4","3.3","-0.2","-1.4","2.3","-1.4","-2.6","-0.3","0.2","0.3","0.0","0.1","-0.4","1.3","-1.4","2.1","-12.6","8.5","1.2","-5.5","-0.3","-3.9","-35.4","2.5","4.1","11.4","5.5","41.1","129.0","8.8","-0.6","1.5","6.7","16.5","3.3","20.8","15.0","41.2","21.1","-6.0","0.9","4.2","-0.5","2.2","-0.8","-6.1","0.9","4.3","0.9","0.0","5.4","3.6","2.5","0.5","0.6","1.7","1.6","1.7","2.9","-3.7","1.7","-0.2","-11.3","10.9","1.8","-4.7","-0.8","-2.6","-35.2","3.3","5.5","14.2","12.9","42.1","125.3","11.4","0.3","1.6","9.6","19.3","3.8","26.2","22.1","36.3","21.0","-12.8","-0.02","0.00","-0.04","-0.01","-0.01","-0.03","0.01","0.19","-0.17","-0.15","0.09","-0.04","-0.17","-0.02","0.03","0.02","0.00","0.00","-0.03","0.11","-0.02","0.03","-0.01","8.53","0.01","-0.77","0.00","-0.40","-0.41","0.03","0.25","9.01","0.58","1.19","1.82","0.57","-0.06","0.21","0.58","0.78","0.17","1.17","1.21","0.45","0.30","-0.01","0.92","0.03","-0.06","0.02","-0.08","-0.05","0.01","0.24","0.72","-0.01","0.19","0.10","0.16","0.04","0.08","0.15","0.08","0.09","0.18","-0.33","0.02","0.00","-0.01","10.92","0.01","-0.67","-0.01","-0.27","-0.43","0.04","0.33","11.22","1.31","1.21","1.79","0.75","0.02","0.22","0.82","0.91","0.20","1.44","1.69","0.42","0.30","-0.02"
"2022 APR","99.5","102.5","103.7","130.3","98.5","119.4","101.0","99.7","98.9","103.5","94.8","106.2","92.9","108.6","100.1","95.6","97.6","93.4","100.8","93.3","97.5","96.1","83.6","0.2","0.6","0.5","1.5","0.4","-0.2","0.9","0.2","0.2","1.3","2.8","0.4","-0.3","-0.4","0.4","1.4","0.4","0.0","1.2","-4.0","4.5","-1.7","1.8","5.4","3.7","-4.8","17.8","-4.5","-33.8","4.1","2.7","7.3","-0.6","40.7","63.3","5.3","-0.5","2.4","9.2","16.4","3.2","9.2","4.4","34.7","-4.3","-17.6","0.8","2.7","-1.0","3.2","-1.4","-6.6","0.5","4.1","0.9","-0.8","5.9","10.0","0.6","-0.3","0.8","1.5","1.6","1.4","1.8","-2.4","3.2","0.1","-14.4","8.5","2.0","-5.0","6.4","-3.7","-34.8","3.1","3.8","11.3","5.9","41.5","102.2","9.2","-0.1","1.8","8.6","18.1","3.5","19.4","14.1","37.1","11.0","-12.1","0.24","0.00","0.06","0.02","0.03","0.00","0.01","0.01","0.17","0.13","0.11","0.01","-0.02","-0.03","0.06","0.12","0.02","0.00","0.07","-0.34","0.06","-0.03","0.00","5.39","0.03","-0.65","0.17","-0.45","-0.37","0.05","0.16","5.83","-0.06","1.18","1.22","0.34","-0.05","0.32","0.76","0.76","0.16","0.56","0.36","0.40","-0.08","-0.02","0.83","0.02","-0.12","0.03","-0.13","-0.05","0.01","0.23","0.70","-0.08","0.21","0.27","0.04","-0.03","0.10","0.13","0.08","0.07","0.11","-0.21","0.05","0.00","-0.02","8.49","0.02","-0.70","0.07","-0.38","-0.41","0.04","0.23","8.92","0.62","1.20","1.64","0.59","-0.01","0.25","0.73","0.85","0.18","1.10","1.12","0.43","0.17","-0.02"
"2022 MAY","100.0","103.7","104.1","131.3","99.4","116.4","99.0","100.4","99.3","101.9","93.1","104.7","93.3","108.4","100.4","99.1","99.1","93.5","102.0","94.8","95.0","99.0","84.0","0.5","1.1","0.4","0.7","0.8","-2.5","-2.0","0.7","0.5","-1.6","-1.7","-1.4","0.5","-0.2","0.3","3.7","1.5","0.0","1.2","1.5","-2.5","3.0","0.4","4.4","5.3","-3.5","15.5","-2.1","-36.0","1.9","4.8","5.7","-3.0","37.3","15.7","5.7","-0.4","2.5","12.7","16.1","2.6","2.0","3.1","20.3","17.0","-25.8","0.8","1.7","-0.3","2.6","-0.3","-6.9","0.1","4.5","0.7","-1.4","5.4","7.4","-1.4","-0.6","0.9","2.8","1.8","0.7","1.3","-1.6","2.6","1.8","-15.1","6.1","3.4","-4.6","10.5","-3.5","-35.1","2.8","3.9","8.1","0.5","39.7","57.0","6.6","-0.5","2.1","9.5","16.3","3.0","10.1","7.3","31.4","10.2","-17.3","0.47","0.01","0.04","0.01","0.08","-0.02","-0.03","0.04","0.38","-0.16","-0.07","-0.04","0.03","-0.02","0.03","0.32","0.08","0.00","0.07","0.13","-0.04","0.05","0.00","4.42","0.04","-0.46","0.15","-0.20","-0.39","0.02","0.29","4.56","-0.32","1.08","0.41","0.36","-0.03","0.32","1.04","0.75","0.13","0.13","0.26","0.25","0.24","-0.04","0.79","0.01","-0.04","0.03","-0.03","-0.05","0.00","0.26","0.56","-0.14","0.20","0.21","-0.09","-0.05","0.11","0.23","0.09","0.04","0.08","-0.13","0.04","0.03","-0.02","6.08","0.03","-0.63","0.11","-0.35","-0.39","0.04","0.23","6.43","0.06","1.15","1.14","0.42","-0.05","0.28","0.80","0.76","0.15","0.61","0.60","0.37","0.16","-0.02"
"2022 JUN","99.4","105.5","102.5","129.2","97.4","115.4","100.7","98.0","98.9","101.2","94.3","106.5","93.2","108.2","100.5","98.3","98.0","93.9","102.0","91.7","96.4","98.7","82.8","-0.7","1.7","-1.5","-1.6","-2.0","-0.8","1.7","-2.4","-0.4","-0.7","1.3","1.8","-0.2","-0.2","0.1","-0.8","-1.2","0.5","0.0","-3.3","1.4","-0.4","-1.4","2.8","6.9","-4.3","23.7","-4.2","-31.9","1.7","3.9","3.8","-4.6","31.8","7.0","4.9","0.3","1.9","8.8","12.4","2.6","-0.1","-1.9","22.3","24.3","-32.6","0.5","2.3","-0.2","1.2","-0.1","-5.7","0.1","2.0","0.5","-1.5","4.6","2.6","-1.6","-0.8","0.9","4.1","1.5","0.4","1.5","-2.7","3.3","1.2","-7.9","4.2","5.3","-4.2","18.9","-3.6","-33.9","2.6","3.8","5.6","-2.7","36.5","24.4","5.3","-0.2","2.3","10.2","14.9","2.8","3.5","1.8","25.5","11.1","-25.8","-0.66","0.01","-0.18","-0.02","-0.18","-0.01","0.02","-0.14","-0.35","-0.07","0.05","0.05","-0.01","-0.01","0.01","-0.07","-0.06","0.02","0.00","-0.27","0.02","-0.01","0.00","2.76","0.05","-0.56","0.21","-0.41","-0.32","0.02","0.23","3.04","-0.50","0.96","0.20","0.31","0.03","0.25","0.74","0.58","0.13","-0.01","-0.16","0.27","0.32","-0.05","0.47","0.02","-0.03","0.01","-0.01","-0.04","0.00","0.12","0.37","-0.16","0.17","0.08","-0.10","-0.07","0.11","0.34","0.08","0.02","0.09","-0.23","0.05","0.02","-0.01","4.18","0.04","-0.56","0.18","-0.35","-0.36","0.03","0.23","4.47","-0.30","1.07","0.61","0.34","-0.02","0.30","0.85","0.69","0.14","0.22","0.15","0.31","0.17","-0.04"
"2022 JUL","99.9","107.8","102.7","132.6","97.7","113.7","98.3","100.3","99.4","101.1","100.4","104.3","93.1","108.0","100.5","98.5","99.0","94.7","102.2","92.5","96.6","100.6","76.8","0.5","2.2","0.1","2.7","0.3","-1.5","-2.4","2.4","0.5","-0.2","6.4","-2.1","-0.1","-0.2","0.1","0.2","1.1","0.8","0.2","0.9","0.2","1.9","-7.3","3.7","9.6","-2.7","15.1","-2.6","-25.3","-0.8","6.8","4.5","-3.3","35.1","6.6","4.1","1.1","2.7","9.1","12.1","3.5","2.8","-2.3","17.3","24.5","-26.4","0.4","3.6","-0.4","1.3","-0.2","-5.2","-1.0","1.0","0.4","-1.7","3.9","-1.1","-0.7","-0.7","0.7","4.3","1.4","0.7","1.9","-2.7","1.0","2.9","-6.2","3.6","7.3","-3.5","17.9","-3.0","-31.4","0.9","5.2","4.6","-3.6","34.7","9.6","4.9","0.4","2.3","10.2","13.5","2.9","1.5","-0.4","19.9","21.8","-28.4","0.55","0.02","0.01","0.03","0.03","-0.01","-0.03","0.14","0.38","-0.02","0.25","-0.06","0.00","-0.02","0.01","0.02","0.05","0.04","0.01","0.07","0.00","0.03","-0.01","3.74","0.07","-0.34","0.15","-0.25","-0.23","-0.01","0.39","3.62","-0.35","1.10","0.19","0.26","0.10","0.35","0.76","0.58","0.18","0.18","-0.19","0.22","0.33","-0.03","0.37","0.03","-0.04","0.01","-0.01","-0.04","-0.01","0.06","0.33","-0.18","0.15","-0.03","-0.04","-0.06","0.09","0.37","0.07","0.03","0.12","-0.22","0.01","0.05","-0.01","3.64","0.06","-0.46","0.17","-0.29","-0.31","0.01","0.30","3.74","-0.39","1.04","0.27","0.31","0.03","0.31","0.85","0.64","0.15","0.10","-0.03","0.25","0.30","-0.04"
"2022 AUG","99.9","109.7","102.5","122.9","98.5","111.2","98.7","99.7","99.4","101.8","95.8","102.2","94.4","106.9","100.6","99.0","99.9","95.4","101.3","93.3","97.5","100.8","76.6","0.0","1.8","-0.2","-7.3","0.8","-2.2","0.4","-0.6","0.0","0.8","-4.5","-2.0","1.4","-1.0","0.1","0.5","0.9","0.7","-0.8","0.9","1.0","0.3","-0.3","2.7","11.7","-3.5","-9.6","-2.1","-23.9","0.5","7.5","3.3","-2.3","24.6","-9.7","5.1","-0.1","2.1","8.0","12.3","4.1","3.8","-2.5","10.8","15.7","-15.9","0.1","4.8","-1.1","-1.4","-0.8","-4.3","-0.9","-0.6","0.3","-1.2","3.8","-1.1","0.5","-0.9","0.5","2.4","1.0","1.3","1.0","-2.8","1.7","2.4","-5.4","3.1","9.4","-3.5","8.2","-3.0","-27.2","0.5","6.1","3.8","-3.4","30.4","0.8","4.7","0.4","2.2","8.6","12.3","3.4","2.1","-2.2","16.6","21.3","-25.8","-0.03","0.01","-0.02","-0.08","0.07","-0.01","0.01","-0.03","0.01","0.08","-0.19","-0.06","0.09","-0.08","0.01","0.05","0.05","0.04","-0.05","0.07","0.01","0.00","0.00","2.69","0.09","-0.44","-0.11","-0.20","-0.21","0.01","0.42","2.63","-0.24","0.79","-0.32","0.32","-0.01","0.27","0.67","0.58","0.20","0.24","-0.22","0.15","0.23","-0.02","0.08","0.04","-0.13","-0.01","-0.07","-0.03","-0.01","-0.03","0.21","-0.12","0.14","-0.03","0.03","-0.07","0.06","0.21","0.05","0.07","0.06","-0.23","0.02","0.04","-0.01","3.06","0.07","-0.45","0.08","-0.28","-0.25","0.01","0.35","3.09","-0.36","0.95","0.02","0.30","0.04","0.29","0.72","0.58","0.17","0.14","-0.19","0.22","0.30","-0.03"
"2022 SEP","99.2","110.8","100.8","122.1","96.6","110.3","98.2","98.1","98.9","99.6","98.9","100.1","92.7","104.7","100.7","98.8","99.0","95.9","101.2","94.4","95.9","101.0","78.9","-0.7","1.0","-1.6","-0.7","-1.9","-0.8","-0.5","-1.6","-0.5","-2.2","3.2","-2.0","-1.9","-2.0","0.1","-0.2","-0.9","0.5","-0.1","1.3","-1.7","0.2","3.1","1.4","14.1","-4.1","-6.6","-3.8","-20.1","1.7","5.1","1.9","-5.3","23.7","-10.4","3.3","-2.6","1.8","7.4","8.5","4.7","4.0","-3.4","7.1","8.9","-16.1","0.0","5.3","-1.4","-3.3","-0.8","-4.6","-1.9","0.0","0.2","-1.4","4.6","-3.4","0.3","-1.7","0.3","1.2","1.1","1.8","0.0","0.1","0.4","2.9","-7.3","2.6","11.8","-3.4","-1.1","-2.8","-23.2","0.5","6.5","3.2","-3.6","27.7","-5.0","4.2","-0.5","2.2","8.1","10.9","4.1","3.5","-2.7","11.6","16.0","-19.8","-0.68","0.01","-0.19","-0.01","-0.17","-0.01","-0.01","-0.09","-0.40","-0.22","0.13","-0.06","-0.12","-0.17","0.01","-0.02","-0.04","0.02","-0.01","0.10","-0.03","0.00","0.00","1.38","0.10","-0.52","-0.07","-0.36","-0.16","0.02","0.29","1.52","-0.56","0.79","-0.33","0.21","-0.22","0.24","0.62","0.41","0.23","0.25","-0.30","0.10","0.14","-0.02","0.01","0.04","-0.17","-0.04","-0.08","-0.03","-0.02","0.00","0.14","-0.14","0.18","-0.10","0.02","-0.14","0.04","0.10","0.06","0.09","0.00","0.01","0.01","0.05","-0.01","2.60","0.09","-0.43","-0.01","-0.27","-0.20","0.01","0.37","2.58","-0.39","0.89","-0.15","0.27","-0.05","0.28","0.69","0.52","0.20","0.22","-0.24","0.16","0.23","-0.02"
"2022 OCT","100.1","111.4","101.3","118.8","97.5","107.6","97.7","100.4","99.8","102.5","101.3","101.4","93.8","102.6","100.7","101.0","99.7","96.3","101.1","95.5","103.0","100.7","77.6","1.0","0.5","0.4","-2.7","0.9","-2.4","-0.5","2.3","0.9","3.0","2.4","1.3","1.2","-2.0","0.0","2.2","0.7","0.5","-0.1","1.1","7.4","-0.3","-1.7","2.2","16.2","-2.4","-8.8","-0.8","-19.9","-1.2","8.4","2.4","-2.3","23.2","-2.9","1.8","-4.9","2.1","11.4","5.9","5.4","4.1","-4.3","13.6","2.4","-21.3","0.0","4.7","-1.5","-7.4","-0.6","-4.7","-1.2","-0.1","0.2","-0.1","2.8","-3.7","0.5","-3.2","0.2","1.0","0.9","2.0","-0.8","1.5","2.9","1.4","-4.3","2.1","14.0","-3.3","-8.3","-2.2","-21.4","0.3","7.0","2.5","-3.3","23.8","-7.8","3.4","-2.5","2.0","8.9","8.8","4.7","4.0","-3.4","10.5","8.7","-17.9","0.96","0.00","0.05","-0.03","0.08","-0.02","-0.01","0.14","0.77","0.29","0.10","0.04","0.08","-0.17","0.00","0.19","0.04","0.02","-0.01","0.09","0.11","0.00","0.00","2.21","0.12","-0.29","-0.10","-0.08","-0.16","-0.02","0.47","1.93","-0.25","0.79","-0.09","0.11","-0.42","0.27","0.95","0.30","0.26","0.25","-0.38","0.19","0.04","-0.03","-0.03","0.04","-0.18","-0.08","-0.06","-0.03","-0.01","-0.01","0.13","-0.01","0.11","-0.11","0.03","-0.27","0.03","0.09","0.04","0.10","-0.05","0.12","0.04","0.02","0.00","2.09","0.10","-0.42","-0.09","-0.21","-0.18","0.00","0.39","2.02","-0.35","0.79","-0.24","0.22","-0.22","0.26","0.75","0.43","0.23","0.25","-0.30","0.15","0.13","-0.02"
"2022 NOV","100.2","109.6","102.1","122.2","98.5","103.8","99.1","99.6","99.8","101.0","99.4","101.9","95.9","102.0","100.4","101.3","102.1","96.6","100.9","96.7","98.8","99.1","83.3","0.1","-1.6","0.9","2.9","1.0","-3.6","1.4","-0.8","0.0","-1.5","-1.9","0.5","2.2","-0.6","-0.3","0.3","2.4","0.3","-0.2","1.2","-4.0","-1.6","7.4","1.7","13.6","-2.8","-2.1","-1.9","-22.4","-0.1","6.8","1.9","-2.6","15.7","-0.8","3.8","-6.5","1.6","9.6","6.7","5.6","4.2","-3.1","6.8","1.6","-19.3","0.1","2.7","-1.1","-5.6","-0.3","-5.4","-0.9","0.1","0.3","-0.3","3.1","-3.1","0.6","-4.2","0.0","1.8","1.4","1.7","-0.8","3.3","2.4","0.3","1.6","1.8","14.6","-3.1","-5.9","-2.2","-20.8","0.1","6.7","2.1","-3.4","20.7","-4.8","3.0","-4.7","1.8","9.5","7.0","5.2","4.1","-3.6","9.2","4.2","-19.0","0.05","-0.01","0.10","0.03","0.09","-0.02","0.02","-0.05","0.00","-0.15","-0.08","0.01","0.14","-0.05","-0.04","0.02","0.12","0.01","-0.01","0.10","-0.06","-0.03","0.01","1.70","0.10","-0.34","-0.02","-0.18","-0.17","0.00","0.38","1.57","-0.27","0.56","-0.02","0.25","-0.57","0.20","0.81","0.34","0.27","0.26","-0.27","0.10","0.03","-0.02","0.13","0.02","-0.13","-0.06","-0.03","-0.04","-0.01","0.00","0.24","-0.03","0.12","-0.09","0.04","-0.36","0.01","0.16","0.07","0.08","-0.05","0.27","0.04","0.00","0.00","1.76","0.11","-0.38","-0.06","-0.20","-0.16","0.00","0.38","1.67","-0.36","0.71","-0.15","0.19","-0.40","0.23","0.79","0.35","0.26","0.25","-0.32","0.13","0.07","-0.02"
"2022 DEC","99.7","106.0","100.9","110.5","98.3","106.7","100.0","102.2","99.3","101.3","97.5","100.0","96.2","102.8","100.2","100.9","100.0","97.0","99.1","95.2","94.1","98.5","88.0","-0.5","-3.3","-1.2","-9.6","-0.2","2.8","0.9","2.5","-0.5","0.3","-1.8","-1.9","0.4","0.7","-0.1","-0.3","-2.1","0.4","-1.7","-1.5","-4.7","-0.7","5.6","1.4","6.1","-2.9","-9.9","-1.1","-17.0","0.3","8.4","1.6","-1.5","10.9","9.7","4.1","-5.9","1.3","7.7","4.3","5.5","1.2","-4.2","2.4","3.4","-15.7","0.4","-0.4","-0.5","-6.9","0.5","-5.0","0.6","1.4","0.4","0.8","1.0","-1.1","2.0","-3.8","-0.2","2.3","1.3","1.4","-1.2","2.6","2.0","-1.4","7.2","1.8","11.9","-2.7","-7.0","-1.3","-19.8","-0.3","7.9","2.0","-2.1","16.5","1.7","3.2","-5.8","1.6","9.5","5.6","5.5","3.2","-3.9","7.6","2.5","-18.7","-0.48","-0.03","-0.15","-0.10","-0.02","0.02","0.01","0.15","-0.44","0.03","-0.07","-0.05","0.02","0.06","-0.02","-0.03","-0.11","0.02","-0.11","-0.12","-0.07","-0.01","0.01","1.42","0.05","-0.36","-0.10","-0.10","-0.13","0.00","0.48","1.27","-0.16","0.40","0.25","0.26","-0.51","0.16","0.65","0.22","0.27","0.08","-0.37","0.03","0.05","-0.02","0.36","0.00","-0.06","-0.07","0.05","-0.03","0.01","0.08","0.35","0.08","0.04","-0.03","0.13","-0.32","-0.02","0.20","0.07","0.07","-0.08","0.21","0.03","-0.02","0.01","1.77","0.09","-0.33","-0.07","-0.12","-0.15","0.00","0.44","1.59","-0.22","0.58","0.05","0.21","-0.50","0.21","0.80","0.28","0.27","0.20","-0.34","0.11","0.04","-0.02"
"2023 JAN","100.1","102.3","100.5","101.1","99.1","106.9","101.5","97.9","100.2","101.6","100.9","100.6","98.2","103.7","100.1","100.0","101.7","97.4","101.1","96.7","99.7","101.7","94.1","0.4","-3.5","-0.4","-8.5","0.8","0.1","1.5","-4.2","0.9","0.3","3.4","0.5","2.1","0.9","-0.1","-1.0","1.7","0.4","1.9","1.6","5.9","3.3","6.9","1.2","0.9","-3.8","-21.3","-0.2","-16.3","0.8","1.6","2.0","-3.6","15.0","4.4","3.3","-5.3","0.9","7.0","6.1","4.7","0.4","2.3","8.4","5.0","-1.7","0.3","-4.2","-0.4","-8.2","1.1","-3.5","2.0","0.5","0.4","0.0","0.6","-0.4","3.4","-1.8","-0.4","1.1","1.7","1.2","-0.8","1.9","-1.3","-1.1","13.9","1.5","6.8","-3.2","-11.2","-1.1","-18.7","0.4","5.6","1.8","-2.6","13.9","4.2","3.7","-5.9","1.2","8.1","5.7","5.3","1.9","-1.7","5.9","3.3","-12.5","0.41","-0.03","-0.06","-0.13","0.07","0.00","0.02","-0.25","0.74","0.03","0.12","0.02","0.13","0.07","-0.02","-0.09","0.09","0.02","0.11","0.12","0.08","0.05","0.01","1.25","0.01","-0.50","-0.39","-0.02","-0.20","0.01","0.09","1.62","-0.39","0.48","0.12","0.21","-0.48","0.12","0.59","0.31","0.23","0.03","0.19","0.11","0.08","0.00","0.28","-0.03","-0.05","-0.14","0.10","-0.04","0.02","0.03","0.33","0.00","0.02","-0.01","0.21","-0.16","-0.06","0.10","0.09","0.06","-0.05","0.15","-0.02","-0.02","0.01","1.45","0.05","-0.42","-0.20","-0.10","-0.23","0.00","0.31","1.48","-0.28","0.45","0.12","0.23","-0.53","0.16","0.68","0.29","0.25","0.11","-0.14","0.08","0.05","-0.02"
"2023 FEB","100.3","99.6","100.5","108.3","98.6","104.4","99.7","100.2","100.3","100.7","99.8","101.4","98.7","103.7","99.9","101.5","102.0","97.1","100.1","97.6","100.7","102.3","97.4","0.2","-2.6","0.0","7.0","-0.5","-2.3","-1.8","2.4","0.1","-0.9","-1.0","0.9","0.5","0.0","-0.2","1.6","0.3","-0.2","-0.9","1.0","1.1","0.6","3.5","1.0","-1.9","-2.9","-16.2","0.3","-16.7","0.0","4.1","1.5","-2.9","10.9","-5.4","3.3","-5.1","0.4","8.1","4.9","4.0","0.0","1.7","6.5","6.8","3.7","0.2","-7.2","-0.8","-11.9","1.2","-1.2","2.1","0.7","0.4","0.2","-0.4","-0.5","3.9","0.2","-0.5","0.4","0.9","0.9","-0.9","1.0","-1.1","0.5","16.5","1.2","1.7","-3.2","-15.9","-0.3","-16.7","0.4","4.7","1.7","-2.7","12.3","2.5","3.6","-5.4","0.9","7.6","5.1","4.7","0.6","-0.1","5.8","5.0","-5.0","0.22","-0.02","0.00","0.10","-0.04","-0.02","-0.02","0.14","0.10","-0.09","-0.04","0.02","0.03","0.00","-0.02","0.14","0.01","-0.01","-0.05","0.08","0.02","0.01","0.00","1.02","-0.01","-0.38","-0.30","0.03","-0.20","0.00","0.23","1.17","-0.31","0.36","-0.16","0.21","-0.46","0.06","0.67","0.25","0.19","0.00","0.14","0.09","0.10","0.00","0.22","-0.06","-0.10","-0.20","0.10","-0.01","0.02","0.04","0.34","0.02","-0.02","-0.01","0.24","0.02","-0.07","0.04","0.05","0.05","-0.06","0.08","-0.02","0.01","0.02","1.23","0.01","-0.43","-0.29","-0.03","-0.20","0.00","0.26","1.35","-0.29","0.40","0.07","0.22","-0.49","0.11","0.64","0.26","0.23","0.03","-0.01","0.08","0.08","-0.01"
"2023 MAR","99.9","98.9","100.0","103.8","98.2","106.3","102.5","100.0","99.9","99.3","99.5","98.1","98.4","103.0","100.1","101.0","100.7","97.7","100.9","98.1","100.6","101.5","97.6","-0.4","-0.8","-0.5","-4.2","-0.5","1.8","2.8","-0.2","-0.4","-1.4","-0.3","-3.3","-0.3","-0.7","0.2","-0.5","-1.3","0.6","0.8","0.4","-0.1","-0.8","0.2","0.6","-2.9","-3.1","-19.2","0.0","-11.1","2.4","0.5","1.3","-2.9","8.0","-7.2","5.7","-5.5","0.4","7.2","3.6","4.6","1.3","0.9","7.9","3.7","18.8","0.1","-8.0","-1.1","-10.9","0.5","-0.2","2.3","-1.4","0.5","-1.1","0.7","-1.1","3.3","1.0","-0.4","-0.2","0.8","0.8","0.3","1.8","1.7","2.4","16.1","1.0","-1.3","-3.3","-18.9","0.0","-14.8","1.1","2.0","1.6","-3.2","11.2","-3.0","4.1","-5.3","0.6","7.4","4.9","4.4","0.6","1.6","7.6","5.1","6.3","-0.41","-0.01","-0.06","-0.06","-0.04","0.02","0.03","-0.01","-0.33","-0.15","-0.01","-0.09","-0.02","-0.06","0.02","-0.05","-0.07","0.03","0.05","0.04","0.00","-0.01","0.00","0.63","-0.02","-0.41","-0.35","0.00","-0.13","0.03","0.03","1.02","-0.31","0.27","-0.21","0.35","-0.49","0.05","0.61","0.18","0.22","0.07","0.07","0.11","0.06","0.02","0.11","-0.06","-0.14","-0.18","0.05","0.00","0.03","-0.08","0.41","-0.11","0.03","-0.03","0.21","0.08","-0.05","-0.02","0.04","0.04","0.02","0.14","0.02","0.04","0.02","0.96","-0.01","-0.43","-0.35","0.00","-0.17","0.01","0.12","1.27","-0.34","0.37","-0.09","0.26","-0.48","0.08","0.62","0.25","0.21","0.03","0.13","0.10","0.08","0.01"
"2023 APR","100.1","99.8","100.2","101.1","99.6","103.3","100.2","100.0","100.2","100.3","100.3","102.7","100.0","102.2","100.0","99.7","100.6","98.4","100.0","98.5","101.7","100.8","93.9","0.2","0.9","0.2","-2.6","1.4","-2.8","-2.2","0.0","0.2","1.0","0.7","4.7","1.6","-0.8","0.0","-1.3","-0.1","0.7","-0.9","0.5","1.0","-0.7","-3.7","0.6","-2.7","-3.4","-22.4","1.0","-13.5","-0.8","0.3","1.3","-3.2","5.8","-3.3","7.6","-5.9","-0.1","4.3","3.1","5.3","-0.8","5.5","4.3","4.9","12.3","0.1","-6.2","-1.0","-6.2","0.1","-1.1","0.6","0.2","0.4","-1.2","0.6","-0.1","2.3","0.2","-0.2","0.0","-0.2","0.8","0.0","1.9","3.6","1.8","8.8","0.7","-2.5","-3.2","-19.3","0.5","-13.8","0.5","1.6","1.3","-3.0","8.2","-5.3","5.5","-5.5","0.2","6.5","3.8","4.6","0.2","2.7","6.2","5.1","11.2","0.21","0.01","0.03","-0.04","0.13","-0.03","-0.03","0.00","0.18","0.10","0.03","0.13","0.10","-0.07","-0.01","-0.12","0.00","0.03","-0.05","0.04","0.02","-0.01","0.00","0.60","-0.02","-0.45","-0.42","0.09","-0.15","-0.01","0.02","1.03","-0.33","0.20","-0.10","0.47","-0.52","-0.01","0.37","0.16","0.25","-0.05","0.43","0.06","0.07","0.01","0.13","-0.05","-0.12","-0.10","0.01","-0.01","0.01","0.01","0.29","-0.12","0.02","0.00","0.15","0.01","-0.03","0.00","-0.01","0.04","0.00","0.16","0.05","0.03","0.01","0.75","-0.02","-0.41","-0.36","0.04","-0.16","0.01","0.09","1.07","-0.32","0.28","-0.16","0.34","-0.49","0.03","0.55","0.20","0.22","0.01","0.22","0.09","0.08","0.01"
"2023 MAY","99.8","100.5","99.4","101.3","99.3","97.4","98.6","99.0","100.0","99.7","99.6","99.4","101.0","100.5","100.0","100.9","99.1","98.9","99.6","99.6","103.4","97.9","93.0","-0.3","0.8","-0.8","0.2","-0.2","-5.7","-1.6","-1.0","-0.2","-0.6","-0.6","-3.2","1.0","-1.7","0.0","1.2","-1.5","0.6","-0.4","1.1","1.7","-2.9","-1.0","-0.2","-3.1","-4.5","-22.8","0.0","-16.3","-0.4","-1.4","0.6","-2.2","6.9","-5.0","8.2","-7.3","-0.4","1.8","0.0","5.8","-2.4","5.1","8.8","-1.1","10.8","-0.1","-2.9","-0.8","-4.3","0.3","-3.4","0.1","-0.4","0.1","-1.4","0.4","-0.6","2.1","-1.4","0.0","-0.3","-1.1","1.2","0.1","2.3","3.8","-0.7","1.8","0.3","-2.9","-3.7","-21.5","0.3","-13.6","0.4","-0.2","1.1","-2.8","6.9","-5.2","7.2","-6.2","0.0","4.4","2.2","5.2","-0.6","3.8","7.0","2.5","13.9","-0.30","0.01","-0.10","0.00","-0.02","-0.06","-0.02","-0.06","-0.15","-0.06","-0.02","-0.09","0.07","-0.14","-0.01","0.11","-0.08","0.03","-0.03","0.09","0.03","-0.04","0.00","-0.18","-0.02","-0.59","-0.42","0.00","-0.18","0.00","-0.08","0.50","-0.23","0.24","-0.14","0.50","-0.64","-0.05","0.16","0.00","0.28","-0.14","0.40","0.12","-0.02","0.01","-0.09","-0.02","-0.10","-0.06","0.03","-0.03","0.00","-0.02","0.06","-0.15","0.01","-0.02","0.13","-0.12","-0.01","-0.02","-0.06","0.06","0.00","0.19","0.05","-0.01","0.00","0.35","-0.02","-0.48","-0.40","0.03","-0.15","0.00","-0.01","0.85","-0.29","0.24","-0.15","0.44","-0.55","0.00","0.38","0.11","0.25","-0.04","0.30","0.10","0.04","0.01"
"2023 JUN","100.5","100.5","101.3","100.1","101.8","99.5","101.0","102.1","100.2","100.3","100.1","100.6","102.2","99.0","100.1","99.5","101.3","99.8","100.0","100.5","100.0","99.5","95.2","0.6","0.0","2.0","-1.2","2.5","2.1","2.3","3.2","0.2","0.6","0.5","1.1","1.2","-1.5","0.1","-1.4","2.2","0.8","0.4","0.9","-3.3","1.6","2.4","1.1","-4.7","-1.2","-22.5","4.5","-13.8","0.2","4.2","1.3","-0.9","6.1","-5.6","9.7","-8.5","-0.4","1.2","3.4","6.2","-1.9","9.7","3.7","0.8","15.0","0.0","0.0","0.0","-3.4","1.6","-5.5","-1.3","1.0","0.0","-0.4","-0.1","0.9","2.6","-2.8","0.0","-0.8","-1.1","1.7","-0.8","2.1","1.3","-2.3","-2.4","0.5","-3.5","-3.0","-22.6","1.8","-14.5","-0.3","1.0","1.1","-2.1","6.3","-4.6","8.5","-7.2","-0.3","2.4","2.2","5.8","-1.7","6.7","5.6","1.5","12.7","0.62","0.00","0.24","-0.02","0.22","0.02","0.03","0.18","0.19","0.06","0.02","0.03","0.08","-0.12","0.01","-0.12","0.11","0.04","0.03","0.08","-0.05","0.02","0.00","1.10","-0.04","-0.15","-0.41","0.39","-0.15","0.00","0.24","1.05","-0.09","0.21","-0.17","0.60","-0.76","-0.05","0.11","0.17","0.30","-0.11","0.75","0.05","0.01","0.01","0.02","0.00","0.00","-0.05","0.14","-0.05","-0.02","0.06","-0.04","-0.04","0.00","0.02","0.17","-0.24","0.00","-0.07","-0.06","0.08","-0.05","0.17","0.02","-0.04","0.00","0.50","-0.03","-0.40","-0.42","0.16","-0.16","0.00","0.06","0.86","-0.22","0.22","-0.14","0.52","-0.64","-0.04","0.21","0.11","0.28","-0.10","0.53","0.08","0.02","0.01"
"2023 JUL","100.1","100.0","100.7","96.6","101.7","99.6","99.5","100.9","99.9","100.1","99.1","99.8","100.1","98.5","99.9","100.9","99.9","100.4","98.4","100.0","106.6","102.0","100.3","-0.4","-0.5","-0.6","-3.4","-0.1","0.2","-1.5","-1.2","-0.3","-0.2","-1.0","-0.8","-2.0","-0.4","-0.2","1.4","-1.4","0.6","-1.7","-0.5","6.6","2.5","5.3","0.2","-7.2","-1.9","-27.2","4.0","-12.3","1.2","0.6","0.6","-1.0","-1.3","-4.3","7.5","-8.8","-0.7","2.4","0.9","6.0","-3.8","8.1","10.4","1.4","30.7","0.0","0.9","0.3","-4.8","2.2","-5.5","-1.1","0.6","-0.1","-0.1","-0.3","-0.8","2.1","-3.6","0.0","-0.3","-1.0","2.0","-1.0","2.0","2.3","-1.7","-0.1","0.4","-5.0","-2.5","-24.2","2.8","-14.2","0.4","1.1","0.8","-1.3","3.8","-5.0","8.5","-8.2","-0.5","1.8","1.4","6.0","-2.7","7.6","7.6","0.4","18.5","-0.36","0.00","-0.08","-0.05","-0.01","0.00","-0.02","-0.07","-0.21","-0.02","-0.04","-0.02","-0.13","-0.04","-0.03","0.12","-0.07","0.03","-0.10","-0.05","0.10","0.04","0.01","0.19","-0.06","-0.24","-0.51","0.35","-0.13","0.01","0.04","0.46","-0.10","-0.05","-0.13","0.46","-0.77","-0.09","0.21","0.04","0.29","-0.22","0.63","0.15","0.02","0.03","-0.01","0.01","0.03","-0.07","0.19","-0.05","-0.01","0.03","-0.08","-0.01","-0.01","-0.02","0.13","-0.30","0.00","-0.03","-0.05","0.10","-0.06","0.16","0.03","-0.03","0.00","0.37","-0.04","-0.33","-0.45","0.25","-0.15","0.00","0.07","0.67","-0.14","0.13","-0.15","0.52","-0.73","-0.06","0.16","0.07","0.29","-0.16","0.59","0.11","0.01","0.02"
"2023 AUG","100.0","99.5","100.5","103.2","100.6","99.2","98.4","99.7","99.9","100.4","99.7","98.5","100.3","98.4","99.9","99.9","99.2","101.0","101.2","100.7","98.7","97.9","104.7","-0.1","-0.5","-0.2","6.8","-1.1","-0.4","-1.1","-1.3","0.0","0.3","0.6","-1.3","0.2","-0.1","0.1","-1.0","-0.6","0.6","2.9","0.7","-7.4","-4.0","4.4","0.1","-9.3","-1.9","-16.1","2.1","-10.7","-0.3","-0.1","0.5","-1.4","4.0","-3.6","6.2","-7.9","-0.7","0.9","-0.7","5.8","-0.1","8.0","1.2","-2.9","36.7","0.2","0.3","1.0","-2.1","2.4","-2.8","-0.9","1.2","0.0","0.5","-0.2","-0.5","1.1","-3.2","-0.1","-0.4","0.0","2.1","-0.3","1.7","-0.1","-0.3","5.5","0.5","-7.1","-1.7","-22.1","3.5","-12.3","0.4","1.6","0.8","-1.1","2.8","-4.5","7.8","-8.4","-0.6","1.5","1.2","6.0","-1.9","8.6","5.1","-0.2","27.1","-0.12","0.00","-0.03","0.09","-0.10","0.00","-0.01","-0.07","-0.02","0.03","0.02","-0.04","0.01","-0.01","0.01","-0.09","-0.03","0.03","0.17","0.06","-0.11","-0.06","0.00","0.11","-0.07","-0.25","-0.28","0.19","-0.11","0.00","0.00","0.44","-0.15","0.14","-0.10","0.39","-0.70","-0.09","0.07","-0.04","0.28","-0.01","0.62","0.02","-0.05","0.03","0.20","0.00","0.13","-0.03","0.21","-0.03","-0.01","0.07","0.01","0.05","-0.01","-0.01","0.07","-0.27","-0.01","-0.04","0.00","0.10","-0.02","0.14","0.00","0.00","0.01","0.47","-0.05","-0.22","-0.40","0.31","-0.13","0.00","0.09","0.65","-0.11","0.10","-0.13","0.48","-0.74","-0.08","0.13","0.06","0.29","-0.12","0.67","0.07","0.00","0.03"
"2023 SEP","100.0","99.4","100.0","98.2","100.5","99.9","100.2","100.4","100.0","99.6","99.8","99.6","100.5","97.8","99.9","99.4","98.8","101.6","101.2","102.6","97.0","99.1","108.6","0.0","-0.1","-0.5","-4.9","-0.1","0.7","1.8","0.8","0.0","-0.8","0.1","1.1","0.2","-0.6","-0.1","-0.5","-0.4","0.7","0.0","1.9","-1.7","1.3","3.7","0.8","-10.3","-0.8","-19.6","4.0","-9.4","2.1","2.4","1.1","0.0","0.9","-0.6","8.5","-6.6","-0.8","0.6","-0.2","6.0","0.0","8.6","1.2","-1.8","37.6","-0.1","-0.6","0.1","-1.5","0.7","-0.5","-0.6","0.0","-0.2","-0.1","-0.5","-1.6","-0.7","-2.3","-0.2","0.0","-1.1","2.0","0.4","1.5","-0.9","0.3","11.1","0.4","-9.0","-1.5","-21.1","3.4","-10.8","1.0","1.0","0.7","-0.8","1.1","-2.9","7.4","-7.8","-0.7","1.3","0.0","5.9","-1.3","8.2","4.3","-1.1","35.0","0.02","0.00","-0.06","-0.07","-0.01","0.01","0.02","0.05","0.04","-0.08","0.00","0.03","0.02","-0.05","-0.01","-0.04","-0.02","0.03","0.00","0.16","-0.03","0.02","0.00","0.82","-0.08","-0.10","-0.34","0.35","-0.10","0.02","0.14","0.87","0.00","0.03","-0.02","0.52","-0.57","-0.11","0.05","-0.01","0.30","0.00","0.69","0.02","-0.03","0.04","-0.12","0.00","0.02","-0.02","0.06","0.00","-0.01","0.00","-0.13","-0.01","-0.02","-0.05","-0.05","-0.19","-0.02","0.00","-0.05","0.10","0.02","0.13","-0.01","0.00","0.01","0.37","-0.07","-0.20","-0.38","0.30","-0.11","0.01","0.06","0.59","-0.08","0.04","-0.08","0.46","-0.68","-0.10","0.11","0.00","0.29","-0.08","0.65","0.06","-0.02","0.03"
"2023 OCT","99.6","99.6","98.7","96.2","99.6","94.6","100.5","100.5","99.7","100.1","100.2","99.1","98.9","97.4","99.8","98.2","98.9","102.2","100.0","102.4","96.6","98.9","106.1","-0.4","0.2","-1.3","-2.1","-0.9","-5.4","0.2","0.1","-0.3","0.6","0.4","-0.5","-1.6","-0.4","0.0","-1.2","0.0","0.6","-1.1","-0.1","-0.5","-0.2","-2.3","-0.5","-10.6","-2.5","-19.0","2.1","-12.2","2.8","0.1","-0.2","-2.3","-1.0","-2.3","5.5","-5.1","-0.9","-2.7","-0.9","6.1","-1.0","7.3","-6.2","-1.8","36.7","-0.3","-0.8","-0.7","-0.2","-0.7","-1.0","0.0","-0.5","-0.2","0.0","0.3","-0.9","-1.2","-1.5","-0.1","-1.3","-1.1","1.9","1.5","1.9","-5.7","-1.2","10.7","0.1","-10.1","-1.7","-18.2","2.7","-10.7","1.5","0.8","0.5","-1.3","1.2","-2.2","6.7","-6.6","-0.8","-0.5","-0.6","6.0","-0.4","8.0","-1.4","-2.2","37.0","-0.40","0.00","-0.16","-0.03","-0.08","-0.05","0.00","0.00","-0.24","0.06","0.02","-0.01","-0.10","-0.03","0.00","-0.10","0.00","0.03","-0.07","-0.01","-0.01","0.00","0.00","-0.54","-0.08","-0.32","-0.32","0.18","-0.12","0.03","0.00","-0.13","-0.24","-0.04","-0.06","0.34","-0.43","-0.11","-0.24","-0.05","0.30","-0.06","0.59","-0.09","-0.03","0.03","-0.27","-0.01","-0.09","0.00","-0.06","-0.01","0.00","-0.03","-0.15","0.00","0.01","-0.02","-0.08","-0.12","-0.01","-0.11","-0.06","0.10","0.09","0.16","-0.09","-0.02","0.01","0.12","-0.08","-0.22","-0.31","0.24","-0.11","0.02","0.05","0.39","-0.13","0.04","-0.06","0.41","-0.57","-0.10","-0.04","-0.03","0.29","-0.02","0.63","-0.02","-0.03","0.03"
"2023 NOV","99.9","99.9","99.0","96.1","100.2","94.2","99.5","99.9","100.0","100.3","100.5","99.6","100.5","97.8","100.1","99.2","98.2","102.7","99.4","102.6","98.7","99.5","104.2","0.3","0.3","0.2","0.0","0.6","-0.3","-1.0","-0.6","0.4","0.1","0.3","0.5","1.5","0.4","0.3","1.0","-0.6","0.4","-0.7","0.1","2.2","0.5","-1.8","-0.3","-8.8","-3.1","-21.4","1.7","-9.2","0.4","0.3","0.2","-0.7","1.2","-2.3","4.8","-4.2","-0.3","-2.0","-3.8","6.2","-1.5","6.1","-0.1","0.4","25.0","-0.4","-0.4","-1.6","-3.1","-1.3","-3.2","0.4","-0.6","-0.1","-0.3","0.6","-0.2","-0.9","-1.0","0.0","-1.1","-1.5","1.8","0.3","2.1","-4.3","-0.6","6.2","0.0","-9.9","-2.1","-20.0","2.6","-10.3","1.7","0.9","0.4","-1.0","0.3","-1.7","6.2","-5.3","-0.6","-1.4","-1.7","6.1","-0.8","7.3","-1.8","-1.1","32.9","0.28","0.00","0.03","0.00","0.05","0.00","-0.01","-0.03","0.29","0.01","0.01","0.01","0.10","0.03","0.03","0.09","-0.03","0.02","-0.04","0.01","0.03","0.01","0.00","-0.31","-0.07","-0.40","-0.37","0.15","-0.09","0.00","0.02","0.15","-0.07","0.04","-0.06","0.30","-0.35","-0.04","-0.18","-0.20","0.31","-0.09","0.50","0.00","0.01","0.02","-0.35","0.00","-0.20","-0.04","-0.11","-0.03","0.01","-0.04","-0.11","-0.03","0.02","-0.01","-0.06","-0.08","0.00","-0.10","-0.08","0.09","0.02","0.18","-0.06","-0.01","0.01","-0.02","-0.08","-0.27","-0.34","0.23","-0.10","0.02","0.05","0.30","-0.11","0.01","-0.05","0.39","-0.45","-0.09","-0.12","-0.09","0.30","-0.05","0.59","-0.03","-0.02","0.03"
"2023 DEC","99.6","100.0","99.3","94.1","100.9","94.7","98.5","99.4","99.7","97.7","100.6","100.8","101.1","98.1","100.3","99.7","99.6","102.9","98.0","100.8","96.3","98.9","104.9","-0.3","0.0","0.3","-2.1","0.8","0.5","-1.0","-0.5","-0.3","-2.5","0.1","1.2","0.6","0.3","0.2","0.5","1.4","0.2","-1.3","-1.8","-2.5","-0.6","0.7","-0.1","-5.7","-1.6","-14.9","2.6","-11.3","-1.5","-2.7","0.4","-3.6","3.1","0.8","5.0","-4.5","0.1","-1.2","-0.3","6.1","-1.1","5.8","2.3","0.4","19.3","-0.3","0.2","-1.4","-3.9","-0.7","-5.1","0.1","-0.4","-0.1","-0.6","0.9","0.5","-0.2","-0.5","0.2","-1.0","-0.4","1.6","-1.1","0.8","-3.6","-0.6","0.5","-0.3","-8.4","-2.4","-18.5","2.1","-10.9","0.5","-0.8","0.1","-2.2","1.1","-1.3","5.1","-4.6","-0.3","-2.0","-1.7","6.1","-1.2","6.4","-1.5","-0.3","26.6","-0.25","0.00","0.03","-0.03","0.07","0.00","-0.01","-0.03","-0.26","-0.26","0.00","0.03","0.04","0.03","0.03","0.05","0.07","0.01","-0.08","-0.15","-0.03","-0.01","0.00","-0.09","-0.04","-0.21","-0.23","0.23","-0.11","-0.02","-0.16","0.34","-0.37","0.11","0.02","0.32","-0.38","0.01","-0.11","-0.02","0.30","-0.06","0.47","0.03","0.01","0.02","-0.32","0.00","-0.18","-0.05","-0.06","-0.05","0.00","-0.02","-0.12","-0.06","0.03","0.01","-0.01","-0.04","0.03","-0.09","-0.02","0.08","-0.06","0.07","-0.05","-0.01","0.00","-0.32","-0.07","-0.31","-0.31","0.19","-0.11","0.01","-0.05","0.12","-0.23","0.04","-0.04","0.32","-0.39","-0.05","-0.18","-0.09","0.30","-0.07","0.52","-0.02","-0.01","0.03"
"2024 JAN","100.1","100.1","98.0","91.1","100.6","91.5","96.6","100.6","100.4","100.3","101.6","98.7","100.8","98.6","100.6","100.0","100.7","103.0","99.0","101.8","100.7","98.1","105.1","0.5","0.1","-1.2","-3.1","-0.3","-3.4","-1.9","1.2","0.7","2.6","1.0","-2.1","-0.3","0.5","0.3","0.2","1.0","0.1","1.0","1.1","4.6","-0.7","0.2","0.0","-2.2","-2.4","-9.9","1.5","-14.4","-4.8","2.8","0.2","-1.3","0.7","-1.8","2.6","-4.9","0.6","0.0","-1.0","5.8","-2.1","5.3","1.0","-3.5","11.7","0.0","0.5","-1.0","-5.4","0.4","-4.5","-1.5","-0.2","0.2","-0.6","1.0","0.7","0.9","0.3","0.5","0.5","0.5","1.2","-2.0","-0.2","1.1","0.2","-1.6","-0.1","-5.6","-2.4","-15.7","1.9","-11.7","-2.0","0.1","0.3","-1.8","1.7","-1.1","4.1","-4.5","0.1","-1.1","-1.7","6.1","-1.6","5.7","1.1","-0.9","18.4","0.48","0.00","-0.16","-0.04","-0.03","-0.06","-0.02","0.07","0.58","0.26","0.04","-0.06","-0.02","0.04","0.04","0.02","0.05","0.01","0.05","0.09","0.06","-0.01","0.00","-0.02","-0.02","-0.33","-0.12","0.14","-0.31","-0.06","0.16","0.17","-0.13","0.02","-0.05","0.16","-0.41","0.08","0.00","-0.05","0.28","-0.12","0.42","0.01","-0.05","0.01","0.01","0.00","-0.14","-0.07","0.03","-0.09","-0.02","-0.01","0.15","-0.06","0.03","0.02","0.05","0.03","0.07","0.04","0.03","0.06","-0.12","-0.02","0.02","0.00","0.00","-0.14","-0.04","-0.33","-0.22","0.17","-0.25","-0.02","0.00","0.22","-0.18","0.06","-0.03","0.24","-0.38","0.02","-0.09","-0.09","0.29","-0.09","0.45","0.01","-0.01","0.02"
"2024 FEB","100.3","100.1","98.6","91.4","101.2","91.5","98.4","99.4","100.6","99.0","104.9","100.0","101.5","98.5","100.7","100.5","101.0","103.1","99.3","102.3","99.2","98.4","107.5","0.2","0.0","0.6","0.3","0.6","0.0","1.9","-1.2","0.2","-1.3","3.3","1.3","0.7","-0.1","0.1","0.6","0.3","0.1","0.3","0.5","-1.5","0.3","2.2","-0.1","0.5","-1.8","-15.5","2.6","-12.3","-1.3","-0.9","0.3","-1.7","5.1","-1.4","2.8","-5.0","0.8","-1.0","-0.9","6.2","-0.8","4.8","-1.5","-3.8","10.4","0.2","0.4","-0.6","-4.8","0.9","-3.8","-2.2","-0.5","0.4","-1.0","2.2","0.5","1.2","0.8","0.6","1.1","1.8","0.8","-1.4","-0.9","1.3","-0.7","-0.4","-0.1","-2.5","-2.0","-13.5","2.3","-12.7","-2.5","-0.3","0.3","-2.2","3.0","-0.8","3.5","-4.8","0.5","-0.7","-0.8","6.0","-1.3","5.3","0.6","-2.3","13.6","0.18","0.00","0.08","0.00","0.05","0.00","0.02","-0.07","0.17","-0.13","0.11","0.04","0.04","-0.01","0.01","0.05","0.02","0.00","0.02","0.04","-0.02","0.00","0.00","-0.06","0.00","-0.25","-0.21","0.23","-0.26","-0.01","-0.05","0.25","-0.17","0.17","-0.04","0.17","-0.43","0.11","-0.09","-0.05","0.30","-0.05","0.38","-0.02","-0.06","0.01","0.18","0.00","-0.09","-0.06","0.08","-0.07","-0.03","-0.03","0.29","-0.10","0.07","0.01","0.07","0.06","0.09","0.10","0.09","0.04","-0.08","-0.07","0.02","-0.01","0.00","-0.05","-0.02","-0.27","-0.18","0.20","-0.27","-0.03","-0.02","0.25","-0.22","0.10","-0.02","0.21","-0.41","0.07","-0.06","-0.04","0.29","-0.08","0.42","0.01","-0.03","0.01"
"2024 MAR","100.6","100.0","99.4","92.0","101.6","95.1","98.4","99.3","100.9","99.3","104.8","97.8","102.1","98.4","100.8","101.0","102.4","103.1","99.3","104.2","95.6","96.8","108.5","0.3","-0.1","0.9","0.6","0.4","4.0","-0.1","-0.1","0.3","0.3","-0.2","-2.2","0.6","-0.1","0.1","0.4","1.4","0.0","0.0","1.9","-3.6","-1.6","1.0","0.7","1.2","-0.5","-11.3","3.5","-10.5","-4.0","-0.7","1.0","0.0","5.3","-0.3","3.7","-4.5","0.7","-0.1","1.8","5.5","-1.6","6.3","-5.0","-4.6","11.3","0.6","0.2","-0.3","-4.1","0.9","-1.9","-1.7","-0.2","0.9","0.2","3.3","-1.0","1.3","0.8","0.6","1.4","2.5","0.5","0.1","0.8","1.3","-1.3","1.9","0.2","-0.2","-1.6","-12.3","2.5","-12.4","-3.4","0.4","0.5","-1.0","3.7","-1.2","3.1","-4.8","0.7","-0.4","-0.1","5.8","-1.5","5.5","-1.8","-3.9","11.1","0.31","0.00","0.11","0.01","0.03","0.07","0.00","-0.01","0.20","0.03","-0.01","-0.06","0.04","-0.01","0.01","0.04","0.07","0.00","0.00","0.16","-0.05","-0.02","0.00","0.66","0.01","-0.07","-0.15","0.31","-0.23","-0.05","-0.04","0.77","0.00","0.18","-0.01","0.23","-0.38","0.10","-0.01","0.09","0.27","-0.09","0.51","-0.07","-0.07","0.01","0.63","0.00","-0.04","-0.05","0.08","-0.04","-0.02","-0.01","0.68","0.02","0.11","-0.03","0.08","0.06","0.09","0.12","0.12","0.02","0.00","0.07","0.02","-0.02","0.00","0.20","0.00","-0.21","-0.16","0.23","-0.27","-0.04","0.02","0.40","-0.10","0.13","-0.03","0.18","-0.40","0.10","-0.03","0.00","0.28","-0.09","0.44","-0.03","-0.06","0.01"
"2024 APR","100.7","99.8","98.7","92.7","99.9","96.8","99.7","98.8","101.2","98.8","104.5","97.3","106.1","98.2","100.9","101.2","102.2","103.3","99.5","103.6","98.2","101.3","107.4","0.1","-0.3","-0.7","0.8","-1.7","1.8","1.4","-0.4","0.3","-0.5","-0.2","-0.5","3.9","-0.3","0.1","0.3","-0.2","0.2","0.2","-0.7","2.7","4.6","-1.1","0.6","0.0","-1.4","-8.3","0.3","-6.3","-0.5","-1.2","1.0","-1.5","4.3","-5.2","6.2","-3.9","0.8","1.5","1.6","5.0","-0.5","5.1","-3.4","0.4","14.3","0.7","0.0","0.2","-1.8","0.3","1.1","0.7","-0.8","0.9","-0.4","3.8","-1.3","2.4","0.2","0.4","1.3","2.4","0.3","0.6","1.6","-0.9","0.0","2.9","0.4","0.6","-1.3","-11.8","2.1","-9.7","-1.9","-0.9","0.8","-1.0","4.9","-2.3","4.2","-4.5","0.8","0.1","0.8","5.6","-1.0","5.4","-3.3","-2.6","12.0","0.11","0.00","-0.10","0.01","-0.15","0.03","0.02","-0.03","0.24","-0.05","-0.01","-0.01","0.24","-0.02","0.01","0.02","-0.01","0.01","0.01","-0.05","0.04","0.07","0.00","0.56","0.00","-0.19","-0.10","0.03","-0.13","-0.01","-0.07","0.83","-0.15","0.14","-0.15","0.38","-0.33","0.12","0.13","0.08","0.24","-0.03","0.41","-0.05","0.01","0.02","0.66","0.00","0.02","-0.02","0.03","0.02","0.01","-0.05","0.69","-0.04","0.13","-0.04","0.15","0.01","0.06","0.11","0.12","0.01","0.03","0.14","-0.01","0.00","0.00","0.39","0.00","-0.17","-0.15","0.19","-0.21","-0.02","-0.06","0.61","-0.10","0.17","-0.07","0.26","-0.38","0.11","0.01","0.04","0.27","-0.06","0.43","-0.05","-0.04","0.01"
"2024 MAY","101.0","99.7","98.7","91.1","100.1","96.1","100.0","100.5","101.5","100.7","105.7","99.9","104.6","97.7","100.6","102.6","102.7","103.5","98.7","104.7","97.0","97.6","106.2","0.3","-0.1","-0.1","-1.7","0.2","-0.7","0.3","1.6","0.3","1.9","1.2","2.6","-1.4","-0.4","-0.3","1.3","0.5","0.3","-0.8","1.1","-1.2","-3.7","-1.1","1.2","-0.8","-0.7","-10.1","0.8","-1.4","1.4","1.5","1.5","1.0","6.2","0.4","3.6","-2.7","0.6","1.6","3.6","4.6","-0.9","5.1","-6.1","-0.4","14.2","0.8","-0.2","0.3","-0.3","-0.4","3.7","1.6","-0.3","0.9","0.6","2.6","-1.5","3.1","-0.3","0.2","1.5","2.0","0.3","0.4","2.5","-1.8","0.1","1.5","0.8","0.1","-0.9","-9.9","1.5","-6.2","-1.1","-0.1","1.2","-0.2","5.2","-1.7","4.5","-3.7","0.7","1.0","2.3","5.0","-1.0","5.5","-4.9","-1.5","13.2","0.34","0.00","-0.01","-0.02","0.02","-0.01","0.00","0.10","0.25","0.18","0.04","0.07","-0.09","-0.03","-0.04","0.11","0.02","0.01","-0.05","0.09","-0.02","-0.05","0.00","1.21","-0.01","-0.10","-0.13","0.07","-0.03","0.02","0.09","1.23","0.10","0.21","0.01","0.22","-0.22","0.08","0.14","0.18","0.23","-0.05","0.42","-0.09","-0.01","0.02","0.78","0.00","0.04","0.00","-0.04","0.07","0.02","-0.02","0.75","0.06","0.09","-0.04","0.19","-0.03","0.03","0.13","0.10","0.01","0.02","0.21","-0.02","0.00","0.00","0.81","0.00","-0.12","-0.13","0.14","-0.13","-0.01","-0.01","0.94","-0.02","0.18","-0.05","0.28","-0.31","0.10","0.09","0.12","0.25","-0.06","0.45","-0.07","-0.02","0.01"
"2024 JUN","100.8","99.8","98.6","86.0","101.1","94.7","99.7","101.2","101.2","99.3","105.4","98.5","105.2","97.6","100.7","102.5","101.5","103.9","99.5","103.7","96.0","97.4","105.6","-0.2","0.1","-0.1","-5.6","1.0","-1.4","-0.3","0.7","-0.3","-1.3","-0.3","-1.4","0.5","-0.2","0.1","-0.1","-1.2","0.4","0.8","-1.0","-1.0","-0.1","-0.6","0.4","-0.7","-2.7","-14.1","-0.7","-4.8","-1.3","-0.9","1.0","-1.0","5.3","-2.0","2.9","-1.4","0.6","3.0","0.2","4.2","-0.5","3.1","-4.0","-2.1","10.9","0.5","-0.3","0.0","-1.7","-0.8","3.4","2.1","0.4","0.6","0.0","1.4","-0.3","3.8","-0.7","0.0","1.6","0.8","0.5","0.0","1.2","-1.4","1.0","-0.6","0.7","-0.5","-1.6","-10.8","0.1","-4.2","-0.1","-0.2","1.2","-0.5","5.2","-2.3","4.2","-2.7","0.7","2.0","1.8","4.6","-0.7","4.5","-4.5","-0.7","13.1","-0.21","0.00","-0.01","-0.06","0.09","-0.03","0.00","0.04","-0.25","-0.13","-0.01","-0.04","0.03","-0.01","0.01","-0.01","-0.06","0.02","0.05","-0.08","-0.01","0.00","0.00","0.38","-0.01","-0.36","-0.18","-0.06","-0.10","-0.02","-0.05","0.79","-0.10","0.18","-0.06","0.18","-0.11","0.08","0.25","0.01","0.20","-0.03","0.26","-0.06","-0.03","0.01","0.53","0.00","0.00","-0.02","-0.07","0.06","0.02","0.03","0.51","0.00","0.05","-0.01","0.23","-0.06","0.00","0.14","0.04","0.02","0.00","0.10","-0.02","0.01","0.00","0.72","0.00","-0.22","-0.14","0.01","-0.08","0.00","-0.01","0.95","-0.05","0.18","-0.07","0.26","-0.22","0.09","0.17","0.09","0.23","-0.04","0.36","-0.06","-0.01","0.01"
"2024 JUL","100.8","100.1","98.0","90.0","99.9","94.1","97.8","99.7","101.3","100.0","105.2","97.9","106.1","97.4","100.8","101.3","101.7","104.1","99.9","104.6","95.9","96.9","105.9","-0.1","0.3","-0.7","4.7","-1.1","-0.6","-1.9","-1.5","0.2","0.7","-0.2","-0.6","0.9","-0.1","0.1","-1.2","0.2","0.1","0.4","0.9","-0.1","-0.5","0.2","0.7","0.1","-2.7","-6.9","-1.7","-5.5","-1.6","-1.2","1.4","-0.1","6.2","-1.9","6.0","-1.1","1.0","0.4","1.9","3.7","1.6","4.6","-10.1","-5.0","5.5","0.4","-0.1","-0.5","-3.3","-0.5","0.5","0.3","1.3","0.4","1.0","0.7","0.4","2.0","-0.8","-0.1","1.2","0.1","0.7","0.0","0.9","-1.4","-1.6","-1.8","0.8","-0.5","-2.0","-10.4","-0.5","-3.9","-0.5","-0.2","1.3","0.0","5.9","-1.2","4.2","-1.7","0.7","1.6","1.9","4.2","0.0","4.3","-6.8","-2.5","10.1","-0.05","0.00","-0.09","0.05","-0.10","-0.01","-0.02","-0.09","0.12","0.07","-0.01","-0.02","0.06","-0.01","0.02","-0.10","0.01","0.01","0.02","0.08","0.00","-0.01","0.00","0.69","0.00","-0.37","-0.08","-0.16","-0.11","-0.02","-0.07","1.12","0.00","0.21","-0.05","0.37","-0.09","0.13","0.03","0.09","0.18","0.09","0.38","-0.15","-0.08","0.01","0.36","0.00","-0.07","-0.04","-0.05","0.01","0.00","0.08","0.35","0.09","0.02","0.01","0.13","-0.06","-0.01","0.10","0.01","0.03","0.00","0.08","-0.02","-0.02","0.00","0.76","0.00","-0.28","-0.13","-0.05","-0.08","-0.01","-0.01","1.04","0.00","0.20","-0.03","0.26","-0.14","0.10","0.14","0.10","0.20","0.00","0.35","-0.10","-0.04","0.01"
"2024 AUG","101.1","100.5","99.0","87.1","101.4","95.6","99.7","100.1","101.5","99.7","103.3","96.8","106.9","97.3","100.6","103.6","101.5","104.3","100.3","104.7","97.1","99.4","106.2","0.3","0.4","1.1","-3.2","1.4","1.5","1.9","0.3","0.2","-0.3","-1.9","-1.2","0.7","-0.1","-0.2","2.3","-0.2","0.2","0.4","0.1","1.2","2.5","0.3","1.1","1.0","-1.5","-15.6","0.8","-3.7","1.3","0.4","1.6","-0.7","3.6","-1.7","6.6","-1.1","0.7","3.7","2.3","3.3","-0.9","4.0","-1.7","1.5","1.5","0.1","0.3","-0.4","-4.6","0.3","-1.2","-0.3","0.8","0.2","0.1","-0.4","-0.6","1.7","-0.7","-0.1","0.8","-0.8","0.8","0.7","0.2","-0.6","-0.7","-1.4","0.7","0.1","-2.3","-12.3","-0.5","-4.7","-0.5","-0.6","1.3","-0.6","5.1","-1.9","5.1","-1.2","0.7","2.3","1.5","3.7","0.0","3.9","-5.4","-1.9","5.8","0.32","0.00","0.14","-0.04","0.13","0.03","0.02","0.02","0.16","-0.03","-0.07","-0.03","0.05","-0.01","-0.03","0.20","-0.01","0.01","0.02","0.01","0.02","0.04","0.00","1.13","0.01","-0.20","-0.20","0.07","-0.07","0.02","0.02","1.29","-0.07","0.12","-0.05","0.40","-0.09","0.10","0.32","0.12","0.17","-0.06","0.33","-0.02","0.02","0.00","0.13","0.00","-0.05","-0.05","0.03","-0.02","0.00","0.05","0.13","0.01","-0.01","-0.02","0.11","-0.05","-0.01","0.07","-0.04","0.04","0.04","0.01","-0.01","-0.01","0.00","0.73","0.00","-0.31","-0.15","-0.05","-0.09","-0.01","-0.03","1.07","-0.06","0.17","-0.05","0.32","-0.10","0.10","0.20","0.07","0.18","0.00","0.32","-0.08","-0.03","0.01"
"2024 SEP","101.1","100.8","98.9","89.6","101.0","95.0","100.0","99.8","101.5","99.5","103.0","95.7","105.8","97.4","100.7","103.5","102.2","104.6","100.5","105.6","95.5","100.0","106.1","0.0","0.3","-0.1","2.9","-0.4","-0.6","0.3","-0.2","0.0","-0.2","-0.3","-1.1","-1.0","0.0","0.1","-0.1","0.7","0.3","0.3","0.8","-1.6","0.6","-0.1","1.1","1.5","-1.1","-8.7","0.5","-4.9","-0.2","-0.6","1.6","-0.1","3.2","-3.8","5.2","-0.4","0.8","4.1","3.4","2.9","-0.7","2.9","-1.6","0.8","-2.3","0.1","0.7","0.0","-1.2","0.4","-1.0","-0.6","-0.3","0.2","0.2","-1.3","-1.8","0.9","-0.5","0.0","0.7","-0.3","0.7","1.0","1.0","-0.9","0.0","-0.3","1.0","0.9","-1.8","-10.5","-0.2","-4.7","-0.2","-0.5","1.5","-0.3","4.3","-2.5","5.9","-0.9","0.8","2.7","2.5","3.3","0.0","3.8","-4.6","-0.9","1.5","-0.03","0.00","-0.01","0.03","-0.04","-0.01","0.00","-0.01","0.00","-0.02","-0.01","-0.03","-0.07","0.00","0.01","-0.01","0.03","0.01","0.01","0.07","-0.02","0.01","0.00","1.08","0.01","-0.15","-0.11","0.04","-0.10","0.00","-0.04","1.26","-0.01","0.11","-0.11","0.32","-0.04","0.11","0.35","0.17","0.15","-0.04","0.25","-0.02","0.01","0.00","0.13","0.01","0.00","-0.01","0.04","-0.02","-0.01","-0.02","0.14","0.02","-0.05","-0.05","0.06","-0.04","0.00","0.06","-0.02","0.04","0.06","0.08","-0.01","0.00","0.00","0.97","0.01","-0.24","-0.13","-0.01","-0.09","0.00","-0.03","1.22","-0.03","0.15","-0.07","0.36","-0.07","0.11","0.23","0.13","0.17","0.00","0.32","-0.06","-0.01","0.00"
"2024 OCT","101.2","101.0","98.4","87.6","100.2","95.4","101.3","100.0","101.7","99.4","104.1","97.8","106.8","97.3","101.0","104.0","101.3","104.9","99.6","106.0","94.4","99.7","105.3","0.1","0.2","-0.5","-2.3","-0.8","0.4","1.3","0.2","0.2","-0.1","1.1","2.1","1.0","-0.1","0.3","0.5","-0.9","0.3","-0.9","0.4","-1.2","-0.3","-0.7","1.6","1.4","-0.3","-8.9","0.7","0.9","0.8","-0.5","2.1","-0.7","3.9","-1.3","7.9","-0.1","1.2","5.8","2.4","2.7","-0.5","3.4","-2.3","0.8","-0.7","0.2","0.9","0.4","-1.0","0.5","0.4","1.2","-0.5","0.3","-0.5","-1.9","-2.0","1.1","-0.3","0.1","1.5","-0.3","0.7","0.8","1.1","-0.7","2.4","0.0","1.3","1.3","-1.0","-11.2","0.6","-2.6","0.6","-0.2","1.8","-0.5","3.6","-2.3","6.6","-0.6","0.9","4.6","2.7","3.0","-0.7","3.4","-1.8","1.0","-0.5","0.09","0.00","-0.07","-0.03","-0.07","0.01","0.01","0.01","0.15","-0.01","0.04","0.06","0.06","-0.01","0.04","0.04","-0.05","0.02","-0.05","0.03","-0.02","0.00","0.00","1.58","0.01","-0.04","-0.11","0.06","0.02","0.01","-0.03","1.65","-0.07","0.13","-0.04","0.48","-0.01","0.16","0.49","0.12","0.14","-0.03","0.29","-0.03","0.01","0.00","0.23","0.01","0.05","-0.01","0.04","0.01","0.01","-0.03","0.20","-0.05","-0.07","-0.06","0.07","-0.02","0.01","0.13","-0.02","0.04","0.04","0.09","-0.01","0.04","0.00","1.27","0.01","-0.13","-0.14","0.06","-0.05","0.01","-0.01","1.40","-0.05","0.12","-0.06","0.40","-0.04","0.12","0.39","0.14","0.15","-0.04","0.29","-0.02","0.02","0.00"
"2024 NOV","101.3","101.0","97.4","86.6","99.7","90.6","102.8","100.7","102.0","99.8","104.2","100.5","107.4","97.2","101.0","103.9","101.0","105.2","99.3","106.2","96.8","101.5","104.4","0.1","0.0","-1.0","-1.2","-0.5","-5.1","1.5","0.7","0.2","0.4","0.0","2.8","0.5","-0.1","0.0","-0.1","-0.2","0.3","-0.3","0.3","2.6","1.8","-0.9","1.4","1.0","-1.6","-9.9","-0.4","-3.8","3.3","0.8","2.0","-0.5","3.6","0.9","6.9","-0.6","0.9","4.7","2.8","2.5","-0.1","3.6","-1.9","2.1","0.2","0.3","0.8","-0.3","0.3","-0.5","-1.2","2.3","-0.1","0.4","-0.1","-0.8","0.3","0.6","-0.2","0.2","1.3","-0.1","0.8","-0.1","1.5","-0.8","2.5","-0.6","1.4","1.3","-1.0","-9.2","0.2","-2.6","1.3","-0.1","1.9","-0.4","3.6","-1.4","6.7","-0.4","1.0","4.9","2.9","2.7","-0.4","3.3","-1.9","1.2","-1.0","0.11","0.00","-0.13","-0.01","-0.04","-0.10","0.02","0.04","0.20","0.04","0.00","0.08","0.03","0.00","-0.01","-0.01","-0.01","0.01","-0.02","0.02","0.03","0.03","0.00","1.41","0.01","-0.21","-0.12","-0.04","-0.07","0.04","0.05","1.57","-0.05","0.12","0.03","0.42","-0.05","0.12","0.40","0.14","0.13","0.00","0.30","-0.03","0.03","0.00","0.27","0.01","-0.04","0.00","-0.05","-0.02","0.03","-0.01","0.31","-0.01","-0.03","0.01","0.04","-0.01","0.03","0.11","-0.01","0.04","0.00","0.13","-0.01","0.04","0.00","1.36","0.01","-0.14","-0.11","0.02","-0.05","0.02","-0.01","1.49","-0.04","0.12","-0.04","0.41","-0.03","0.13","0.42","0.14","0.14","-0.02","0.28","-0.03","0.02","0.00"
"2024 DEC","101.7","101.1","97.9","87.5","99.7","94.5","101.1","100.5","102.5","100.3","105.0","101.3","107.6","97.7","101.0","105.4","102.1","105.4","98.9","106.3","99.5","101.8","102.8","0.4","0.1","0.6","1.1","0.0","4.3","-1.6","-0.3","0.5","0.5","0.8","0.8","0.2","0.5","0.1","1.4","1.1","0.2","-0.4","0.1","2.7","0.3","-1.5","2.1","1.2","-1.3","-7.0","-1.2","-0.2","2.7","1.1","2.8","2.6","4.4","0.5","6.4","-0.4","0.7","5.7","2.5","2.4","0.9","5.5","3.3","2.9","-2.0","0.4","0.5","-0.7","-1.9","-0.9","-1.5","2.6","0.5","0.6","0.1","0.6","3.2","0.9","0.0","0.3","1.6","-0.4","0.8","-1.0","1.1","0.7","2.3","-1.8","1.7","1.2","-1.1","-8.6","-0.3","-1.0","2.3","0.5","2.3","0.4","4.0","0.1","7.1","-0.4","0.9","5.4","2.6","2.5","0.1","4.2","-0.3","1.9","-0.8","0.43","0.00","0.07","0.01","0.00","0.08","-0.02","-0.02","0.37","0.05","0.03","0.02","0.01","0.04","0.01","0.13","0.05","0.01","-0.02","0.01","0.04","0.00","0.00","2.10","0.01","-0.18","-0.08","-0.11","0.00","0.03","0.06","2.20","0.25","0.15","0.01","0.40","-0.03","0.10","0.49","0.12","0.12","0.05","0.45","0.04","0.04","0.00","0.40","0.00","-0.10","-0.02","-0.08","-0.03","0.03","0.03","0.46","0.01","0.02","0.09","0.06","0.00","0.04","0.14","-0.02","0.04","-0.06","0.10","0.01","0.03","0.00","1.70","0.01","-0.14","-0.10","-0.03","-0.02","0.03","0.03","1.81","0.04","0.14","0.00","0.43","-0.03","0.13","0.46","0.13","0.13","0.01","0.35","0.00","0.03","0.00"
"2025 JAN","101.7","102.0","98.1","90.0","99.0","96.1","102.7","100.4","102.4","99.6","105.3","99.9","108.4","97.9","100.9","104.0","104.3","105.9","98.7","106.8","97.6","103.6","101.2","0.0","0.8","0.1","2.9","-0.8","1.7","1.6","0.0","0.0","-0.7","0.3","-1.5","0.7","0.2","-0.1","-1.3","2.2","0.4","-0.2","0.5","-1.9","1.8","-1.6","1.6","1.9","0.0","-1.2","-1.7","5.1","6.4","-0.1","2.0","-0.7","3.6","1.1","7.5","-0.7","0.3","4.0","3.6","2.7","-0.3","4.9","-3.1","5.6","-3.7","0.4","0.6","-1.0","-0.1","-1.4","-1.7","1.9","0.6","0.7","0.3","1.3","3.9","1.2","0.3","0.2","0.7","0.8","0.8","-1.2","1.0","2.4","2.6","-2.9","1.7","1.4","-1.0","-6.1","-1.1","0.3","4.1","0.6","2.2","0.4","3.9","0.9","6.9","-0.6","0.6","4.8","3.0","2.6","0.2","4.7","-0.6","3.5","-1.8","0.02","0.01","0.01","0.03","-0.07","0.03","0.02","0.00","0.00","-0.07","0.01","-0.04","0.05","0.02","-0.01","-0.12","0.11","0.02","-0.01","0.04","-0.03","0.03","0.00","1.63","0.01","0.00","-0.01","-0.15","0.09","0.07","-0.01","1.62","-0.07","0.12","0.03","0.46","-0.06","0.04","0.35","0.18","0.14","-0.02","0.41","-0.04","0.08","0.00","0.45","0.00","-0.13","0.00","-0.12","-0.03","0.02","0.03","0.54","0.03","0.04","0.11","0.08","0.02","0.03","0.06","0.04","0.04","-0.07","0.08","0.03","0.04","0.00","1.71","0.01","-0.13","-0.07","-0.10","0.01","0.05","0.04","1.80","0.04","0.13","0.02","0.43","-0.05","0.09","0.41","0.15","0.13","0.01","0.39","-0.01","0.05","0.00"
"2025 FEB","102.0","102.6","99.4","86.8","100.8","98.7","103.7","100.7","102.6","100.6","105.3","99.3","109.7","97.8","101.1","103.8","104.8","106.3","98.2","106.3","99.8","99.2","100.6","0.3","0.6","1.4","-3.6","1.8","2.7","1.0","0.3","0.1","1.0","0.1","-0.5","1.3","-0.1","0.2","-0.2","0.4","0.4","-0.5","-0.5","2.2","-4.2","-0.6","1.8","2.5","0.8","-5.1","-0.4","7.9","5.4","1.4","1.9","1.6","0.4","-0.7","8.1","-0.7","0.4","3.3","3.7","3.1","-1.2","3.9","0.6","0.8","-6.4","0.6","0.9","0.2","0.2","-0.5","2.9","1.2","0.4","0.7","0.6","1.4","2.2","1.8","0.5","0.1","0.6","2.2","0.9","-1.2","0.5","3.5","1.1","-3.5","1.8","1.8","-0.2","-4.4","-1.1","4.2","4.8","0.8","2.2","1.1","2.7","0.3","7.3","-0.6","0.4","4.3","3.3","2.8","-0.2","4.8","0.2","3.1","-4.0","0.30","0.00","0.18","-0.04","0.16","0.05","0.01","0.02","0.10","0.09","0.00","-0.01","0.08","-0.01","0.02","-0.01","0.02","0.02","-0.03","-0.04","0.03","-0.06","0.00","1.75","0.02","0.11","-0.06","-0.04","0.15","0.06","0.08","1.54","0.15","0.01","-0.02","0.50","-0.06","0.05","0.28","0.19","0.16","-0.07","0.32","0.01","0.01","-0.01","0.64","0.01","0.03","0.00","-0.04","0.05","0.01","0.02","0.58","0.06","0.05","0.06","0.11","0.04","0.02","0.05","0.11","0.05","-0.07","0.04","0.05","0.02","0.00","1.83","0.01","-0.02","-0.05","-0.10","0.08","0.06","0.05","1.79","0.11","0.10","0.01","0.45","-0.05","0.06","0.37","0.17","0.14","-0.01","0.40","0.00","0.05","0.00"
"2025 MAR","102.2","102.9","98.7","86.5","99.9","98.4","102.6","100.9","102.9","101.7","105.9","101.2","110.6","97.5","101.1","105.1","101.9","106.5","98.1","106.5","101.0","100.2","101.1","0.1","0.3","-0.7","-0.3","-0.8","-0.3","-1.1","0.1","0.3","1.1","0.6","1.9","0.8","-0.2","0.0","1.2","-2.8","0.2","-0.1","0.2","1.3","1.0","0.5","1.6","2.9","-0.8","-6.0","-1.6","3.4","4.3","1.6","2.0","2.4","1.1","3.5","8.3","-0.9","0.3","4.1","-0.5","3.3","-1.2","2.2","5.7","3.4","-6.9","0.6","1.4","0.8","0.6","0.0","4.5","1.3","0.3","0.6","0.8","1.0","0.3","2.1","0.4","0.0","-0.1","2.2","1.0","-0.9","0.4","2.7","0.0","-3.1","1.7","2.4","0.0","-4.1","-1.2","5.4","5.3","0.9","2.0","1.1","1.7","1.3","8.0","-0.8","0.3","3.8","2.3","3.1","-0.9","3.6","1.0","3.3","-5.7","0.14","0.00","-0.10","0.00","-0.08","-0.01","-0.01","0.01","0.23","0.11","0.02","0.05","0.05","-0.02","0.00","0.11","-0.14","0.01","0.00","0.02","0.02","0.01","0.00","1.58","0.02","-0.10","-0.07","-0.15","0.07","0.05","0.09","1.57","0.23","0.04","0.09","0.51","-0.07","0.04","0.35","-0.03","0.17","-0.07","0.18","0.07","0.05","-0.01","0.59","0.01","0.11","0.01","0.00","0.08","0.02","0.02","0.45","0.08","0.04","0.01","0.14","0.03","0.01","-0.01","0.11","0.05","-0.05","0.03","0.04","0.00","0.00","1.65","0.02","0.00","-0.05","-0.11","0.10","0.06","0.06","1.58","0.11","0.06","0.04","0.49","-0.06","0.04","0.33","0.12","0.16","-0.05","0.31","0.01","0.05","-0.01"
"2025 APR","102.0","103.4","98.9","89.4","100.5","93.6","105.7","101.7","102.6","99.8","106.6","102.0","109.0","97.4","100.9","103.6","103.6","106.4","98.5","107.1","99.1","102.6","102.3","-0.2","0.5","0.2","3.3","0.6","-4.8","3.0","0.8","-0.3","-1.9","0.6","0.8","-1.4","-0.2","-0.2","-1.4","1.7","-0.1","0.4","0.6","-1.9","2.4","1.2","1.3","3.7","0.2","-3.6","0.6","-3.3","6.0","2.9","1.4","1.0","2.0","4.8","2.7","-0.8","0.0","2.3","1.3","3.0","-1.0","3.5","0.9","1.3","-4.7","0.5","1.6","1.2","-0.5","0.9","3.4","1.8","0.5","0.4","0.8","1.1","0.3","1.9","0.0","0.1","-0.2","0.9","0.9","-0.7","0.2","2.1","-1.6","-1.5","1.5","3.0","0.1","-4.9","-0.5","2.6","5.2","1.9","1.8","1.7","1.1","2.5","6.3","-0.8","0.2","3.2","1.5","3.1","-1.1","3.2","2.4","1.8","-6.0","-0.15","0.00","0.03","0.04","0.05","-0.09","0.04","0.05","-0.23","-0.18","0.02","0.02","-0.09","-0.01","-0.03","-0.13","0.08","-0.01","0.02","0.05","-0.03","0.03","0.00","1.31","0.03","0.02","-0.04","0.06","-0.06","0.07","0.17","1.10","0.10","0.07","0.13","0.18","-0.06","0.00","0.20","0.07","0.15","-0.05","0.29","0.01","0.02","-0.01","0.50","0.01","0.16","-0.01","0.08","0.06","0.02","0.03","0.30","0.08","0.04","0.01","0.12","0.00","0.01","-0.02","0.05","0.04","-0.04","0.02","0.03","-0.02","0.00","1.55","0.02","0.01","-0.06","-0.05","0.05","0.06","0.11","1.40","0.16","0.04","0.07","0.40","-0.07","0.03","0.28","0.08","0.16","-0.06","0.27","0.03","0.03","-0.01"
"2025 MAY","101.9","103.6","97.5","87.4","99.4","91.1","104.4","101.3","102.7","99.0","106.6","101.7","111.2","97.1","100.9","104.3","103.2","106.5","98.7","108.1","96.5","102.1","103.7","-0.1","0.2","-1.4","-2.3","-1.1","-2.7","-1.2","-0.4","0.1","-0.8","0.0","-0.3","2.0","-0.3","0.0","0.7","-0.3","0.1","0.2","0.8","-2.7","-0.4","1.4","0.9","3.9","-1.2","-4.1","-0.7","-5.2","4.4","0.8","1.2","-1.6","0.8","1.8","6.3","-0.7","0.3","1.7","0.5","2.9","0.1","3.2","-0.5","4.7","-2.4","0.2","1.4","-0.1","-0.4","0.1","-2.1","1.7","0.7","0.2","0.0","1.1","1.5","1.6","-0.5","-0.1","-0.1","-0.8","0.6","-0.1","0.7","0.0","0.1","0.8","1.3","3.5","-0.6","-4.6","-0.6","-1.7","4.9","1.8","1.5","0.6","1.3","3.4","5.7","-0.8","0.2","2.7","0.4","3.1","-0.7","3.0","2.0","3.1","-4.7","-0.10","0.00","-0.19","-0.02","-0.10","-0.05","-0.02","-0.02","0.11","-0.07","0.00","-0.01","0.13","-0.02","-0.01","0.06","-0.02","0.01","0.01","0.07","-0.04","-0.01","0.00","0.87","0.03","-0.16","-0.05","-0.07","-0.10","0.05","0.05","0.95","-0.16","0.03","0.05","0.40","-0.05","0.04","0.15","0.03","0.15","0.00","0.27","-0.01","0.07","0.00","0.21","0.01","-0.02","0.00","0.01","-0.04","0.02","0.04","0.18","0.00","0.04","0.04","0.10","-0.04","-0.01","-0.01","-0.04","0.03","-0.01","0.06","0.00","0.00","0.00","1.25","0.02","-0.08","-0.05","-0.05","-0.03","0.06","0.10","1.21","0.06","0.05","0.09","0.36","-0.06","0.03","0.23","0.02","0.16","-0.04","0.25","0.03","0.05","-0.01"
"2025 JUN","102.4","103.6","98.6","87.4","100.4","94.0","104.0","101.6","103.1","99.4","107.0","100.5","111.7","97.4","101.0","105.5","103.9","106.8","98.3","108.5","101.2","101.3","104.8","0.5","0.0","1.1","0.0","1.1","3.2","-0.4","0.3","0.4","0.4","0.3","-1.2","0.5","0.3","0.1","1.1","0.6","0.2","-0.5","0.4","4.9","-0.8","1.1","1.5","3.7","-0.1","1.6","-0.7","-0.8","4.3","0.4","1.9","0.1","1.5","2.0","6.2","-0.2","0.3","2.9","2.3","2.7","-1.2","4.6","5.4","4.0","-0.8","0.1","1.0","-0.4","0.3","0.2","-4.9","1.6","0.8","0.2","-1.2","1.2","1.3","1.0","-0.5","-0.1","0.1","-0.1","0.3","0.2","1.3","-0.5","1.0","2.6","1.2","3.8","-0.4","-2.1","-0.3","-3.1","4.9","1.3","1.5","-0.2","1.4","2.9","5.1","-0.6","0.2","2.3","1.4","2.9","-0.7","3.8","1.9","3.3","-2.6","0.45","0.00","0.15","0.00","0.09","0.06","-0.01","0.02","0.29","0.03","0.01","-0.03","0.03","0.03","0.02","0.10","0.03","0.01","-0.03","0.03","0.06","-0.01","0.00","1.54","0.03","-0.01","0.02","-0.06","-0.01","0.05","0.02","1.50","0.01","0.05","0.06","0.39","-0.01","0.04","0.26","0.12","0.14","-0.07","0.39","0.07","0.06","0.00","0.13","0.01","-0.05","0.00","0.02","-0.10","0.02","0.05","0.12","-0.12","0.04","0.04","0.06","-0.04","-0.02","0.01","0.00","0.02","0.01","0.11","-0.01","0.01","0.00","1.24","0.03","-0.05","-0.02","-0.02","-0.06","0.06","0.08","1.18","-0.02","0.05","0.08","0.32","-0.04","0.03","0.20","0.07","0.15","-0.04","0.32","0.03","0.05","0.00"
"2025 JUL","102.4","103.3","98.0","89.0","99.2","94.4","104.7","102.1","103.1","100.1","108.6","100.1","110.7","98.1","101.3","104.1","103.0","107.0","98.5","108.3","102.9","101.1","105.2","0.0","-0.3","-0.5","1.9","-1.2","0.5","0.7","0.5","0.0","0.7","1.6","-0.4","-0.9","0.7","0.3","-1.4","-0.8","0.2","0.3","-0.2","1.6","-0.2","0.3","1.6","3.1","0.1","-1.1","-0.8","0.3","7.0","2.3","1.7","0.0","3.2","2.2","4.3","0.6","0.5","2.8","1.3","2.8","-1.4","3.5","7.3","4.4","-0.7","0.1","0.5","-1.0","0.4","-0.7","-3.8","0.3","0.6","0.3","-1.2","1.4","-0.1","1.3","-0.1","0.0","0.4","0.0","0.3","0.2","1.5","0.2","0.9","3.2","1.3","3.6","-0.4","-1.3","-0.7","-1.9","5.2","1.2","1.6","-0.5","1.9","2.0","5.6","-0.1","0.3","2.5","1.4","2.8","-0.8","3.8","4.0","4.3","-1.3","-0.03","0.00","-0.07","0.02","-0.11","0.01","0.01","0.03","0.01","0.07","0.06","-0.01","-0.06","0.05","0.04","-0.12","-0.04","0.01","0.02","-0.02","0.02","0.00","0.00","1.56","0.02","0.01","-0.01","-0.07","0.01","0.08","0.14","1.39","0.00","0.11","0.06","0.27","0.05","0.06","0.24","0.07","0.14","-0.08","0.30","0.10","0.06","0.00","0.14","0.00","-0.13","0.00","-0.06","-0.07","0.00","0.03","0.23","-0.11","0.05","0.00","0.08","0.00","0.00","0.04","0.00","0.02","0.01","0.13","0.00","0.01","0.00","1.32","0.03","-0.05","-0.01","-0.07","-0.04","0.06","0.07","1.28","-0.05","0.07","0.06","0.35","-0.01","0.05","0.21","0.07","0.14","-0.05","0.32","0.05","0.06","0.00"
"2025 AUG","102.1","103.1","97.9","87.7","99.4","93.1","104.7","101.6","102.9","98.8","108.5","99.7","111.0","98.5","101.3","103.2","103.7","107.1","98.3","108.5","99.1","102.5","104.4","-0.2","-0.2","-0.2","-1.4","0.2","-1.4","0.1","-0.4","-0.2","-1.3","-0.1","-0.4","0.3","0.4","0.0","-0.9","0.6","0.1","-0.2","0.3","-3.6","1.4","-0.8","1.0","2.6","-1.2","0.8","-1.9","-2.6","5.0","1.6","1.3","-0.9","5.1","3.0","3.8","1.2","0.7","-0.4","2.1","2.7","-1.9","3.6","2.1","3.2","-1.8","0.2","0.0","-0.2","0.3","-0.3","-0.5","0.2","0.5","0.3","-0.8","1.6","-1.5","0.8","0.7","0.2","-0.1","0.6","0.4","-0.1","1.1","2.2","0.0","2.4","1.4","3.2","-0.4","0.4","-1.1","-1.0","5.4","1.4","1.6","-0.3","3.3","2.4","4.8","0.6","0.5","1.7","1.9","2.7","-1.5","3.9","4.9","3.8","-1.1","-0.20","0.00","-0.02","-0.02","0.02","-0.03","0.00","-0.02","-0.15","-0.13","0.00","-0.01","0.02","0.03","0.00","-0.08","0.03","0.01","-0.01","0.02","-0.05","0.02","0.00","1.03","0.02","-0.16","0.01","-0.18","-0.05","0.06","0.09","1.07","-0.09","0.18","0.08","0.25","0.09","0.09","-0.04","0.11","0.14","-0.11","0.31","0.03","0.05","0.00","0.25","0.00","-0.03","0.00","-0.02","-0.01","0.00","0.03","0.24","-0.07","0.06","-0.04","0.05","0.05","0.03","-0.01","0.03","0.02","-0.01","0.09","0.03","0.00","0.00","1.37","0.02","-0.05","0.00","-0.10","-0.02","0.06","0.08","1.32","-0.03","0.11","0.07","0.30","0.04","0.07","0.15","0.10","0.14","-0.09","0.33","0.07","0.06","0.00"
"2025 SEP","102.2","103.0","96.1","83.1","97.9","91.7","103.8","101.9","103.3","100.6","108.8","100.7","111.4","98.7","101.6","102.8","104.1","107.3","98.6","108.4","101.5","100.2","102.3","0.1","0.0","-1.8","-5.3","-1.5","-1.5","-0.9","0.3","0.4","1.9","0.3","1.0","0.4","0.2","0.3","-0.3","0.4","0.2","0.3","-0.2","2.4","-2.3","-2.0","1.1","2.2","-2.9","-7.3","-3.1","-3.5","3.7","2.1","1.7","1.1","5.7","5.2","5.3","1.4","0.9","-0.7","1.9","2.6","-1.9","2.6","6.3","0.3","-3.6","0.1","-0.4","-1.0","-1.6","-1.3","0.2","-0.3","0.4","0.3","0.4","1.8","-1.2","0.3","1.2","0.5","-1.1","0.0","0.5","0.0","0.5","2.2","-0.7","0.3","1.2","2.6","-1.3","-2.6","-1.9","-1.9","5.2","2.0","1.6","0.1","4.7","3.5","4.5","1.1","0.7","0.5","1.8","2.7","-1.7","3.3","5.2","2.6","-2.0","0.08","0.00","-0.23","-0.06","-0.14","-0.03","-0.01","0.02","0.29","0.18","0.01","0.03","0.03","0.02","0.04","-0.03","0.02","0.01","0.02","-0.01","0.03","-0.03","0.00","1.13","0.02","-0.38","-0.08","-0.28","-0.07","0.04","0.12","1.37","0.11","0.20","0.14","0.34","0.11","0.12","-0.06","0.10","0.13","-0.11","0.22","0.08","0.00","0.00","0.13","0.00","-0.13","-0.02","-0.11","0.00","0.00","0.02","0.24","0.04","0.06","-0.03","0.02","0.09","0.06","-0.09","0.00","0.03","0.00","0.04","0.03","-0.01","0.00","1.24","0.02","-0.18","-0.03","-0.17","-0.04","0.06","0.12","1.28","0.01","0.16","0.09","0.29","0.08","0.09","0.05","0.09","0.14","-0.10","0.28","0.07","0.04","0.00"
"2025 OCT","102.2","103.0","97.8","88.2","98.4","95.9","106.4","100.2","103.1","99.3","108.7","100.5","111.2","98.6","101.8","101.4","104.5","107.5","98.3","108.8","101.8","103.0","99.8","0.0","-0.1","1.7","6.2","0.5","4.5","2.5","-1.7","-0.2","-1.3","-0.1","-0.2","-0.2","-0.1","0.2","-1.4","0.4","0.2","-0.3","0.4","0.3","2.7","-2.5","1.0","2.0","-0.7","0.7","-1.8","0.4","5.0","0.2","1.3","-0.1","4.4","2.8","4.1","1.4","0.8","-2.5","3.2","2.5","-1.3","2.7","7.8","3.3","-5.3","0.0","-0.4","-0.8","-1.8","-1.1","0.4","0.6","-0.4","0.1","0.0","1.2","-0.5","0.0","1.1","0.5","-2.1","0.7","0.5","-0.1","0.3","0.6","0.4","-2.3","1.1","2.2","-1.6","-2.0","-2.3","-1.9","4.6","1.3","1.5","0.0","5.1","3.7","4.4","1.3","0.8","-1.2","2.4","2.6","-1.7","3.0","5.4","2.2","-3.5","-0.03","0.00","0.22","0.06","0.05","0.08","0.03","-0.10","-0.16","-0.12","0.00","-0.01","-0.02","0.00","0.03","-0.12","0.02","0.01","-0.02","0.04","0.00","0.04","0.00","1.01","0.01","-0.09","0.01","-0.16","0.01","0.06","0.01","1.07","-0.01","0.15","0.08","0.26","0.11","0.11","-0.22","0.16","0.13","-0.07","0.23","0.10","0.05","-0.01","-0.03","0.00","-0.10","-0.02","-0.10","0.01","0.01","-0.02","0.10","0.00","0.04","-0.01","0.00","0.09","0.07","-0.18","0.03","0.03","-0.01","0.02","0.01","0.01","0.00","1.06","0.02","-0.21","-0.02","-0.20","-0.04","0.05","0.08","1.17","0.00","0.18","0.10","0.28","0.10","0.11","-0.11","0.12","0.13","-0.10","0.25","0.07","0.03","0.00"
"2025 NOV","102.4","102.5","99.2","87.3","100.5","97.1","105.7","99.0","103.2","99.9","108.8","99.2","112.4","98.9","101.4","102.2","103.4","107.6","98.3","108.7","102.9","102.1","97.9","0.2","-0.5","1.5","-1.1","2.1","1.3","-0.7","-1.2","0.1","0.7","0.1","-1.3","1.1","0.2","-0.4","0.8","-1.0","0.1","0.0","-0.1","1.1","-0.8","-1.9","1.1","1.5","1.9","0.8","0.8","7.2","2.8","-1.7","1.2","0.2","4.5","-1.3","4.7","1.7","0.4","-1.6","2.4","2.3","-1.0","2.3","6.3","0.6","-6.2","0.0","-0.5","-0.5","-2.1","-0.7","1.1","0.8","-1.3","0.1","0.5","0.7","0.0","0.5","0.8","0.4","-2.0","0.4","0.5","0.0","0.2","1.0","0.1","-4.6","1.1","1.9","-0.6","-2.0","-1.4","1.3","3.9","0.2","1.4","0.4","4.9","2.2","4.7","1.5","0.7","-1.6","2.5","2.4","-1.4","2.5","6.8","1.4","-5.0","0.20","0.00","0.19","-0.01","0.19","0.02","-0.01","-0.07","0.08","0.06","0.00","-0.04","0.07","0.02","-0.06","0.07","-0.05","0.01","0.00","-0.01","0.02","-0.01","0.00","1.10","0.01","0.24","0.01","0.07","0.13","0.03","-0.10","0.95","0.02","0.16","-0.04","0.30","0.13","0.06","-0.14","0.12","0.12","-0.06","0.20","0.08","0.01","-0.01","-0.02","0.00","-0.06","-0.02","-0.07","0.02","0.01","-0.08","0.12","0.05","0.02","0.00","0.03","0.06","0.05","-0.18","0.02","0.03","0.00","0.02","0.01","0.00","-0.01","1.08","0.01","-0.07","-0.02","-0.12","0.02","0.05","0.01","1.13","0.04","0.17","0.06","0.30","0.12","0.09","-0.14","0.12","0.13","-0.08","0.22","0.09","0.02","-0.01"
"2025 DEC","102.6","101.2","98.8","86.4","100.0","97.6","104.1","97.9","103.6","100.5","111.4","102.5","113.2","99.1","101.5","102.1","104.6","107.7","98.7","108.4","100.2","103.6","97.4","0.2","-1.3","-0.5","-1.0","-0.5","0.5","-1.5","-1.2","0.4","0.6","2.3","3.4","0.7","0.3","0.2","-0.1","1.2","0.0","0.4","-0.3","-2.6","1.4","-0.5","0.9","0.0","0.8","-1.2","0.3","3.3","3.0","-2.6","1.2","0.2","6.1","1.1","5.2","1.5","0.5","-3.1","2.4","2.1","-0.1","1.9","0.7","1.8","-5.3","0.2","-0.9","1.3","0.8","0.8","4.1","1.0","-2.8","0.2","0.1","0.9","0.6","1.1","0.5","0.2","-1.4","0.5","0.4","0.0","0.2","0.4","1.6","-5.4","1.0","1.2","0.7","0.1","-0.2","3.6","3.6","-1.4","1.2","0.1","5.0","0.9","4.7","1.5","0.6","-2.4","2.7","2.3","-0.8","2.3","4.9","1.9","-5.6","0.21","-0.01","-0.06","-0.01","-0.04","0.01","-0.02","-0.07","0.35","0.05","0.08","0.09","0.04","0.02","0.02","-0.01","0.06","0.00","0.02","-0.02","-0.04","0.02","0.00","0.89","0.00","0.11","-0.01","0.03","0.06","0.04","-0.15","0.93","0.02","0.21","0.03","0.33","0.11","0.07","-0.28","0.12","0.11","-0.01","0.17","0.01","0.03","-0.01","0.16","-0.01","0.17","0.01","0.07","0.07","0.01","-0.16","0.16","0.01","0.03","0.02","0.07","0.04","0.03","-0.12","0.03","0.02","0.00","0.02","0.01","0.02","-0.01","1.00","0.01","0.09","0.00","-0.02","0.07","0.04","-0.08","0.98","0.01","0.17","0.02","0.30","0.12","0.08","-0.21","0.13","0.12","-0.05","0.20","0.06","0.03","-0.01"
"2026 JAN","102.7","99.4","98.6","81.8","100.1","98.2","105.5","98.6","103.7","101.6","110.0","101.8","113.7","99.3","101.6","102.2","101.6","107.7","99.1","109.1","99.4","104.0","97.8","0.0","-1.7","-0.1","-5.3","0.1","0.7","1.4","0.7","0.0","1.1","-1.2","-0.6","0.4","0.2","0.0","0.1","-2.8","0.0","0.3","0.6","-0.8","0.4","0.4","0.9","-2.5","0.6","-9.1","1.2","2.2","2.7","-1.9","1.2","2.0","4.5","2.0","4.9","1.4","0.6","-1.7","-2.6","1.7","0.4","2.1","1.9","0.4","-3.4","0.4","-2.0","1.7","-1.4","1.7","4.4","0.2","-2.7","0.4","1.1","1.3","0.9","1.7","0.5","0.0","-0.3","-0.8","0.3","0.3","0.1","0.0","1.3","-4.4","1.0","-0.3","1.1","-3.3","0.7","4.2","2.8","-2.1","1.2","0.8","5.0","0.6","4.9","1.5","0.5","-2.2","0.7","2.0","-0.2","2.1","2.9","0.9","-5.0","0.03","-0.01","-0.02","-0.06","0.01","0.01","0.02","0.04","0.02","0.11","-0.05","-0.02","0.03","0.01","0.00","0.01","-0.15","0.00","0.02","0.06","-0.01","0.01","0.00","0.91","-0.02","0.08","-0.10","0.10","0.04","0.03","-0.11","0.96","0.20","0.16","0.05","0.32","0.11","0.09","-0.15","-0.13","0.09","0.02","0.18","0.03","0.01","0.00","0.36","-0.01","0.22","-0.01","0.15","0.08","0.00","-0.16","0.32","0.11","0.05","0.02","0.11","0.04","-0.01","-0.02","-0.04","0.02","0.02","0.01","0.00","0.02","-0.01","0.97","0.00","0.14","-0.04","0.07","0.08","0.03","-0.12","0.95","0.08","0.18","0.02","0.32","0.12","0.07","-0.19","0.04","0.11","-0.01","0.18","0.04","0.01","-0.01"
"2026 FEB","103.1","98.1","98.9","85.1","99.9","99.1","105.4","99.1","104.1","102.2","110.1","101.4","113.8","99.7","101.8","103.5","103.8","107.7","99.5","108.8","100.2","104.8","98.3","0.4","-1.4","0.3","4.0","-0.2","0.9","-0.2","0.5","0.5","0.6","0.1","-0.4","0.1","0.3","0.2","1.3","2.1","0.0","0.4","-0.2","0.9","0.8","0.5","1.0","-4.4","-0.5","-2.0","-0.8","0.5","1.6","-1.6","1.5","1.6","4.6","2.1","3.7","1.9","0.7","-0.3","-0.9","1.3","1.3","2.4","0.5","5.6","-2.3","0.5","-3.2","1.1","-2.0","1.1","3.6","-0.2","-1.9","0.6","1.5","1.6","1.8","1.7","0.7","0.1","0.5","-0.6","0.2","0.7","0.1","-2.1","2.3","-2.2","0.9","-2.3","0.3","-4.1","0.2","2.0","2.4","-2.0","1.3","1.3","5.0","1.7","4.6","1.6","0.6","-1.7","-0.4","1.7","0.5","2.1","1.0","2.6","-3.7","0.42","-0.01","0.04","0.04","-0.02","0.02","0.00","0.03","0.36","0.05","0.01","-0.01","0.01","0.03","0.03","0.11","0.11","0.00","0.02","-0.02","0.01","0.01","0.00","1.03","-0.03","-0.07","-0.02","-0.07","0.01","0.02","-0.10","1.22","0.16","0.16","0.06","0.24","0.15","0.10","-0.03","-0.05","0.07","0.07","0.20","0.01","0.08","0.00","0.50","-0.02","0.14","-0.02","0.10","0.07","0.00","-0.11","0.49","0.14","0.06","0.05","0.11","0.05","0.01","0.04","-0.03","0.01","0.04","0.01","-0.03","0.03","0.00","0.94","-0.02","0.04","-0.04","0.02","0.04","0.03","-0.12","1.04","0.13","0.18","0.05","0.30","0.13","0.08","-0.15","-0.02","0.09","0.03","0.18","0.01","0.04","0.00"
"2026 MAR","103.4","97.0","98.7","83.1","101.1","94.8","103.7","100.6","104.5","102.0","110.9","102.7","115.0","100.0","101.9","103.6","104.0","107.8","99.3","109.2","102.5","105.5","98.3","0.3","-1.2","-0.2","-2.3","1.2","-4.3","-1.6","1.5","0.3","-0.2","0.7","1.3","1.1","0.4","0.2","0.0","0.2","0.1","-0.1","0.4","2.2","0.7","0.1","1.2","-5.8","0.0","-3.9","1.2","-3.6","1.1","-0.3","1.5","0.3","4.7","1.5","4.0","2.6","0.9","-1.5","2.1","1.2","1.3","2.6","1.4","5.3","-2.7","0.6","-3.9","0.2","-4.5","0.8","0.6","-0.5","0.4","0.8","2.0","0.7","1.2","1.7","0.8","0.2","1.2","-1.0","0.1","0.9","0.4","-0.9","1.8","-0.2","1.0","-4.2","0.0","-5.0","0.5","-0.3","1.8","-1.3","1.4","1.3","4.6","1.8","4.2","2.0","0.7","-1.2","-0.5","1.4","1.0","2.3","1.2","3.7","-2.8","0.30","-0.01","-0.03","-0.02","0.10","-0.08","-0.02","0.09","0.25","-0.02","0.03","0.04","0.07","0.03","0.02","0.00","0.01","0.00","-0.01","0.03","0.03","0.01","0.00","1.18","-0.04","0.01","-0.04","0.10","-0.07","0.01","-0.02","1.24","0.03","0.17","0.04","0.27","0.20","0.12","-0.13","0.10","0.06","0.07","0.22","0.02","0.08","0.00","0.63","-0.03","0.02","-0.05","0.07","0.01","-0.01","0.02","0.61","0.19","0.02","0.03","0.11","0.06","0.03","0.10","-0.05","0.01","0.05","0.03","-0.01","0.03","0.00","1.04","-0.03","0.01","-0.05","0.04","-0.01","0.02","-0.07","1.14","0.13","0.16","0.05","0.28","0.15","0.10","-0.10","-0.03","0.07","0.06","0.20","0.02","0.05","0.00"
"2026 APR","103.3","96.1","98.7","85.2","101.5","91.8","103.2","100.6","104.3","101.5","112.5","103.2","116.3","99.9","102.0","103.3","101.7","107.9","99.2","109.0","98.1","105.6","97.9","-0.1","-0.9","0.0","2.5","0.4","-3.2","-0.5","0.1","-0.2","-0.4","1.4","0.5","1.1","-0.1","0.0","-0.3","-2.2","0.1","-0.1","-0.2","-4.3","0.1","-0.5","1.2","-7.1","-0.2","-4.7","1.0","-1.9","-2.3","-1.0","1.7","1.7","5.5","1.2","6.6","2.6","1.1","-0.3","-1.8","1.4","0.7","1.7","-1.0","3.0","-4.3","0.7","-3.9","-0.1","-0.8","0.6","-2.4","-1.0","1.6","0.8","1.2","1.0","1.3","1.7","0.8","0.4","1.3","0.0","0.1","0.6","0.3","-0.5","2.0","0.5","1.1","-5.8","-0.2","-3.5","0.5","-1.7","0.1","-1.0","1.6","1.2","5.0","1.6","4.8","2.4","0.9","-0.7","-0.3","1.3","1.1","2.2","0.3","4.6","-3.1","-0.13","-0.01","0.00","0.03","0.04","-0.06","-0.01","0.00","-0.12","-0.04","0.05","0.01","0.07","-0.01","0.01","-0.03","-0.11","0.00","-0.01","-0.02","-0.06","0.00","0.00","1.21","-0.05","-0.03","-0.05","0.09","-0.04","-0.03","-0.06","1.35","0.17","0.20","0.03","0.43","0.21","0.15","-0.03","-0.09","0.07","0.04","0.15","-0.01","0.04","0.00","0.68","-0.03","-0.01","-0.01","0.06","-0.05","-0.01","0.09","0.62","0.12","0.04","0.03","0.12","0.06","0.06","0.11","0.00","0.01","0.04","0.03","-0.01","0.03","0.00","1.14","-0.04","-0.03","-0.04","0.04","-0.03","0.00","-0.06","1.27","0.12","0.17","0.04","0.31","0.19","0.12","-0.06","-0.01","0.07","0.06","0.19","0.00","0.07","0.00"
